-- phpMyAdmin SQL Dump
-- version 4.6.6
-- https://www.phpmyadmin.net/
--
-- Host: localhost:3306
-- Generation Time: Apr 15, 2017 at 01:59 AM
-- Server version: 5.6.35
-- PHP Version: 5.6.30

SET FOREIGN_KEY_CHECKS = 0;
SET SQL_MODE = "NO_AUTO_VALUE_ON_ZERO";
SET time_zone = "+00:00";

/*!40101 SET @OLD_CHARACTER_SET_CLIENT=@@CHARACTER_SET_CLIENT */;
/*!40101 SET @OLD_CHARACTER_SET_RESULTS=@@CHARACTER_SET_RESULTS */;
/*!40101 SET @OLD_COLLATION_CONNECTION=@@COLLATION_CONNECTION */;
/*!40101 SET NAMES utf8mb4 */;

--
-- Database: `bbadvcom_b2bpos_pro`
--

-- --------------------------------------------------------

--
-- Table structure for table `absent_types`
--

DROP TABLE IF EXISTS `absent_types`;
CREATE TABLE `absent_types` (
  `id` tinyint(3) UNSIGNED NOT NULL,
  `name` varchar(255) DEFAULT NULL,
  `salary_deduction` smallint(4) DEFAULT NULL,
  `editable_deduction` tinyint(1) DEFAULT NULL,
  `created_at` timestamp NULL DEFAULT NULL,
  `updated_at` timestamp NULL DEFAULT NULL
) ENGINE=InnoDB DEFAULT CHARSET=utf8 ROW_FORMAT=DYNAMIC;

--
-- Dumping data for table `absent_types`
--

INSERT INTO `absent_types` (`id`, `name`, `salary_deduction`, `editable_deduction`, `created_at`, `updated_at`) VALUES
(1, 'غياب بإذن', 0, 0, NULL, NULL),
(2, 'غياب بدون إذن', 100, 0, NULL, NULL);

-- --------------------------------------------------------

--
-- Table structure for table `attendances`
--

DROP TABLE IF EXISTS `attendances`;
CREATE TABLE `attendances` (
  `id` int(11) UNSIGNED NOT NULL,
  `date` date DEFAULT NULL,
  `shift` tinyint(4) DEFAULT NULL,
  `check_in` timestamp NULL DEFAULT NULL,
  `check_out` timestamp NULL DEFAULT NULL,
  `absent_check` tinyint(1) DEFAULT NULL,
  `absent_type_id` tinyint(4) DEFAULT '1',
  `absent_deduction` double DEFAULT NULL,
  `salary_deduction` double DEFAULT NULL,
  `mokaf` double DEFAULT NULL,
  `notes` varchar(1000) DEFAULT NULL,
  `employee_id` int(11) DEFAULT NULL,
  `process_id` int(11) DEFAULT NULL,
  `created_at` timestamp NULL DEFAULT NULL,
  `updated_at` timestamp NULL DEFAULT NULL
) ENGINE=InnoDB DEFAULT CHARSET=utf8 ROW_FORMAT=DYNAMIC;

--
-- Dumping data for table `attendances`
--

INSERT INTO `attendances` (`id`, `date`, `shift`, `check_in`, `check_out`, `absent_check`, `absent_type_id`, `absent_deduction`, `salary_deduction`, `mokaf`, `notes`, `employee_id`, `process_id`, `created_at`, `updated_at`) VALUES
(1, '2017-03-01', 1, '2017-03-01 05:00:00', '2017-03-01 18:30:00', NULL, NULL, NULL, NULL, NULL, NULL, 4, 7, '2017-03-16 15:31:25', '2017-03-16 15:31:48'),
(2, NULL, NULL, NULL, NULL, NULL, 1, NULL, NULL, NULL, NULL, NULL, NULL, '2017-03-16 15:31:25', '2017-03-16 15:31:25'),
(3, '2017-03-02', 1, '2017-03-02 08:00:00', '2017-03-02 22:00:00', NULL, NULL, NULL, NULL, NULL, NULL, 4, 6, '2017-03-16 15:32:08', '2017-03-16 15:32:37'),
(4, '2017-03-03', 1, '2017-03-03 05:00:00', '2017-03-04 01:00:00', NULL, NULL, NULL, NULL, NULL, NULL, 4, 7, '2017-03-16 15:33:08', '2017-03-16 15:33:30'),
(5, '2017-03-04', 1, '2017-03-04 10:00:00', '2017-03-04 22:00:00', NULL, NULL, NULL, NULL, NULL, NULL, 4, 2, '2017-03-16 15:34:06', '2017-03-16 15:34:27'),
(6, '2017-03-05', 1, '2017-03-05 05:00:00', '2017-03-05 22:00:00', NULL, NULL, NULL, NULL, NULL, NULL, 4, 2, '2017-03-16 15:35:06', '2017-03-16 15:35:41'),
(7, '2017-03-06', 1, '2017-03-06 10:00:00', '2017-03-06 22:00:00', NULL, NULL, NULL, NULL, NULL, NULL, 4, 3, '2017-03-16 15:36:03', '2017-03-16 15:36:22'),
(8, '2017-03-07', 1, '2017-03-07 08:00:00', '2017-03-07 20:30:00', NULL, NULL, NULL, NULL, NULL, NULL, 4, 3, '2017-03-16 15:36:52', '2017-03-16 15:37:17'),
(9, '2017-03-08', NULL, NULL, NULL, 1, 1, NULL, NULL, NULL, NULL, 4, -1, '2017-03-16 15:37:48', '2017-03-16 15:37:48'),
(10, '2017-03-09', NULL, NULL, NULL, 1, 1, NULL, NULL, NULL, NULL, 4, -1, '2017-03-16 15:38:02', '2017-03-16 15:52:00'),
(11, '2017-03-10', NULL, NULL, NULL, 1, 1, NULL, NULL, NULL, NULL, 4, -1, '2017-03-16 15:38:21', '2017-03-16 15:38:21'),
(12, '2017-03-11', 1, '2017-03-11 08:30:00', '2017-03-11 21:30:00', NULL, NULL, NULL, NULL, NULL, NULL, 4, 4, '2017-03-16 15:39:36', '2017-03-16 15:39:37'),
(13, '2017-03-12', 1, '2017-03-12 08:15:00', '2017-03-12 23:00:00', NULL, NULL, NULL, NULL, NULL, NULL, 4, 5, '2017-03-16 15:40:15', '2017-03-16 15:40:43'),
(14, '2017-03-13', 1, '2017-03-13 08:30:00', '2017-03-14 02:00:00', NULL, NULL, NULL, NULL, NULL, NULL, 4, 7, '2017-03-16 15:41:12', '2017-03-16 15:41:34'),
(15, '2017-03-14', 1, '2017-03-14 10:00:00', '2017-03-14 21:00:00', NULL, NULL, NULL, NULL, NULL, NULL, 4, 5, '2017-03-16 15:41:59', '2017-03-16 15:42:23'),
(16, '2017-03-15', 1, '2017-03-15 08:00:00', '2017-03-15 18:30:00', NULL, NULL, NULL, NULL, NULL, NULL, 4, 5, '2017-03-16 15:43:14', '2017-03-16 15:43:35'),
(17, '2017-03-16', 1, '2017-03-16 08:00:00', '2017-03-16 19:30:00', NULL, NULL, NULL, NULL, NULL, NULL, 4, 1, '2017-03-16 15:44:02', '2017-03-18 10:59:38'),
(18, '2017-03-01', 1, '2017-03-01 05:00:00', '2017-03-01 16:30:00', NULL, NULL, NULL, NULL, NULL, NULL, 5, 7, '2017-03-16 15:44:56', '2017-03-16 15:45:30'),
(19, '2017-03-02', 1, '2017-03-02 08:00:00', '2017-03-02 22:00:00', NULL, NULL, NULL, NULL, NULL, NULL, 5, 7, '2017-03-16 15:45:58', '2017-03-16 15:46:21'),
(20, '2017-03-03', NULL, NULL, NULL, 1, 1, NULL, NULL, NULL, NULL, 5, -1, '2017-03-16 15:46:41', '2017-03-16 15:46:41'),
(21, '2017-03-04', 1, '2017-03-04 08:00:00', '2017-03-04 22:00:00', NULL, NULL, NULL, NULL, NULL, NULL, 5, 6, '2017-03-16 15:47:37', '2017-03-16 15:47:50'),
(22, '2017-03-05', 1, '2017-03-05 08:00:00', '2017-03-05 22:00:00', NULL, NULL, NULL, NULL, NULL, NULL, 5, 3, '2017-03-16 15:48:22', '2017-03-16 15:48:50'),
(23, '2017-03-06', 1, '2017-03-06 09:30:00', '2017-03-06 22:00:00', NULL, NULL, NULL, NULL, NULL, NULL, 5, 2, '2017-03-16 15:49:18', '2017-03-16 15:49:50'),
(24, '2017-03-07', 1, '2017-03-07 08:00:00', '2017-03-07 20:30:00', NULL, NULL, NULL, NULL, NULL, NULL, 5, 4, '2017-03-16 15:50:13', '2017-03-16 15:50:38'),
(25, '2017-03-08', 1, '2017-03-08 08:00:00', '2017-03-09 02:30:00', NULL, NULL, NULL, NULL, NULL, NULL, 5, 7, '2017-03-16 15:51:06', '2017-03-16 15:51:35'),
(26, '2017-03-10', NULL, NULL, NULL, 1, 1, NULL, NULL, NULL, NULL, 5, -1, '2017-03-16 15:52:11', '2017-03-16 15:52:12'),
(27, '2017-03-11', 1, '2017-03-11 11:10:00', '2017-03-11 18:00:00', NULL, NULL, NULL, 80, NULL, 'خصم يوم كامل 10 ساعات   أ / بيشوى', 5, 1, '2017-03-16 15:53:51', '2017-03-16 15:53:51'),
(28, '2017-03-12', 1, '2017-03-12 09:00:00', '2017-03-12 22:00:00', NULL, NULL, NULL, NULL, NULL, NULL, 5, 1, '2017-03-16 15:55:04', '2017-03-16 15:55:50'),
(29, '2017-03-13', 1, '2017-03-13 11:00:00', '2017-03-14 01:30:00', NULL, NULL, NULL, NULL, NULL, NULL, 5, 5, '2017-03-16 15:56:15', '2017-03-16 15:56:42'),
(30, '2017-03-14', 1, '2017-03-14 10:00:00', '2017-03-14 20:00:00', NULL, NULL, NULL, NULL, NULL, NULL, 5, 1, '2017-03-16 15:57:13', '2017-03-16 15:57:47'),
(31, '2017-03-15', 1, '2017-03-15 08:45:00', '2017-03-15 18:30:00', NULL, NULL, NULL, NULL, NULL, NULL, 5, 5, '2017-03-16 15:58:29', '2017-03-16 15:59:12'),
(32, '2017-03-01', 1, '2017-03-01 07:00:00', '2017-03-01 18:30:00', NULL, NULL, NULL, NULL, NULL, NULL, 6, 1, '2017-03-16 16:00:10', '2017-03-16 16:01:23'),
(33, '2017-03-02', NULL, NULL, NULL, 1, 1, NULL, NULL, NULL, NULL, 6, -1, '2017-03-16 16:01:51', '2017-03-16 16:01:51'),
(34, '2017-03-03', NULL, NULL, NULL, 1, 1, NULL, NULL, NULL, NULL, 6, -1, '2017-03-16 16:02:05', '2017-03-16 16:02:05'),
(35, '2017-03-04', 1, '2017-03-04 08:40:00', '2017-03-04 18:20:00', NULL, NULL, NULL, NULL, NULL, NULL, 6, 7, '2017-03-16 16:02:47', '2017-03-16 16:02:47'),
(36, '2017-03-05', 1, '2017-03-05 08:10:00', '2017-03-05 18:00:00', NULL, NULL, NULL, NULL, NULL, NULL, 6, 4, '2017-03-16 16:03:26', '2017-03-16 16:03:50'),
(37, '2017-03-06', 1, '2017-03-06 08:15:00', '2017-03-06 22:30:00', NULL, NULL, NULL, NULL, NULL, NULL, 6, 7, '2017-03-16 16:04:49', '2017-03-16 16:05:20'),
(38, '2017-03-07', 1, '2017-03-07 09:00:00', '2017-03-07 20:30:00', NULL, NULL, NULL, NULL, NULL, NULL, 6, 1, '2017-03-16 16:06:09', '2017-03-16 16:06:49'),
(39, '2017-03-08', 1, '2017-03-08 08:15:00', '2017-03-09 03:00:00', NULL, NULL, NULL, NULL, NULL, NULL, 6, 2, '2017-03-16 16:07:30', '2017-03-16 16:07:57'),
(40, '2017-03-09', 1, '2017-03-09 13:00:00', '2017-03-09 20:00:00', NULL, NULL, NULL, NULL, NULL, NULL, 6, 5, '2017-03-16 16:21:13', '2017-03-16 16:21:40'),
(41, '2017-03-10', NULL, NULL, NULL, 1, 1, NULL, NULL, NULL, NULL, 6, -1, '2017-03-16 16:23:15', '2017-03-16 16:23:16'),
(42, '2017-03-16', 1, '2017-03-16 10:00:00', '2017-03-16 18:00:00', NULL, NULL, NULL, NULL, NULL, NULL, 5, 6, '2017-03-18 10:06:24', '2017-03-18 10:06:59'),
(43, '2017-03-17', NULL, NULL, NULL, 1, 1, NULL, NULL, NULL, NULL, 5, -1, '2017-03-18 10:07:33', '2017-03-18 10:07:33'),
(44, '2017-03-11', NULL, NULL, NULL, 1, 2, NULL, NULL, NULL, 'غياب بسبب عدم الرد على التليفون وعدم متابعة بتاع الكاوتش', 6, -1, '2017-03-18 10:55:46', '2017-03-18 10:55:46'),
(45, '2017-03-12', NULL, NULL, NULL, 1, 1, NULL, NULL, NULL, NULL, 6, -1, '2017-03-18 10:56:05', '2017-03-18 10:56:05'),
(46, '2017-03-13', NULL, NULL, NULL, 1, 1, NULL, NULL, NULL, NULL, 6, -1, '2017-03-18 10:56:19', '2017-03-18 10:56:19'),
(47, '2017-03-14', NULL, NULL, NULL, 1, 1, NULL, NULL, NULL, NULL, 6, -1, '2017-03-18 10:56:32', '2017-03-18 10:56:32'),
(48, '2017-03-15', NULL, NULL, NULL, 1, 1, NULL, NULL, NULL, NULL, 6, -1, '2017-03-18 10:56:48', '2017-03-18 10:56:48'),
(49, '2017-03-16', 1, '2017-03-16 09:30:00', '2017-03-16 19:30:00', NULL, NULL, NULL, NULL, NULL, NULL, 6, 7, '2017-03-18 10:58:11', '2017-03-18 10:58:11'),
(50, '2017-03-17', NULL, NULL, NULL, 1, 1, NULL, NULL, NULL, NULL, 6, -1, '2017-03-18 10:58:33', '2017-03-18 10:58:33'),
(51, '2017-03-17', NULL, NULL, NULL, 1, 1, NULL, NULL, NULL, NULL, 4, -1, '2017-03-18 11:00:03', '2017-03-18 11:00:03'),
(52, '2017-03-01', 1, '2017-03-01 05:00:00', '2017-03-01 18:00:00', NULL, NULL, NULL, NULL, NULL, NULL, 7, 3, '2017-03-18 11:01:05', '2017-03-18 11:01:34'),
(53, '2017-03-02', 1, '2017-03-02 08:00:00', '2017-03-02 22:00:00', NULL, NULL, NULL, NULL, NULL, NULL, 7, 7, '2017-03-18 11:02:07', '2017-03-18 11:02:44'),
(54, '2017-03-03', 1, '2017-03-03 05:00:00', '2017-03-04 01:00:00', NULL, NULL, NULL, NULL, NULL, NULL, 7, 4, '2017-03-18 11:03:10', '2017-03-18 11:03:38'),
(55, '2017-03-04', 1, '2017-03-04 09:30:00', '2017-03-04 22:00:00', NULL, NULL, NULL, NULL, NULL, NULL, 7, 1, '2017-03-18 11:04:13', '2017-03-18 11:04:34'),
(56, '2017-03-05', 1, '2017-03-05 06:30:00', '2017-03-05 22:00:00', NULL, NULL, NULL, NULL, NULL, NULL, 7, 1, '2017-03-18 11:05:00', '2017-03-18 11:05:19'),
(57, '2017-03-06', 1, '2017-03-06 06:30:00', '2017-03-06 22:00:00', NULL, NULL, NULL, NULL, NULL, NULL, 7, 1, '2017-03-18 11:05:40', '2017-03-18 11:05:57'),
(58, '2017-03-07', 1, '2017-03-07 08:00:00', '2017-03-07 22:00:00', NULL, NULL, NULL, NULL, NULL, NULL, 7, 9, '2017-03-18 11:07:00', '2017-03-18 11:07:20'),
(59, '2017-03-08', 1, '2017-03-07 23:30:00', '2017-03-09 03:00:00', NULL, 0, 0, 40, NULL, 'تأخير بسبب ذهابة عند اخته', 7, 10, '2017-03-18 11:08:25', '2017-03-29 08:57:43'),
(60, '2017-03-09', 1, '2017-03-09 13:00:00', '2017-03-09 20:00:00', NULL, NULL, NULL, NULL, NULL, NULL, 7, 1, '2017-03-18 11:09:18', '2017-03-18 11:10:19'),
(61, '2017-03-10', NULL, NULL, NULL, 1, 1, NULL, NULL, NULL, NULL, 7, -1, '2017-03-18 11:11:02', '2017-03-18 11:11:02'),
(62, '2017-03-11', 1, '2017-03-11 08:20:00', '2017-03-11 21:00:00', NULL, NULL, NULL, NULL, NULL, NULL, 7, 1, '2017-03-18 11:11:49', '2017-03-18 11:11:49'),
(63, '2017-03-12', 1, '2017-03-12 08:00:00', '2017-03-12 22:00:00', NULL, NULL, NULL, NULL, NULL, NULL, 7, 1, '2017-03-18 11:12:08', '2017-03-18 11:12:28'),
(64, '2017-03-13', 1, '2017-03-13 10:00:00', '2017-03-14 01:30:00', NULL, NULL, NULL, NULL, NULL, NULL, 7, 5, '2017-03-18 11:12:52', '2017-03-18 11:13:30'),
(65, '2017-03-14', 1, '2017-03-14 10:00:00', '2017-03-14 19:30:00', NULL, NULL, NULL, NULL, NULL, NULL, 7, 5, '2017-03-18 11:13:54', '2017-03-18 11:14:15'),
(66, '2017-03-15', 1, '2017-03-15 09:00:00', '2017-03-15 18:30:00', NULL, NULL, NULL, NULL, NULL, NULL, 7, 1, '2017-03-18 11:14:49', '2017-03-18 11:15:14'),
(67, '2017-03-16', 1, '2017-03-16 08:55:00', '2017-03-16 12:00:00', NULL, NULL, NULL, NULL, NULL, NULL, 7, 6, '2017-03-18 11:15:51', '2017-03-18 11:16:13'),
(68, '2017-03-01', 1, '2017-03-01 05:00:00', '2017-03-01 18:30:00', NULL, NULL, NULL, NULL, NULL, NULL, 8, 6, '2017-03-18 11:17:06', '2017-03-18 11:17:26'),
(69, '2017-03-02', 1, '2017-03-02 08:00:00', '2017-03-02 22:00:00', NULL, NULL, NULL, NULL, NULL, NULL, 8, 7, '2017-03-18 11:17:48', '2017-03-18 11:18:12'),
(70, '2017-03-03', 1, '2017-03-03 05:00:00', '2017-03-04 01:00:00', NULL, NULL, NULL, NULL, NULL, NULL, 8, 1, '2017-03-18 11:18:36', '2017-03-18 11:19:01'),
(71, '2017-03-04', 1, '2017-03-04 08:00:00', '2017-03-04 22:00:00', NULL, NULL, NULL, NULL, NULL, NULL, 8, 8, '2017-03-18 11:19:26', '2017-03-18 11:19:48'),
(72, '2017-03-05', 1, '2017-03-05 05:00:00', '2017-03-05 22:00:00', NULL, NULL, NULL, NULL, NULL, NULL, 8, 5, '2017-03-18 11:20:17', '2017-03-18 11:20:33'),
(73, '2017-03-06', 1, '2017-03-06 06:00:00', '2017-03-06 22:30:00', NULL, 0, 0, NULL, NULL, NULL, 8, 1, '2017-03-18 11:20:56', '2017-03-18 11:43:14'),
(74, '2017-03-01', 1, '2017-03-01 08:00:00', '2017-03-01 18:30:00', NULL, NULL, NULL, NULL, NULL, NULL, 11, NULL, '2017-03-18 11:24:12', '2017-03-18 11:24:35'),
(75, '2017-03-02', 1, '2017-03-02 06:00:00', '2017-03-02 19:30:00', NULL, NULL, NULL, NULL, NULL, NULL, 11, NULL, '2017-03-18 11:25:13', '2017-03-18 11:25:42'),
(76, '2017-03-03', NULL, NULL, NULL, 1, 1, NULL, NULL, NULL, NULL, 11, -1, '2017-03-18 11:26:03', '2017-03-18 11:26:03'),
(77, '2017-03-04', 1, '2017-03-04 08:00:00', '2017-03-04 18:20:00', NULL, NULL, NULL, NULL, NULL, NULL, 11, NULL, '2017-03-18 11:31:00', '2017-03-18 11:31:22'),
(78, NULL, NULL, NULL, NULL, NULL, 1, NULL, NULL, NULL, NULL, NULL, NULL, '2017-03-18 11:31:00', '2017-03-18 11:31:00'),
(79, '2017-03-05', 1, '2017-03-05 08:00:00', '2017-03-05 18:00:00', NULL, NULL, NULL, NULL, NULL, NULL, 11, NULL, '2017-03-18 11:31:55', '2017-03-18 11:32:11'),
(80, '2017-03-06', 1, '2017-03-06 08:00:00', '2017-03-06 19:00:00', NULL, NULL, NULL, NULL, NULL, NULL, 11, NULL, '2017-03-18 11:32:36', '2017-03-18 11:34:18'),
(82, '2017-03-07', 1, '2017-03-07 08:00:00', '2017-03-07 20:30:00', NULL, NULL, NULL, NULL, NULL, NULL, 11, NULL, '2017-03-18 11:34:35', '2017-03-18 11:34:57'),
(83, '2017-03-08', 1, '2017-03-08 08:00:00', '2017-03-08 19:00:00', NULL, NULL, NULL, NULL, NULL, NULL, 11, NULL, '2017-03-18 11:35:16', '2017-03-18 11:35:35'),
(84, '2017-03-09', 1, '2017-03-09 08:00:00', '2017-03-09 22:30:00', NULL, NULL, NULL, NULL, NULL, NULL, 11, NULL, '2017-03-18 11:35:54', '2017-03-18 11:36:27'),
(85, '2017-03-10', NULL, NULL, NULL, 1, 1, NULL, NULL, NULL, NULL, 11, -1, '2017-03-18 11:36:55', '2017-03-18 11:36:55'),
(86, '2017-03-11', 1, '2017-03-11 08:00:00', '2017-03-11 20:30:00', NULL, NULL, NULL, NULL, NULL, NULL, 11, NULL, '2017-03-18 11:37:22', '2017-03-18 11:37:22'),
(87, '2017-03-12', 1, '2017-03-12 08:00:00', '2017-03-12 19:30:00', NULL, NULL, NULL, NULL, NULL, NULL, 11, NULL, '2017-03-18 11:37:48', '2017-03-18 11:38:10'),
(88, '2017-03-13', 1, '2017-03-13 08:00:00', '2017-03-13 19:30:00', NULL, NULL, NULL, NULL, NULL, NULL, 11, NULL, '2017-03-18 11:38:29', '2017-03-18 11:39:03'),
(89, '2017-03-14', 1, '2017-03-14 08:00:00', '2017-03-14 20:00:00', NULL, NULL, NULL, NULL, NULL, NULL, 11, NULL, '2017-03-18 11:39:24', '2017-03-18 11:40:01'),
(90, '2017-03-15', 1, '2017-03-15 08:00:00', '2017-03-15 20:30:00', NULL, NULL, NULL, NULL, NULL, 'ذهاب الى صلاح الدين ومنزل أ / بيشوى بعد العمل', 11, NULL, '2017-03-18 11:40:20', '2017-03-18 11:41:23'),
(91, '2017-03-16', 1, '2017-03-16 06:45:00', '2017-03-16 19:30:00', NULL, NULL, NULL, NULL, NULL, NULL, 11, NULL, '2017-03-18 11:42:06', '2017-03-18 11:42:33'),
(92, '2017-03-07', 1, '2017-03-07 05:00:00', '2017-03-07 22:30:00', NULL, NULL, NULL, NULL, NULL, NULL, 8, 9, '2017-03-18 11:44:35', '2017-03-18 11:44:57'),
(93, '2017-03-08', 1, '2017-03-08 08:00:00', '2017-03-09 03:00:00', NULL, NULL, NULL, NULL, NULL, NULL, 8, 1, '2017-03-18 11:45:23', '2017-03-18 11:45:42'),
(94, '2017-03-09', 1, '2017-03-09 08:30:00', '2017-03-09 20:00:00', NULL, NULL, NULL, NULL, NULL, NULL, 8, 3, '2017-03-18 11:46:08', '2017-03-18 11:46:29'),
(95, '2017-03-10', NULL, NULL, NULL, 1, 1, NULL, NULL, NULL, NULL, 8, -1, '2017-03-18 11:46:50', '2017-03-18 11:46:50'),
(96, '2017-03-11', 1, '2017-03-11 08:00:00', '2017-03-11 21:30:00', NULL, NULL, NULL, NULL, NULL, NULL, 8, 5, '2017-03-18 11:47:22', '2017-03-18 11:47:23'),
(97, '2017-03-12', 1, '2017-03-12 08:00:00', '2017-03-12 23:00:00', NULL, NULL, NULL, NULL, NULL, NULL, 8, 1, '2017-03-18 11:47:46', '2017-03-18 11:48:09'),
(98, '2017-03-13', 1, '2017-03-13 09:00:00', '2017-03-14 02:00:00', NULL, NULL, NULL, NULL, NULL, NULL, 8, 1, '2017-03-18 11:48:41', '2017-03-18 11:49:02'),
(99, '2017-03-14', 1, '2017-03-14 08:00:00', '2017-03-14 21:00:00', NULL, NULL, NULL, NULL, NULL, NULL, 8, 2, '2017-03-18 11:49:21', '2017-03-18 11:49:42'),
(100, '2017-03-15', 1, '2017-03-15 08:00:00', '2017-03-15 18:30:00', NULL, NULL, NULL, NULL, NULL, NULL, 8, 5, '2017-03-18 11:50:03', '2017-03-18 11:50:21'),
(101, '2017-03-16', 1, '2017-03-16 08:00:00', '2017-03-16 18:00:00', NULL, NULL, NULL, NULL, NULL, NULL, 8, 1, '2017-03-18 11:50:44', '2017-03-18 11:51:02'),
(102, '2017-03-17', NULL, NULL, NULL, 1, 1, NULL, NULL, NULL, NULL, 8, -1, '2017-03-18 11:51:19', '2017-03-18 11:51:19'),
(103, '2017-03-18', 1, '2017-03-18 10:30:00', '2017-03-18 18:30:00', NULL, NULL, NULL, NULL, NULL, NULL, 5, 7, '2017-03-19 15:14:09', '2017-03-19 15:14:09'),
(104, NULL, NULL, NULL, NULL, NULL, 1, NULL, NULL, NULL, NULL, NULL, NULL, '2017-03-19 15:14:09', '2017-03-19 15:14:09'),
(105, '2017-03-18', 1, '2017-03-18 08:15:00', '2017-03-18 18:40:00', NULL, NULL, NULL, NULL, NULL, NULL, 6, 12, '2017-03-19 15:15:29', '2017-03-19 15:15:29'),
(106, '2017-03-18', 1, '2017-03-18 08:00:00', '2017-03-18 18:00:00', NULL, NULL, NULL, NULL, NULL, NULL, 8, 12, '2017-03-19 15:29:21', '2017-03-19 15:29:21'),
(107, '2017-03-18', 1, '2017-03-18 08:00:00', '2017-03-18 23:00:00', NULL, NULL, NULL, 25, NULL, 'خصم نص يوم  ( بدء العمل ببرنامج ال mass )', 11, NULL, '2017-03-19 15:32:05', '2017-03-19 15:32:05'),
(109, '2017-03-07', 1, '2017-03-07 05:00:00', '2017-03-07 22:30:00', NULL, NULL, NULL, NULL, NULL, NULL, 9, 1, '2017-03-19 15:35:56', '2017-03-19 15:36:22'),
(110, '2017-03-08', 1, '2017-03-08 08:00:00', '2017-03-08 20:00:00', NULL, NULL, NULL, NULL, NULL, NULL, 9, 10, '2017-03-19 15:36:54', '2017-03-19 15:37:13'),
(111, '2017-03-09', 1, '2017-03-09 08:00:00', '2017-03-09 20:00:00', NULL, NULL, NULL, NULL, NULL, NULL, 9, 1, '2017-03-19 15:37:41', '2017-03-19 15:38:09'),
(112, '2017-03-10', NULL, NULL, NULL, 1, 1, NULL, NULL, NULL, NULL, 9, -1, '2017-03-19 15:38:24', '2017-03-19 15:38:24'),
(113, '2017-03-11', 1, '2017-03-11 08:00:00', '2017-03-11 21:00:00', NULL, NULL, NULL, NULL, NULL, NULL, 9, 14, '2017-03-19 15:39:10', '2017-03-19 15:39:10'),
(114, '2017-03-12', 1, '2017-03-12 08:00:00', '2017-03-12 23:00:00', NULL, NULL, NULL, NULL, NULL, NULL, 9, 15, '2017-03-19 15:39:47', '2017-03-19 15:40:26'),
(115, '2017-03-13', 1, '2017-03-13 08:00:00', '2017-03-13 23:30:00', NULL, NULL, NULL, NULL, NULL, NULL, 9, 11, '2017-03-19 15:40:59', '2017-03-19 15:41:23'),
(116, '2017-03-14', 1, '2017-03-14 08:00:00', '2017-03-14 21:00:00', NULL, NULL, NULL, NULL, NULL, NULL, 9, 1, '2017-03-19 15:42:43', '2017-03-19 15:43:04'),
(117, '2017-03-15', 1, '2017-03-15 10:00:00', '2017-03-15 18:30:00', NULL, NULL, NULL, NULL, NULL, NULL, 9, 1, '2017-03-19 15:43:32', '2017-03-19 15:43:57'),
(118, '2017-03-16', 1, '2017-03-16 08:00:00', '2017-03-16 18:00:00', NULL, 0, 0, NULL, NULL, NULL, 9, 16, '2017-03-19 15:44:47', '2017-03-19 15:47:33'),
(119, '2017-03-17', NULL, NULL, NULL, 1, 1, NULL, NULL, NULL, NULL, 9, -1, '2017-03-19 15:48:08', '2017-03-19 15:48:08'),
(120, '2017-03-18', 1, '2017-03-18 08:00:00', '2017-03-18 20:00:00', NULL, NULL, NULL, NULL, NULL, NULL, 9, 7, '2017-03-19 15:49:53', '2017-03-19 15:49:53'),
(122, '2017-03-19', 1, '2017-03-19 08:00:00', '2017-03-19 20:45:00', NULL, NULL, NULL, NULL, NULL, NULL, 5, 17, '2017-03-19 15:51:01', '2017-03-20 06:15:25'),
(123, '2017-03-19', 1, '2017-03-19 08:30:00', '2017-03-19 18:00:00', NULL, NULL, NULL, NULL, NULL, NULL, 6, 7, '2017-03-19 15:52:22', '2017-03-19 17:59:30'),
(124, '2017-03-19', 1, '2017-03-19 08:00:00', '2017-03-19 21:30:00', NULL, NULL, NULL, NULL, NULL, NULL, 8, 7, '2017-03-19 15:52:55', '2017-03-20 06:15:04'),
(125, '2017-03-19', 1, '2017-03-19 08:00:00', '2017-03-19 21:30:00', NULL, 0, 0, NULL, NULL, NULL, 11, NULL, '2017-03-19 15:54:11', '2017-03-20 06:16:13'),
(126, '2017-03-18', 1, '2017-03-18 08:00:00', '2017-03-18 18:00:00', NULL, NULL, NULL, NULL, NULL, NULL, 12, 7, '2017-03-19 15:54:56', '2017-03-19 15:55:24'),
(127, '2017-03-19', 1, '2017-03-19 08:00:00', '2017-03-19 18:30:00', NULL, NULL, NULL, NULL, NULL, NULL, 12, 17, '2017-03-19 15:57:01', '2017-03-19 18:04:36'),
(128, '2017-03-19', 1, '2017-03-19 08:00:00', '2017-03-19 21:30:00', NULL, NULL, NULL, NULL, NULL, NULL, 9, 17, '2017-03-19 18:04:15', '2017-03-20 06:14:31'),
(132, '2017-03-20', 1, '2017-03-20 09:00:00', '2017-03-21 04:00:00', NULL, 0, 0, NULL, NULL, NULL, 6, NULL, '2017-03-20 07:41:18', '2017-03-22 09:17:54'),
(133, '2017-03-20', 1, '2017-03-20 08:00:00', '2017-03-21 04:30:00', NULL, NULL, NULL, NULL, NULL, NULL, 8, 7, '2017-03-20 07:49:51', '2017-03-21 16:53:29'),
(134, '2017-03-20', 1, '2017-03-20 08:00:00', '2017-03-21 04:00:00', NULL, NULL, NULL, NULL, NULL, NULL, 9, 7, '2017-03-20 07:50:16', '2017-03-21 16:53:59'),
(135, '2017-03-20', 1, '2017-03-20 08:00:00', '2017-03-20 18:30:00', NULL, NULL, NULL, NULL, NULL, NULL, 11, NULL, '2017-03-20 08:13:22', '2017-03-20 16:30:58'),
(136, '2017-03-20', 1, '2017-03-20 08:50:00', '2017-03-20 21:00:00', NULL, NULL, NULL, NULL, NULL, NULL, 12, 7, '2017-03-20 08:14:49', '2017-03-21 16:54:40'),
(138, '2017-03-20', 1, '2017-03-20 13:00:00', '2017-03-20 21:00:00', NULL, NULL, NULL, NULL, NULL, NULL, 5, 7, '2017-03-20 15:12:31', '2017-03-21 16:52:50'),
(139, '2017-03-18', 1, '2017-03-18 08:00:00', '2017-03-18 17:00:00', NULL, NULL, NULL, NULL, NULL, NULL, 4, 7, '2017-03-20 15:24:37', '2017-03-20 15:25:16'),
(140, NULL, NULL, NULL, NULL, NULL, 1, NULL, NULL, NULL, NULL, NULL, NULL, '2017-03-20 15:24:37', '2017-03-20 15:24:37'),
(141, '2017-03-21', 1, '2017-03-21 09:10:00', '2017-03-21 18:30:00', NULL, NULL, NULL, NULL, NULL, NULL, 12, 2, '2017-03-21 16:57:59', '2017-03-22 09:20:45'),
(142, '2017-03-21', 1, '2017-03-21 08:00:00', '2017-03-21 18:30:00', NULL, NULL, NULL, NULL, NULL, NULL, 11, NULL, '2017-03-21 16:58:17', '2017-03-22 09:22:51'),
(143, '2017-03-21', 1, '2017-03-21 09:35:00', '2017-03-21 21:20:00', NULL, NULL, NULL, NULL, NULL, NULL, 9, 9, '2017-03-21 16:58:53', '2017-03-22 09:20:12'),
(144, '2017-03-21', 1, '2017-03-21 08:00:00', '2017-03-21 21:20:00', NULL, NULL, NULL, NULL, NULL, NULL, 8, 9, '2017-03-21 16:59:31', '2017-03-22 09:19:38'),
(145, '2017-03-21', 1, '2017-03-21 09:50:00', '2017-03-21 18:30:00', NULL, NULL, NULL, NULL, NULL, NULL, 5, 2, '2017-03-21 17:00:13', '2017-03-22 09:19:02'),
(146, '2017-03-01', 1, '2017-03-01 08:00:00', '2017-03-01 18:00:00', NULL, NULL, NULL, NULL, NULL, NULL, 1, NULL, '2017-03-21 17:01:01', '2017-03-21 17:01:26'),
(147, '2017-03-02', 1, '2017-03-02 08:00:00', '2017-03-02 18:00:00', NULL, 0, 0, NULL, NULL, NULL, 1, 1, '2017-03-21 17:01:44', '2017-03-21 17:04:24'),
(148, '2017-03-03', NULL, NULL, NULL, 1, 1, NULL, NULL, NULL, NULL, 1, -1, '2017-03-21 17:05:03', '2017-03-21 17:05:03'),
(149, '2017-03-04', 1, '2017-03-04 08:00:00', '2017-03-04 18:00:00', NULL, 0, 0, NULL, NULL, NULL, 1, NULL, '2017-03-21 17:05:38', '2017-04-02 19:07:15'),
(150, '2017-03-05', 1, '2017-03-05 08:00:00', '2017-03-05 18:00:00', NULL, NULL, NULL, NULL, NULL, NULL, 1, NULL, '2017-03-21 17:06:10', '2017-03-21 17:06:32'),
(151, '2017-03-06', 1, '2017-03-06 08:00:00', '2017-03-06 18:00:00', NULL, NULL, NULL, NULL, NULL, NULL, 1, NULL, '2017-03-21 17:08:24', '2017-03-21 17:08:57'),
(152, '2017-03-07', 1, '2017-03-07 08:00:00', '2017-03-07 18:00:00', NULL, NULL, NULL, NULL, NULL, NULL, 1, NULL, '2017-03-21 17:09:31', '2017-03-21 17:09:51'),
(153, '2017-03-08', 1, '2017-03-08 08:00:00', '2017-03-08 18:00:00', NULL, NULL, NULL, NULL, NULL, NULL, 1, NULL, '2017-03-21 17:10:16', '2017-03-21 17:10:40'),
(154, '2017-03-09', 1, '2017-03-09 08:00:00', '2017-03-09 18:00:00', NULL, NULL, NULL, NULL, NULL, NULL, 1, NULL, '2017-03-21 17:10:57', '2017-03-21 17:11:16'),
(155, '2017-03-10', NULL, NULL, NULL, 1, 1, NULL, NULL, NULL, NULL, 1, -1, '2017-03-21 17:11:32', '2017-03-21 17:11:33'),
(156, '2017-03-11', 1, '2017-03-11 08:00:00', '2017-03-11 18:00:00', NULL, NULL, NULL, NULL, NULL, NULL, 1, NULL, '2017-03-21 17:12:29', '2017-03-21 17:12:29'),
(157, '2017-03-12', 1, '2017-03-12 08:00:00', '2017-03-12 18:00:00', NULL, NULL, NULL, NULL, NULL, NULL, 1, NULL, '2017-03-21 17:12:57', '2017-03-21 17:13:14'),
(158, '2017-03-13', 1, '2017-03-13 08:00:00', '2017-03-13 18:00:00', NULL, NULL, NULL, NULL, NULL, NULL, 1, NULL, '2017-03-21 17:13:48', '2017-03-21 17:14:14'),
(159, '2017-03-14', 1, '2017-03-14 08:00:00', '2017-03-14 18:00:00', NULL, NULL, NULL, NULL, NULL, NULL, 1, NULL, '2017-03-21 17:14:46', '2017-03-21 17:15:11'),
(160, '2017-03-15', 1, '2017-03-15 08:00:00', '2017-03-15 18:00:00', NULL, NULL, NULL, NULL, NULL, NULL, 1, NULL, '2017-03-21 17:15:49', '2017-03-21 17:16:46'),
(161, '2017-03-16', 1, '2017-03-16 08:00:00', '2017-03-16 18:00:00', NULL, NULL, NULL, NULL, NULL, NULL, 1, NULL, '2017-03-21 17:17:20', '2017-03-21 17:18:43'),
(162, '2017-03-17', NULL, NULL, NULL, 1, 1, NULL, NULL, NULL, NULL, 1, -1, '2017-03-21 17:19:06', '2017-03-21 17:19:06'),
(163, '2017-03-18', 1, '2017-03-18 08:00:00', '2017-03-18 18:00:00', NULL, NULL, NULL, NULL, NULL, NULL, 1, NULL, '2017-03-21 17:20:09', '2017-03-21 17:20:09'),
(164, NULL, NULL, NULL, NULL, NULL, 1, NULL, NULL, NULL, NULL, NULL, NULL, '2017-03-21 17:20:09', '2017-03-21 17:20:09'),
(165, '2017-03-22', 1, '2017-03-22 08:00:00', '2017-03-23 00:30:00', NULL, NULL, NULL, NULL, NULL, NULL, 9, 2, '2017-03-22 09:25:24', '2017-03-23 09:11:06'),
(166, '2017-03-22', 1, '2017-03-22 08:35:00', '2017-03-22 20:55:00', NULL, NULL, NULL, NULL, NULL, NULL, 11, NULL, '2017-03-22 09:26:21', '2017-03-23 08:58:45'),
(167, '2017-03-22', 1, '2017-03-22 09:05:00', '2017-03-23 00:30:00', NULL, NULL, NULL, NULL, NULL, NULL, 12, 2, '2017-03-22 09:26:46', '2017-03-23 09:11:29'),
(168, '2017-03-22', 1, '2017-03-22 08:30:00', '2017-03-22 23:30:00', NULL, 0, 0, NULL, NULL, NULL, 6, NULL, '2017-03-22 09:27:49', '2017-03-23 08:57:18'),
(169, '2017-03-23', 1, '2017-03-23 08:00:00', '2017-03-23 20:00:00', NULL, NULL, NULL, NULL, NULL, NULL, 6, 18, '2017-03-23 08:57:37', '2017-03-25 09:11:08'),
(170, '2017-03-23', 1, '2017-03-23 08:15:00', '2017-03-23 21:30:00', NULL, NULL, NULL, NULL, NULL, NULL, 11, NULL, '2017-03-23 08:59:09', '2017-03-25 09:15:05'),
(171, '2017-03-22', 1, '2017-03-22 09:30:00', '2017-03-23 00:30:00', NULL, NULL, NULL, NULL, NULL, NULL, 8, 11, '2017-03-23 09:09:32', '2017-03-23 09:10:42'),
(172, '2017-03-23', 1, '2017-03-23 08:00:00', '2017-03-23 22:00:00', NULL, NULL, NULL, NULL, NULL, NULL, 7, 11, '2017-03-23 09:12:08', '2017-03-25 09:13:45'),
(173, '2017-03-23', 1, '2017-03-23 07:00:00', '2017-03-23 18:00:00', NULL, NULL, NULL, NULL, NULL, NULL, 8, 11, '2017-03-23 09:12:32', '2017-03-25 09:14:17'),
(174, '2017-03-23', 1, '2017-03-23 07:00:00', '2017-03-23 23:30:00', NULL, NULL, NULL, NULL, NULL, NULL, 9, 11, '2017-03-23 09:12:57', '2017-03-25 09:15:37'),
(175, '2017-03-23', 1, '2017-03-23 11:30:00', '2017-03-23 23:00:00', NULL, 0, 0, NULL, NULL, NULL, 12, 11, '2017-03-25 09:16:28', '2017-03-25 09:17:38'),
(177, '2017-03-24', NULL, NULL, NULL, 1, 1, NULL, NULL, NULL, NULL, 6, NULL, '2017-03-25 09:18:12', '2017-03-25 09:18:12'),
(178, '2017-03-24', NULL, NULL, NULL, 1, 1, NULL, NULL, NULL, NULL, 7, -1, '2017-03-25 09:18:26', '2017-03-25 09:18:26'),
(179, '2017-03-24', NULL, NULL, NULL, 1, 1, NULL, NULL, NULL, NULL, 8, -1, '2017-03-25 09:18:38', '2017-03-25 09:18:38'),
(180, '2017-03-24', NULL, NULL, NULL, 1, 1, NULL, NULL, NULL, NULL, 9, -1, '2017-03-25 09:18:49', '2017-03-25 09:18:50'),
(181, '2017-03-24', NULL, NULL, NULL, 1, 1, NULL, NULL, NULL, NULL, 11, -1, '2017-03-25 09:19:01', '2017-03-25 09:19:01'),
(182, '2017-03-24', NULL, NULL, NULL, 1, 1, NULL, NULL, NULL, NULL, 12, -1, '2017-03-25 09:19:11', '2017-03-25 09:19:11'),
(183, '2017-03-25', 1, '2017-03-25 08:15:00', '2017-03-25 08:15:00', NULL, 0, 0, NULL, NULL, NULL, 5, 15, '2017-03-25 09:20:28', '2017-04-06 11:38:25'),
(184, '2017-03-25', 1, '2017-03-25 08:20:00', '2017-03-25 23:00:00', NULL, NULL, NULL, NULL, NULL, NULL, 6, 15, '2017-03-25 09:21:04', '2017-03-26 10:39:03'),
(185, '2017-03-25', 1, '2017-03-25 08:15:00', '2017-03-25 22:35:00', NULL, NULL, NULL, NULL, NULL, NULL, 7, 15, '2017-03-25 09:21:40', '2017-03-26 10:23:03'),
(186, '2017-03-25', 1, '2017-03-25 08:00:00', '2017-03-26 00:40:00', NULL, NULL, NULL, NULL, NULL, NULL, 8, 7, '2017-03-25 09:22:15', '2017-03-26 08:40:44'),
(187, '2017-03-25', 1, '2017-03-25 08:00:00', '2017-03-26 01:10:00', NULL, NULL, NULL, NULL, NULL, NULL, 9, 15, '2017-03-25 09:22:37', '2017-03-26 09:00:41'),
(188, '2017-03-25', 1, '2017-03-25 08:50:00', '2017-03-25 23:40:00', NULL, 0, 0, NULL, NULL, NULL, 12, 15, '2017-03-25 09:23:02', '2017-03-26 09:02:03'),
(189, '2017-03-25', 1, '2017-03-25 08:00:00', '2017-03-25 08:00:00', NULL, NULL, NULL, NULL, NULL, NULL, 11, NULL, '2017-03-25 10:32:24', '2017-03-25 10:32:24'),
(190, '2017-03-19', 1, '2017-03-19 08:00:00', '2017-03-19 18:00:00', NULL, 0, 0, NULL, NULL, NULL, 1, NULL, '2017-03-26 10:50:04', '2017-03-26 10:50:58'),
(191, '2017-03-20', 1, '2017-03-20 08:00:00', '2017-03-20 18:00:00', NULL, NULL, NULL, NULL, NULL, NULL, 1, NULL, '2017-03-26 10:51:17', '2017-03-26 10:51:33'),
(192, '2017-03-21', 1, '2017-03-21 08:00:00', '2017-03-21 18:00:00', NULL, NULL, NULL, NULL, NULL, NULL, 1, NULL, '2017-03-26 10:52:34', '2017-03-26 10:52:53'),
(193, '2017-03-22', 1, '2017-03-22 08:00:00', '2017-03-22 18:00:00', NULL, NULL, NULL, NULL, NULL, NULL, 1, NULL, '2017-03-26 10:53:20', '2017-03-26 10:53:37'),
(194, '2017-03-23', 1, '2017-03-23 08:00:00', '2017-03-23 18:00:00', NULL, NULL, NULL, NULL, NULL, NULL, 1, NULL, '2017-03-26 10:54:05', '2017-03-26 10:54:26'),
(195, '2017-03-24', NULL, NULL, NULL, 1, 1, NULL, NULL, NULL, NULL, 1, -1, '2017-03-26 10:57:44', '2017-03-26 10:57:44'),
(196, '2017-03-25', 1, '2017-03-25 08:00:00', '2017-03-25 18:00:00', NULL, NULL, NULL, NULL, NULL, NULL, 1, NULL, '2017-03-26 10:58:10', '2017-03-26 10:58:10'),
(197, '2017-03-26', 1, '2017-03-26 10:30:00', '2017-03-26 22:00:00', NULL, NULL, NULL, NULL, NULL, NULL, 6, 18, '2017-03-26 14:58:17', '2017-03-27 08:50:53'),
(198, '2017-03-26', 1, '2017-03-26 09:00:00', '2017-03-26 22:00:00', NULL, NULL, NULL, NULL, NULL, NULL, 7, 18, '2017-03-26 15:33:00', '2017-03-27 08:49:24'),
(199, '2017-03-26', 1, '2017-03-26 08:00:00', '2017-03-26 20:00:00', NULL, NULL, NULL, NULL, NULL, NULL, 8, 3, '2017-03-26 15:33:16', '2017-03-27 08:48:46'),
(200, '2017-03-26', 1, '2017-03-26 08:00:00', '2017-03-26 23:30:00', NULL, NULL, NULL, NULL, NULL, NULL, 9, 3, '2017-03-26 15:33:37', '2017-03-27 08:54:32'),
(201, '2017-03-26', 1, '2017-03-26 08:00:00', '2017-03-26 22:00:00', NULL, NULL, NULL, NULL, NULL, NULL, 11, NULL, '2017-03-26 15:33:59', '2017-03-27 08:43:12'),
(202, '2017-03-26', 1, '2017-03-26 10:45:00', '2017-03-26 22:00:00', NULL, 0, 0, NULL, NULL, NULL, 12, 3, '2017-03-26 15:34:18', '2017-03-27 08:56:22'),
(203, '2017-03-26', 1, '2017-03-26 12:30:00', '2017-03-26 23:30:00', NULL, 0, 0, NULL, NULL, NULL, 5, 18, '2017-03-28 09:29:17', '2017-03-28 09:30:32'),
(204, '2017-03-27', 1, '2017-03-27 13:00:00', '2017-03-27 21:00:00', NULL, NULL, NULL, NULL, NULL, NULL, 5, 3, '2017-03-28 09:32:45', '2017-03-28 09:58:09'),
(205, '2017-03-27', 1, '2017-03-27 08:15:00', '2017-03-27 18:45:00', NULL, NULL, NULL, NULL, NULL, NULL, 6, 19, '2017-03-28 09:49:34', '2017-03-28 09:58:30'),
(206, '2017-03-27', 1, '2017-03-27 09:05:00', '2017-03-27 22:00:00', NULL, 0, 0, NULL, NULL, NULL, 7, 2, '2017-03-28 09:50:10', '2017-03-28 09:58:58'),
(207, '2017-03-27', 1, '2017-03-27 08:00:00', '2017-03-27 21:00:00', NULL, NULL, NULL, NULL, NULL, NULL, 9, 3, '2017-03-28 09:51:05', '2017-03-28 09:59:39'),
(208, '2017-03-27', 1, '2017-03-27 08:00:00', '2017-03-27 19:30:00', NULL, NULL, NULL, NULL, NULL, NULL, 11, NULL, '2017-03-28 09:51:47', '2017-03-28 10:00:17'),
(209, '2017-03-27', 1, '2017-03-27 08:45:00', '2017-03-27 20:00:00', NULL, 0, 0, NULL, NULL, NULL, 12, 3, '2017-03-28 09:52:24', '2017-03-28 17:40:28'),
(210, '2017-03-27', 1, '2017-03-27 08:00:00', '2017-03-27 18:00:00', NULL, NULL, NULL, NULL, NULL, NULL, 8, 3, '2017-03-28 09:57:36', '2017-03-28 09:59:17'),
(211, '2017-03-05', 1, '2017-03-05 13:00:00', '2017-03-05 19:00:00', NULL, NULL, NULL, NULL, NULL, NULL, 10, 1, '2017-03-28 17:05:01', '2017-03-28 17:05:21'),
(212, '2017-03-06', 1, '2017-03-06 08:00:00', '2017-03-06 22:30:00', NULL, NULL, NULL, NULL, NULL, NULL, 10, 1, '2017-03-28 17:05:47', '2017-03-28 17:06:06'),
(213, '2017-03-07', 1, '2017-03-07 05:00:00', '2017-03-07 22:30:00', NULL, NULL, NULL, NULL, NULL, NULL, 10, 1, '2017-03-28 17:06:29', '2017-03-28 17:07:22'),
(214, '2017-03-08', 1, '2017-03-08 08:00:00', '2017-03-09 03:00:00', NULL, NULL, NULL, NULL, NULL, NULL, 10, 1, '2017-03-28 17:07:46', '2017-03-28 17:08:12'),
(215, '2017-03-02', 1, '2017-03-09 09:30:00', '2017-03-09 20:00:00', NULL, 0, 0, NULL, NULL, NULL, 10, 7, '2017-03-28 17:08:48', '2017-03-28 17:11:10'),
(216, '2017-03-10', NULL, NULL, NULL, 1, 1, NULL, NULL, NULL, NULL, 10, -1, '2017-03-28 17:11:27', '2017-03-28 17:11:28'),
(217, '2017-03-11', 1, '2017-03-11 08:00:00', '2017-03-11 20:30:00', NULL, NULL, NULL, NULL, NULL, NULL, 10, 9, '2017-03-28 17:12:00', '2017-03-28 17:12:00'),
(218, '2017-03-12', 1, '2017-03-12 08:00:00', '2017-03-12 23:00:00', NULL, NULL, NULL, NULL, NULL, NULL, 10, 7, '2017-03-28 17:12:25', '2017-03-28 17:12:50'),
(219, '2017-03-13', 1, '2017-03-13 09:00:00', '2017-03-14 02:00:00', NULL, 0, 0, NULL, NULL, NULL, 10, 3, '2017-03-28 17:13:14', '2017-03-28 17:14:48'),
(220, '2017-03-14', 1, '2017-03-14 08:30:00', '2017-03-14 21:00:00', NULL, 0, 0, NULL, NULL, NULL, 10, 9, '2017-03-28 17:15:21', '2017-03-28 17:16:57'),
(221, '2017-03-15', 1, '2017-03-15 08:15:00', '2017-03-15 18:00:00', NULL, NULL, NULL, NULL, NULL, NULL, 10, 11, '2017-03-28 17:17:26', '2017-03-28 17:17:49'),
(222, '2017-03-16', 1, '2017-03-16 08:00:00', '2017-03-16 18:00:00', NULL, NULL, NULL, NULL, NULL, NULL, 10, 7, '2017-03-28 17:18:10', '2017-03-28 17:18:28'),
(223, '2017-03-17', NULL, NULL, NULL, 1, 1, NULL, NULL, NULL, NULL, 10, -1, '2017-03-28 17:18:46', '2017-03-28 17:18:46'),
(224, '2017-03-18', 1, '2017-03-18 08:30:00', '2017-03-18 20:00:00', NULL, NULL, NULL, NULL, NULL, NULL, 10, 9, '2017-03-28 17:19:44', '2017-03-28 17:19:44'),
(225, '2017-03-19', 1, '2017-03-19 08:00:00', '2017-03-19 21:30:00', NULL, NULL, NULL, NULL, NULL, NULL, 10, 12, '2017-03-28 17:20:51', '2017-03-28 17:21:12'),
(226, '2017-03-20', 1, '2017-03-20 07:25:00', '2017-03-21 04:30:00', NULL, NULL, NULL, NULL, NULL, NULL, 10, 11, '2017-03-28 17:21:48', '2017-03-28 17:22:33'),
(227, '2017-03-21', 1, '2017-03-21 11:20:00', '2017-03-21 21:20:00', NULL, NULL, NULL, NULL, NULL, NULL, 10, 12, '2017-03-28 17:23:20', '2017-03-28 17:23:59'),
(228, '2017-03-22', 1, '2017-03-22 08:30:00', '2017-03-23 00:35:00', NULL, 0, 0, NULL, NULL, NULL, 10, 9, '2017-03-28 17:24:35', '2017-03-28 17:25:58'),
(229, '2017-03-23', 1, '2017-03-23 07:00:00', '2017-03-23 18:00:00', NULL, NULL, NULL, NULL, NULL, NULL, 10, 9, '2017-03-28 17:32:19', '2017-03-28 17:32:38'),
(230, '2017-03-24', NULL, NULL, NULL, 1, 1, NULL, NULL, NULL, NULL, 10, -1, '2017-03-28 17:32:55', '2017-03-28 17:32:55'),
(231, '2017-03-25', 1, '2017-03-25 08:15:00', '2017-03-25 23:40:00', NULL, NULL, NULL, NULL, NULL, NULL, 10, 7, '2017-03-28 17:34:02', '2017-03-28 17:34:02'),
(232, '2017-03-26', 1, '2017-03-26 07:40:00', '2017-03-26 23:30:00', NULL, NULL, NULL, NULL, NULL, NULL, 10, 15, '2017-03-28 17:34:26', '2017-03-28 17:34:48'),
(233, '2017-03-27', 1, '2017-03-27 10:40:00', '2017-03-27 21:00:00', NULL, 0, 0, NULL, NULL, NULL, 10, 19, '2017-03-28 17:35:15', '2017-03-28 17:36:41'),
(234, '2017-03-28', 1, '2017-03-28 08:00:00', '2017-03-28 17:00:00', NULL, NULL, NULL, NULL, NULL, NULL, 10, 19, '2017-03-28 17:37:13', '2017-03-29 08:49:19'),
(235, '2017-03-28', 1, '2017-03-28 08:00:00', '2017-03-28 21:30:00', NULL, NULL, NULL, NULL, NULL, NULL, 11, NULL, '2017-03-28 17:37:35', '2017-03-29 08:49:47'),
(236, '2017-03-28', 1, '2017-03-28 11:45:00', '2017-03-28 19:00:00', NULL, NULL, NULL, NULL, NULL, NULL, 12, 3, '2017-03-28 17:41:18', '2017-03-29 08:50:35'),
(237, '2017-03-28', 1, '2017-03-28 08:00:00', '2017-03-28 18:30:00', NULL, NULL, NULL, NULL, NULL, NULL, 9, 19, '2017-03-28 17:41:58', '2017-03-29 08:48:52'),
(238, '2017-03-28', 1, '2017-03-28 08:00:00', '2017-03-28 21:00:00', NULL, NULL, NULL, NULL, NULL, NULL, 8, 19, '2017-03-28 17:43:00', '2017-03-29 08:48:25'),
(239, '2017-03-28', 1, '2017-03-28 08:00:00', '2017-03-28 19:00:00', NULL, NULL, NULL, NULL, NULL, NULL, 7, 19, '2017-03-28 17:43:28', '2017-03-29 08:47:54'),
(240, '2017-03-28', 1, '2017-03-28 08:30:00', '2017-03-28 21:00:00', NULL, NULL, NULL, NULL, NULL, NULL, 6, NULL, '2017-03-28 17:43:58', '2017-03-29 08:47:25'),
(241, '2017-03-28', 1, '2017-03-28 09:20:00', '2017-03-28 19:00:00', NULL, NULL, NULL, NULL, NULL, NULL, 5, 3, '2017-03-28 17:44:38', '2017-03-29 08:46:36'),
(242, '2017-03-19', NULL, NULL, NULL, 1, 1, NULL, NULL, NULL, NULL, 4, -1, '2017-03-29 08:40:46', '2017-03-29 08:40:47'),
(243, '2017-03-20', NULL, NULL, NULL, 1, 1, NULL, NULL, NULL, NULL, 4, -1, '2017-03-29 08:41:03', '2017-03-29 08:41:03'),
(244, '2017-03-21', NULL, NULL, NULL, 1, 1, NULL, NULL, NULL, NULL, 4, -1, '2017-03-29 08:41:23', '2017-03-29 08:41:23'),
(245, '2017-03-22', NULL, NULL, NULL, 1, 1, NULL, NULL, NULL, NULL, 4, -1, '2017-03-29 08:41:37', '2017-03-29 08:41:37'),
(246, '2017-03-23', NULL, NULL, NULL, 1, 1, NULL, NULL, NULL, NULL, 4, -1, '2017-03-29 08:41:50', '2017-03-29 08:41:51'),
(247, '2017-03-24', NULL, NULL, NULL, 1, 1, NULL, NULL, NULL, NULL, 4, -1, '2017-03-29 08:42:03', '2017-03-29 08:42:03'),
(248, '2017-03-25', NULL, NULL, NULL, 1, 1, NULL, NULL, NULL, NULL, 4, -1, '2017-03-29 08:42:18', '2017-03-29 08:42:18'),
(249, '2017-03-26', NULL, NULL, NULL, 1, 1, NULL, NULL, NULL, NULL, 4, -1, '2017-03-29 08:42:29', '2017-03-29 08:42:29'),
(250, '2017-03-27', NULL, NULL, NULL, 1, 1, NULL, NULL, NULL, NULL, 4, -1, '2017-03-29 08:42:41', '2017-03-29 08:42:41'),
(251, '2017-03-28', 1, '2017-03-28 08:00:00', '2017-03-28 21:00:00', NULL, NULL, NULL, NULL, NULL, NULL, 4, 3, '2017-03-29 08:44:52', '2017-03-29 08:44:52'),
(252, '2017-03-29', 1, '2017-03-29 08:00:00', '2017-03-29 22:30:00', NULL, NULL, NULL, NULL, NULL, NULL, 4, 3, '2017-03-30 10:34:53', '2017-03-30 10:41:31'),
(253, '2017-03-29', 1, '2017-03-29 08:00:00', '2017-03-30 00:30:00', NULL, NULL, NULL, NULL, NULL, NULL, 5, 3, '2017-03-30 10:35:38', '2017-03-30 10:42:00'),
(254, '2017-03-29', 1, '2017-03-29 10:15:00', '2017-03-29 19:45:00', NULL, NULL, NULL, NULL, NULL, NULL, 6, 3, '2017-03-30 10:36:10', '2017-03-30 10:42:24'),
(255, '2017-03-29', 1, '2017-03-29 08:00:00', '2017-03-30 00:30:00', NULL, 0, 0, NULL, NULL, NULL, 7, 2, '2017-03-30 10:36:41', '2017-03-30 10:56:11'),
(256, '2017-03-29', 1, '2017-03-29 08:00:00', '2017-03-30 00:30:00', NULL, 0, 0, NULL, NULL, NULL, 8, 2, '2017-03-30 10:37:04', '2017-03-30 10:57:16'),
(257, '2017-03-29', 1, '2017-03-29 08:00:00', '2017-03-29 22:30:00', NULL, 0, 0, NULL, NULL, NULL, 9, 3, '2017-03-30 10:37:37', '2017-03-30 10:58:39'),
(258, '2017-03-29', 1, '2017-03-29 08:20:00', '2017-03-29 22:30:00', NULL, 0, 0, NULL, NULL, NULL, 10, 3, '2017-03-30 10:38:01', '2017-03-30 11:00:04'),
(259, '2017-03-29', 1, '2017-03-29 05:30:00', '2017-03-29 22:00:00', NULL, 0, 0, NULL, NULL, NULL, 11, NULL, '2017-03-30 10:39:35', '2017-03-30 20:36:29'),
(260, '2017-03-29', 1, '2017-03-29 08:15:00', '2017-03-29 23:30:00', NULL, 0, 0, NULL, NULL, NULL, 12, 2, '2017-03-30 10:40:00', '2017-03-30 11:03:34'),
(261, '2017-03-30', 1, '2017-03-30 08:20:00', '2017-03-31 07:00:00', NULL, NULL, NULL, NULL, NULL, NULL, 4, 3, '2017-03-30 20:17:28', '2017-04-01 10:47:04'),
(263, '2017-03-30', 1, '2017-03-30 08:30:00', '2017-03-31 07:00:00', NULL, NULL, NULL, NULL, NULL, NULL, 6, 3, '2017-03-30 20:18:39', '2017-04-01 10:47:33'),
(264, '2017-03-30', 1, '2017-03-30 08:00:00', '2017-03-31 07:00:00', NULL, NULL, NULL, NULL, NULL, NULL, 7, 3, '2017-03-30 20:19:12', '2017-04-01 10:47:57'),
(265, '2017-03-30', 1, '2017-03-30 08:00:00', '2017-03-31 11:30:00', NULL, NULL, NULL, NULL, NULL, NULL, 8, 3, '2017-03-30 20:19:30', '2017-04-01 10:48:42'),
(266, '2017-03-30', 1, '2017-03-30 08:00:00', '2017-03-31 07:00:00', NULL, NULL, NULL, NULL, NULL, NULL, 9, 3, '2017-03-30 20:20:00', '2017-04-01 10:49:09'),
(267, '2017-03-30', 1, '2017-03-30 08:00:00', '2017-03-31 07:00:00', NULL, NULL, NULL, NULL, NULL, NULL, 10, 3, '2017-03-30 20:20:32', '2017-04-01 10:49:34'),
(268, '2017-03-30', 1, '2017-03-30 09:00:00', '2017-03-30 21:30:00', NULL, NULL, NULL, NULL, NULL, NULL, 12, 3, '2017-03-30 20:21:11', '2017-04-01 10:49:57'),
(269, '2017-03-30', 1, '2017-03-30 08:00:00', '2017-03-30 21:30:00', NULL, 0, 0, NULL, NULL, NULL, 11, NULL, '2017-03-30 20:36:46', '2017-04-01 10:50:44'),
(270, '2017-04-01', 1, '2017-04-01 08:00:00', '2017-04-02 03:30:00', NULL, NULL, NULL, NULL, NULL, NULL, 4, 3, '2017-04-02 14:54:46', '2017-04-02 14:59:56'),
(271, '2017-04-01', 1, '2017-04-01 08:45:00', '2017-04-02 03:30:00', NULL, 0, 0, NULL, NULL, NULL, 7, 3, '2017-04-02 14:55:51', '2017-04-06 12:20:41'),
(272, '2017-04-01', 1, '2017-04-01 08:00:00', '2017-04-02 03:30:00', NULL, NULL, NULL, NULL, NULL, NULL, 8, 3, '2017-04-02 14:56:10', '2017-04-02 15:01:05'),
(273, '2017-04-01', 1, '2017-04-01 10:00:00', '2017-04-02 03:30:00', NULL, NULL, NULL, NULL, NULL, NULL, 9, 3, '2017-04-02 14:56:46', '2017-04-02 15:01:44'),
(274, '2017-04-01', 1, '2017-04-01 08:25:00', '2017-04-02 03:30:00', NULL, NULL, NULL, NULL, NULL, NULL, 10, 3, '2017-04-02 14:57:21', '2017-04-02 15:02:08'),
(275, '2017-04-01', 1, '2017-04-01 08:00:00', '2017-04-01 20:30:00', NULL, NULL, NULL, NULL, NULL, NULL, 11, NULL, '2017-04-02 14:57:39', '2017-04-02 15:02:30'),
(276, '2017-04-01', 1, '2017-04-01 08:00:00', '2017-04-01 20:30:00', NULL, 0, 0, NULL, NULL, NULL, 12, 3, '2017-04-02 14:59:24', '2017-04-02 15:03:43'),
(277, '2017-04-02', 1, '2017-04-02 12:00:00', '2017-04-02 21:00:00', NULL, 0, 0, NULL, NULL, NULL, 4, 3, '2017-04-02 15:10:49', '2017-04-04 14:48:24'),
(278, '2017-04-02', 1, '2017-04-02 12:30:00', '2017-04-02 21:00:00', NULL, NULL, NULL, NULL, NULL, NULL, 7, 3, '2017-04-02 15:53:41', '2017-04-03 21:56:49'),
(279, '2017-04-02', 1, '2017-04-02 11:00:00', '2017-04-02 21:00:00', NULL, NULL, NULL, NULL, NULL, NULL, 8, 3, '2017-04-02 15:54:09', '2017-04-03 21:58:40'),
(280, '2017-04-02', 1, '2017-04-02 11:00:00', '2017-04-02 21:00:00', NULL, NULL, NULL, NULL, NULL, NULL, 9, 3, '2017-04-02 15:54:34', '2017-04-03 21:58:57'),
(281, '2017-04-02', 1, '2017-04-02 12:10:00', '2017-04-02 21:00:00', NULL, 0, 0, NULL, NULL, NULL, 10, 3, '2017-04-02 15:55:00', '2017-04-06 12:26:40'),
(282, '2017-04-02', 1, '2017-04-02 08:00:00', '2017-04-02 21:00:00', NULL, NULL, NULL, NULL, NULL, NULL, 11, NULL, '2017-04-02 15:55:15', '2017-04-03 21:59:22'),
(283, '2017-04-02', 1, '2017-04-02 12:35:00', '2017-04-02 21:00:00', NULL, 0, 0, NULL, NULL, NULL, 12, 3, '2017-04-02 15:55:32', '2017-04-06 12:30:59'),
(284, '2017-03-26', 1, '2017-03-26 08:00:00', '2017-03-26 18:00:00', NULL, NULL, NULL, NULL, NULL, NULL, 1, NULL, '2017-04-02 18:54:29', '2017-04-02 18:54:47'),
(285, '2017-03-27', 1, '2017-03-27 08:00:00', '2017-03-27 18:00:00', NULL, NULL, NULL, NULL, NULL, NULL, 1, NULL, '2017-04-02 18:55:02', '2017-04-02 18:55:17'),
(286, '2017-03-28', 1, '2017-03-28 08:00:00', '2017-03-28 18:00:00', NULL, NULL, NULL, NULL, NULL, NULL, 1, NULL, '2017-04-02 18:55:33', '2017-04-02 18:55:48'),
(287, '2017-03-29', 1, '2017-03-29 08:00:00', '2017-03-29 18:00:00', NULL, NULL, NULL, NULL, NULL, NULL, 1, NULL, '2017-04-02 19:01:11', '2017-04-02 19:01:30'),
(288, '2017-03-30', 1, '2017-03-30 08:00:00', '2017-03-30 18:00:00', NULL, 0, 0, NULL, NULL, NULL, 1, NULL, '2017-04-02 19:01:55', '2017-04-02 19:02:57'),
(289, '2017-03-31', 1, '2017-03-31 08:00:00', '2017-03-31 18:00:00', NULL, NULL, NULL, NULL, NULL, NULL, 1, NULL, '2017-04-02 19:03:16', '2017-04-02 19:03:42'),
(290, '2017-04-01', 1, '2017-04-01 08:00:00', '2017-04-01 18:00:00', NULL, NULL, NULL, NULL, NULL, NULL, 1, NULL, '2017-04-02 19:23:45', '2017-04-02 19:24:01'),
(291, '2017-04-02', 1, '2017-04-02 08:00:00', '2017-04-02 18:00:00', NULL, NULL, NULL, NULL, NULL, NULL, 1, NULL, '2017-04-02 19:24:18', '2017-04-02 19:25:06'),
(292, '2017-04-01', NULL, NULL, NULL, 1, 1, NULL, NULL, NULL, NULL, 6, -1, '2017-04-03 21:53:10', '2017-04-03 21:53:10'),
(293, '2017-04-02', 1, '2017-04-02 08:30:00', '2017-04-02 21:00:00', NULL, NULL, NULL, NULL, NULL, NULL, 6, NULL, '2017-04-03 21:54:17', '2017-04-03 21:54:17'),
(294, '2017-04-03', 1, '2017-04-03 08:00:00', '2017-04-03 22:00:00', NULL, NULL, NULL, NULL, NULL, NULL, 6, 3, '2017-04-03 21:54:39', '2017-04-04 14:54:11'),
(295, '2017-04-03', 1, '2017-04-03 08:00:00', '2017-04-03 18:00:00', NULL, NULL, NULL, NULL, NULL, NULL, 7, 3, '2017-04-03 21:57:08', '2017-04-04 14:55:56'),
(296, '2017-04-03', 1, '2017-04-03 08:00:00', '2017-04-03 18:00:00', NULL, NULL, NULL, NULL, NULL, NULL, 8, 3, '2017-04-04 14:45:09', '2017-04-04 14:58:26'),
(297, '2017-04-03', 1, '2017-04-03 08:00:00', '2017-04-03 18:00:00', NULL, NULL, NULL, NULL, NULL, NULL, 9, 3, '2017-04-04 14:45:23', '2017-04-04 14:59:38'),
(298, '2017-04-03', 1, '2017-04-03 08:00:00', '2017-04-03 23:00:00', NULL, 0, 0, NULL, NULL, NULL, 10, 3, '2017-04-04 14:46:42', '2017-04-06 11:58:00'),
(299, '2017-04-03', 1, '2017-04-03 08:00:00', '2017-04-03 22:00:00', NULL, NULL, NULL, NULL, NULL, NULL, 4, 3, '2017-04-04 14:48:40', '2017-04-04 14:49:04'),
(300, '2017-04-04', 1, '2017-04-04 08:00:00', '2017-04-04 21:30:00', NULL, NULL, NULL, NULL, NULL, NULL, 4, 23, '2017-04-04 14:50:28', '2017-04-05 08:29:41'),
(301, '2017-04-04', 1, '2017-04-04 08:40:00', '2017-04-04 21:00:00', NULL, 0, 0, NULL, NULL, NULL, 6, NULL, '2017-04-04 14:54:41', '2017-04-06 12:10:39'),
(302, '2017-04-04', 1, '2017-04-04 08:00:00', '2017-04-04 21:30:00', NULL, NULL, NULL, NULL, NULL, NULL, 7, 23, '2017-04-04 14:56:19', '2017-04-06 11:48:36'),
(303, '2017-04-04', 1, '2017-04-04 08:00:00', '2017-04-04 21:30:00', NULL, NULL, NULL, NULL, NULL, NULL, 8, 23, '2017-04-04 14:57:33', '2017-04-06 11:50:28'),
(304, '2017-04-04', 1, '2017-04-04 08:00:00', '2017-04-04 21:30:00', NULL, NULL, NULL, NULL, NULL, NULL, 9, 23, '2017-04-04 14:59:59', '2017-04-06 11:55:05'),
(305, '2017-04-03', 1, '2017-04-03 08:00:00', '2017-04-03 22:00:00', NULL, 0, 0, 27, NULL, '1/2 يوم خصم بسبب عدم ظبط حساب احمد حمد', 11, NULL, '2017-04-04 15:01:26', '2017-04-06 12:03:12'),
(306, '2017-04-04', 1, '2017-04-04 08:00:00', '2017-04-04 21:30:00', NULL, 0, 0, 27, NULL, '1/2 بسبب الحضور والأنصراف', 11, NULL, '2017-04-04 15:02:16', '2017-04-06 12:04:30'),
(307, '2017-04-05', 1, '2017-04-05 08:00:00', '2017-04-06 00:15:00', NULL, NULL, NULL, NULL, NULL, NULL, 4, 23, '2017-04-06 09:38:38', '2017-04-06 09:39:12'),
(308, '2017-04-06', 1, '2017-04-06 09:20:00', '2017-04-06 23:30:00', NULL, NULL, NULL, NULL, NULL, NULL, 4, 23, '2017-04-06 11:40:42', '2017-04-08 10:23:42'),
(309, '2017-04-01', NULL, NULL, NULL, 1, 1, NULL, NULL, NULL, NULL, 5, -1, '2017-04-06 11:42:57', '2017-04-06 11:42:57'),
(310, '2017-04-02', NULL, NULL, NULL, 1, 1, NULL, NULL, NULL, NULL, 5, -1, '2017-04-06 11:43:12', '2017-04-06 11:43:12'),
(311, '2017-04-03', 1, '2017-04-03 11:00:00', '2017-04-03 22:00:00', NULL, NULL, NULL, NULL, NULL, NULL, 5, 3, '2017-04-06 11:44:17', '2017-04-06 11:44:17'),
(312, '2017-04-04', 1, '2017-04-04 10:00:00', '2017-04-04 20:00:00', NULL, NULL, NULL, 80, NULL, 'خصم يوم للتأخير عن السفر الى بورسعيد ( عماد )', 5, 28, '2017-04-06 11:44:59', '2017-04-06 11:46:07'),
(313, '2017-04-05', NULL, NULL, NULL, 1, 2, NULL, NULL, NULL, NULL, 5, -1, '2017-04-06 11:46:54', '2017-04-06 11:46:54'),
(314, '2017-04-05', 1, '2017-04-05 08:00:00', '2017-04-06 00:15:00', NULL, 0, 0, NULL, NULL, NULL, 7, 23, '2017-04-06 11:49:00', '2017-04-06 12:22:48'),
(315, '2017-04-06', 1, '2017-04-06 08:00:00', '2017-04-06 23:30:00', NULL, 0, 0, NULL, NULL, NULL, 7, 23, '2017-04-06 11:49:55', '2017-04-08 10:27:38'),
(316, '2017-04-05', 1, '2017-04-05 08:00:00', '2017-04-06 00:15:00', NULL, 0, 0, NULL, NULL, NULL, 8, 23, '2017-04-06 11:50:44', '2017-04-06 12:24:11'),
(317, '2017-04-06', 1, '2017-04-06 08:00:00', '2017-04-06 23:30:00', NULL, NULL, NULL, NULL, NULL, NULL, 8, 23, '2017-04-06 11:52:31', '2017-04-08 10:25:59'),
(318, '2017-04-05', 1, '2017-04-05 08:00:00', '2017-04-06 00:15:00', NULL, NULL, NULL, NULL, NULL, NULL, 9, 23, '2017-04-06 11:55:25', '2017-04-06 11:55:48'),
(319, '2017-04-06', 1, '2017-04-06 08:00:00', '2017-04-06 23:30:00', NULL, NULL, NULL, NULL, NULL, NULL, 9, 23, '2017-04-06 11:56:05', '2017-04-08 10:26:17'),
(320, '2017-04-04', NULL, NULL, NULL, 1, 2, NULL, NULL, NULL, NULL, 10, NULL, '2017-04-06 11:58:14', '2017-04-06 11:58:45'),
(321, '2017-04-05', NULL, NULL, NULL, 1, 1, NULL, NULL, NULL, NULL, 10, NULL, '2017-04-06 11:59:00', '2017-04-06 11:59:45'),
(322, '2017-04-05', 1, '2017-04-05 08:00:00', '2017-04-05 22:15:00', NULL, NULL, NULL, NULL, NULL, NULL, 11, NULL, '2017-04-06 12:01:27', '2017-04-06 12:01:56'),
(323, '2017-04-06', 1, '2017-04-06 08:00:00', '2017-04-06 21:30:00', NULL, 0, 0, NULL, NULL, NULL, 11, NULL, '2017-04-06 12:04:53', '2017-04-11 14:26:21'),
(324, '2017-04-03', 1, '2017-04-03 08:00:00', '2017-04-03 23:00:00', NULL, NULL, NULL, NULL, NULL, NULL, 12, 3, '2017-04-06 12:06:12', '2017-04-06 12:06:33'),
(325, '2017-04-04', 1, '2017-04-04 10:30:00', '2017-04-05 00:10:00', NULL, NULL, NULL, 60, NULL, 'خصم يوم للتأخير عن السفر الى بورسعيد ( عماد )', 12, 28, '2017-04-06 12:07:04', '2017-04-06 12:08:38'),
(326, '2017-04-05', 1, '2017-04-05 08:40:00', '2017-04-05 19:00:00', NULL, 0, 0, 40, NULL, 'خصم 1/2 يوم بسبب التأخير أ / بيشوى', 6, 13, '2017-04-06 12:12:21', '2017-04-11 14:11:52'),
(327, '2017-04-06', 1, '2017-04-06 08:00:00', '2017-04-06 17:00:00', NULL, NULL, NULL, NULL, NULL, NULL, 6, 13, '2017-04-06 12:13:54', '2017-04-08 10:24:59'),
(328, '2017-04-06', 1, '2017-04-06 08:00:00', '2017-04-06 23:30:00', NULL, NULL, NULL, NULL, NULL, NULL, 10, 23, '2017-04-08 10:28:35', '2017-04-08 10:28:35'),
(329, '2017-04-06', 1, '2017-04-06 08:30:00', '2017-04-06 19:00:00', NULL, NULL, NULL, NULL, NULL, NULL, 5, 20, '2017-04-08 10:29:48', '2017-04-08 10:29:48'),
(330, '2017-04-07', NULL, NULL, NULL, 1, 1, NULL, NULL, NULL, NULL, 4, -1, '2017-04-08 10:30:03', '2017-04-08 10:30:03'),
(331, '2017-04-07', NULL, NULL, NULL, 1, 1, NULL, NULL, NULL, NULL, 5, -1, '2017-04-08 10:30:16', '2017-04-08 10:30:16'),
(332, '2017-04-07', NULL, NULL, NULL, 1, 1, NULL, NULL, NULL, NULL, 6, -1, '2017-04-08 10:30:30', '2017-04-08 10:30:30'),
(333, '2017-04-07', NULL, NULL, NULL, 1, 1, NULL, NULL, NULL, NULL, 7, -1, '2017-04-08 10:30:50', '2017-04-08 10:30:50'),
(334, '2017-04-07', NULL, NULL, NULL, 1, 1, NULL, NULL, NULL, NULL, 8, -1, '2017-04-08 10:31:06', '2017-04-08 10:31:06'),
(335, '2017-04-07', NULL, NULL, NULL, 1, 1, NULL, NULL, NULL, NULL, 9, -1, '2017-04-08 10:32:03', '2017-04-08 10:32:03'),
(336, '2017-04-07', NULL, NULL, NULL, 1, 1, NULL, NULL, NULL, NULL, 10, -1, '2017-04-08 10:32:19', '2017-04-08 10:32:19'),
(337, '2017-04-07', NULL, NULL, NULL, 1, 1, NULL, NULL, NULL, NULL, 11, -1, '2017-04-08 10:32:39', '2017-04-08 10:32:39'),
(338, '2017-04-08', 1, '2017-04-08 08:00:00', '2017-04-08 22:30:00', NULL, NULL, NULL, NULL, NULL, NULL, 4, 23, '2017-04-10 08:45:19', '2017-04-10 08:45:19'),
(339, '2017-04-08', 1, '2017-04-08 09:00:00', '2017-04-08 19:00:00', NULL, NULL, NULL, NULL, NULL, NULL, 6, NULL, '2017-04-10 08:46:41', '2017-04-10 08:46:41'),
(340, '2017-04-08', 1, NULL, NULL, 1, 1, NULL, NULL, NULL, NULL, 7, -1, '2017-04-10 08:47:25', '2017-04-10 08:47:25');
INSERT INTO `attendances` (`id`, `date`, `shift`, `check_in`, `check_out`, `absent_check`, `absent_type_id`, `absent_deduction`, `salary_deduction`, `mokaf`, `notes`, `employee_id`, `process_id`, `created_at`, `updated_at`) VALUES
(341, '2017-04-08', 1, '2017-04-08 08:00:00', '2017-04-08 22:30:00', NULL, NULL, NULL, NULL, NULL, NULL, 8, 23, '2017-04-10 08:49:04', '2017-04-10 08:49:04'),
(342, '2017-04-08', 1, '2017-04-08 08:00:00', '2017-04-08 22:30:00', NULL, NULL, NULL, NULL, NULL, NULL, 9, 23, '2017-04-10 08:50:14', '2017-04-10 08:50:15'),
(343, '2017-04-08', 1, '2017-04-08 09:00:00', '2017-04-08 23:30:00', NULL, 0, 0, NULL, NULL, NULL, 10, 23, '2017-04-10 08:50:57', '2017-04-11 14:01:08'),
(344, '2017-04-08', 1, '2017-04-08 08:00:00', '2017-04-08 19:00:00', NULL, NULL, NULL, NULL, NULL, NULL, 11, NULL, '2017-04-10 08:51:40', '2017-04-10 08:51:40'),
(345, '2017-04-09', 1, '2017-04-09 08:00:00', '2017-04-09 21:00:00', NULL, NULL, NULL, NULL, NULL, NULL, 4, 23, '2017-04-10 08:52:16', '2017-04-10 08:57:47'),
(346, '2017-04-09', 1, '2017-04-09 08:30:00', '2017-04-09 21:00:00', NULL, 0, 0, NULL, NULL, NULL, 6, NULL, '2017-04-10 08:52:56', '2017-04-11 14:04:50'),
(347, '2017-04-09', NULL, NULL, NULL, 1, 1, NULL, NULL, NULL, NULL, 7, -1, '2017-04-10 08:54:08', '2017-04-10 08:54:08'),
(348, '2017-04-09', 1, '2017-04-09 08:00:00', '2017-04-09 21:00:00', NULL, NULL, NULL, NULL, NULL, NULL, 8, 23, '2017-04-10 08:54:35', '2017-04-10 09:00:17'),
(349, '2017-04-09', NULL, NULL, NULL, 1, 1, NULL, NULL, NULL, NULL, 9, -1, '2017-04-10 08:54:57', '2017-04-10 08:54:57'),
(350, '2017-04-09', 1, '2017-04-09 08:00:00', '2017-04-09 21:00:00', NULL, NULL, NULL, NULL, NULL, NULL, 10, 23, '2017-04-10 08:55:19', '2017-04-10 09:02:16'),
(351, '2017-04-09', NULL, NULL, NULL, 1, 1, NULL, NULL, NULL, NULL, 11, -1, '2017-04-10 08:56:01', '2017-04-10 08:56:01'),
(352, '2017-04-10', 1, '2017-04-10 08:00:00', '2017-04-10 19:30:00', NULL, 0, 0, NULL, NULL, NULL, 11, NULL, '2017-04-10 17:04:00', '2017-04-11 13:49:34'),
(353, '2017-04-10', 1, '2017-04-10 08:00:00', '2017-04-10 20:30:00', NULL, NULL, NULL, NULL, NULL, NULL, 4, 23, '2017-04-11 13:42:52', '2017-04-11 13:50:02'),
(354, '2017-04-10', 1, '2017-04-10 08:15:00', '2017-04-10 20:30:00', NULL, NULL, NULL, NULL, NULL, NULL, 6, 23, '2017-04-11 13:43:39', '2017-04-11 13:50:28'),
(355, '2017-04-10', 1, '2017-04-10 08:00:00', '2017-04-10 20:00:00', NULL, NULL, NULL, NULL, NULL, NULL, 8, 23, '2017-04-11 13:44:39', '2017-04-11 13:51:00'),
(356, '2017-04-10', 1, '2017-04-10 08:00:00', '2017-04-10 20:30:00', NULL, NULL, NULL, NULL, NULL, NULL, 9, 23, '2017-04-11 13:47:15', '2017-04-11 13:51:39'),
(357, '2017-04-10', 1, '2017-04-10 08:00:00', '2017-04-10 20:00:00', NULL, NULL, NULL, NULL, NULL, NULL, 7, 23, '2017-04-11 13:47:58', '2017-04-11 13:50:44'),
(358, '2017-04-10', 1, '2017-04-10 08:00:00', '2017-04-10 20:00:00', NULL, NULL, NULL, NULL, NULL, NULL, 10, 23, '2017-04-11 13:53:07', '2017-04-11 13:53:45'),
(359, '2017-04-11', 1, '2017-04-11 08:00:00', '2017-04-11 20:30:00', NULL, NULL, NULL, NULL, NULL, NULL, 4, 13, '2017-04-11 13:55:05', '2017-04-13 08:23:02'),
(360, '2017-04-11', 1, '2017-04-11 08:00:00', '2017-04-11 18:45:00', NULL, NULL, NULL, NULL, NULL, NULL, 6, 18, '2017-04-11 13:56:06', '2017-04-13 08:23:33'),
(361, '2017-04-11', 1, '2017-04-11 08:00:00', '2017-04-11 18:45:00', NULL, 0, 0, NULL, NULL, NULL, 7, 4, '2017-04-11 13:57:24', '2017-04-13 08:27:34'),
(362, '2017-04-11', 1, '2017-04-11 08:00:00', '2017-04-11 20:15:00', NULL, 0, 0, NULL, NULL, NULL, 8, 23, '2017-04-11 13:57:51', '2017-04-13 08:24:41'),
(363, '2017-04-11', 1, '2017-04-11 08:00:00', '2017-04-11 20:30:00', NULL, 0, 0, NULL, NULL, NULL, 9, 13, '2017-04-11 13:58:07', '2017-04-13 08:28:35'),
(364, '2017-04-11', 1, '2017-04-11 08:00:00', '2017-04-11 19:30:00', NULL, 0, 0, NULL, NULL, NULL, 10, 13, '2017-04-11 13:58:21', '2017-04-13 08:29:36'),
(365, '2017-04-11', 1, '2017-04-11 08:00:00', '2017-04-11 18:45:00', NULL, NULL, NULL, NULL, NULL, NULL, 11, NULL, '2017-04-11 14:29:42', '2017-04-13 08:25:45'),
(366, '2017-04-12', 1, '2017-04-12 08:00:00', '2017-04-12 20:00:00', NULL, NULL, NULL, NULL, NULL, NULL, 4, 4, '2017-04-13 08:31:59', '2017-04-13 08:37:42'),
(367, '2017-04-12', 1, '2017-04-12 08:15:00', '2017-04-12 19:00:00', NULL, NULL, NULL, NULL, NULL, NULL, 6, 20, '2017-04-13 08:32:31', '2017-04-13 08:38:53'),
(368, '2017-04-12', 1, '2017-04-12 08:00:00', '2017-04-12 19:00:00', NULL, NULL, NULL, NULL, NULL, NULL, 7, 4, '2017-04-13 08:32:56', '2017-04-13 08:40:16'),
(369, '2017-04-12', 1, '2017-04-12 08:00:00', '2017-04-12 18:00:00', NULL, NULL, NULL, NULL, NULL, NULL, 8, 7, '2017-04-13 08:33:24', '2017-04-13 08:40:45'),
(370, '2017-04-12', 1, '2017-04-12 08:00:00', '2017-04-12 19:00:00', NULL, NULL, NULL, NULL, NULL, NULL, 9, 20, '2017-04-13 08:33:44', '2017-04-13 08:41:38'),
(371, '2017-04-12', 1, '2017-04-12 11:00:00', '2017-04-12 17:00:00', NULL, NULL, NULL, NULL, NULL, NULL, 10, 7, '2017-04-13 08:34:01', '2017-04-13 08:42:02'),
(372, '2017-04-12', 1, '2017-04-12 06:00:00', '2017-04-12 21:00:00', NULL, NULL, NULL, NULL, NULL, NULL, 11, NULL, '2017-04-13 08:37:18', '2017-04-13 08:42:18'),
(373, '2017-04-13', 1, '2017-04-13 08:00:00', NULL, NULL, NULL, NULL, NULL, NULL, NULL, 4, 20, '2017-04-13 08:55:03', '2017-04-13 08:55:03'),
(374, '2017-04-13', 1, '2017-04-13 08:35:00', '2017-04-13 08:35:00', NULL, 0, 0, NULL, NULL, NULL, 7, 4, '2017-04-13 08:55:17', '2017-04-13 09:00:22'),
(375, '2017-04-13', 1, '2017-04-13 08:50:00', NULL, NULL, NULL, NULL, NULL, NULL, NULL, 6, 4, '2017-04-13 08:55:56', '2017-04-13 08:55:56'),
(376, '2017-04-13', 1, '2017-04-13 08:00:00', NULL, NULL, NULL, NULL, NULL, NULL, NULL, 8, 20, '2017-04-13 09:00:49', '2017-04-13 09:00:49'),
(377, '2017-04-13', 1, '2017-04-13 08:00:00', NULL, NULL, NULL, NULL, NULL, NULL, NULL, 9, 4, '2017-04-13 09:01:10', '2017-04-13 09:01:10'),
(378, '2017-04-13', 1, '2017-04-13 08:30:00', NULL, NULL, NULL, NULL, NULL, NULL, NULL, 10, 20, '2017-04-13 09:02:10', '2017-04-13 09:02:10'),
(379, '2017-04-13', 1, '2017-04-13 08:00:00', NULL, NULL, NULL, NULL, NULL, NULL, NULL, 11, NULL, '2017-04-13 09:02:30', '2017-04-13 09:02:30'),
(380, '2017-04-08', 1, '2017-04-08 08:30:00', '2017-04-08 22:30:00', NULL, NULL, NULL, NULL, NULL, NULL, 5, 4, '2017-04-13 16:31:01', '2017-04-13 16:31:01'),
(381, '2017-04-09', 1, '2017-04-09 08:30:00', '2017-04-09 18:00:00', NULL, 0, 0, NULL, NULL, NULL, 5, 20, '2017-04-13 16:31:28', '2017-04-13 16:32:40'),
(382, '2017-04-10', 1, '2017-04-10 08:40:00', '2017-04-10 18:00:00', NULL, NULL, NULL, NULL, NULL, NULL, 5, 4, '2017-04-13 16:33:10', '2017-04-13 16:33:33'),
(383, '2017-04-11', 1, '2017-04-11 09:30:00', '2017-04-11 19:30:00', NULL, 0, 0, NULL, NULL, NULL, 5, 20, '2017-04-13 16:34:27', '2017-04-13 16:35:28'),
(384, '2017-04-12', 1, '2017-04-12 08:45:00', '2017-04-12 18:00:00', NULL, NULL, NULL, NULL, NULL, NULL, 5, 20, '2017-04-13 16:35:56', '2017-04-13 16:36:15'),
(385, '2017-04-13', 1, '2017-04-13 08:50:00', NULL, NULL, 0, 0, 80, NULL, 'خصم يوم ( لطلبة الأنصراف يوم خميس العهد قبل تسليم استاندات مارلبورو )', 5, 7, '2017-04-13 16:37:52', '2017-04-13 16:39:19'),
(386, '2017-04-03', 1, '2017-04-03 08:00:00', '2017-04-03 18:00:00', NULL, NULL, NULL, NULL, NULL, NULL, 1, NULL, '2017-04-13 17:03:56', '2017-04-13 17:04:10'),
(387, '2017-04-04', 1, '2017-04-04 08:00:00', '2017-04-04 18:00:00', NULL, NULL, NULL, NULL, NULL, NULL, 1, NULL, '2017-04-13 17:04:30', '2017-04-13 17:04:44'),
(388, '2017-04-05', 1, '2017-04-05 08:00:00', '2017-04-05 18:00:00', NULL, NULL, NULL, NULL, NULL, NULL, 1, NULL, '2017-04-13 17:05:01', '2017-04-13 17:05:25'),
(389, '2017-04-06', 1, '2017-04-06 08:00:00', '2017-04-06 18:00:00', NULL, NULL, NULL, NULL, NULL, NULL, 1, NULL, '2017-04-13 17:05:42', '2017-04-13 17:06:02'),
(390, '2017-04-07', NULL, NULL, NULL, 1, 1, NULL, NULL, NULL, NULL, 1, -1, '2017-04-13 17:06:19', '2017-04-13 17:06:19'),
(391, '2017-04-08', 1, '2017-04-08 08:00:00', '2017-04-08 18:00:00', NULL, NULL, NULL, NULL, NULL, NULL, 1, NULL, '2017-04-13 17:06:53', '2017-04-13 17:06:53'),
(392, '2017-04-09', 1, '2017-04-08 22:00:00', '2017-04-08 22:00:00', 1, 1, NULL, NULL, NULL, 'يوم أحد السعف', 1, NULL, '2017-04-13 17:07:34', '2017-04-13 17:11:29'),
(393, '2017-04-10', 1, '2017-04-10 08:00:00', '2017-04-10 18:00:00', NULL, NULL, NULL, NULL, NULL, NULL, 1, NULL, '2017-04-13 17:08:22', '2017-04-13 17:08:37'),
(394, '2017-04-11', 1, '2017-04-11 08:00:00', '2017-04-11 18:00:00', NULL, NULL, NULL, NULL, NULL, NULL, 1, NULL, '2017-04-13 17:08:53', '2017-04-13 17:09:16'),
(395, '2017-04-12', 1, '2017-04-12 08:00:00', '2017-04-12 18:00:00', NULL, NULL, NULL, NULL, NULL, NULL, 1, NULL, '2017-04-13 17:09:36', '2017-04-13 17:09:50');

-- --------------------------------------------------------

--
-- Table structure for table `authorized_people`
--

DROP TABLE IF EXISTS `authorized_people`;
CREATE TABLE `authorized_people` (
  `id` int(10) UNSIGNED NOT NULL,
  `client_id` int(10) UNSIGNED NOT NULL,
  `name` varchar(255) COLLATE utf8_unicode_ci DEFAULT NULL,
  `jobtitle` varchar(255) COLLATE utf8_unicode_ci DEFAULT NULL,
  `telephone` varchar(255) COLLATE utf8_unicode_ci DEFAULT NULL,
  `email` varchar(255) COLLATE utf8_unicode_ci DEFAULT NULL,
  `created_at` timestamp NULL DEFAULT NULL,
  `updated_at` timestamp NULL DEFAULT NULL
) ENGINE=InnoDB DEFAULT CHARSET=utf8 COLLATE=utf8_unicode_ci ROW_FORMAT=DYNAMIC;

--
-- Dumping data for table `authorized_people`
--

INSERT INTO `authorized_people` (`id`, `client_id`, `name`, `jobtitle`, `telephone`, `email`, `created_at`, `updated_at`) VALUES
(1, 2, 'محمد عبد الفتاح', 'مدير مشروعات', '01202220762', 'mohamed.abdelfatah@leoburnett.com', NULL, NULL),
(2, 3, 'مهندسة نهال فتحى خليل', 'مدير عام تنفيذى المعمارى', '01227451336', 'nehal_petrojet@yahoo.com', NULL, NULL),
(3, 4, 'م/ محمود', 'مدير الشركة', '1009506655', 'bestprintcairo@yahoo.com', NULL, NULL),
(4, 6, 'ENG. Louay El-Zeiny', 'Engineering Department Manager', '01223731178', 'lelzeiny@smashmgmt.com', NULL, NULL),
(5, 6, 'Samah Chouman', 'Sales & Marketing Manager', '01099812641', 'schouman@smashmgmt.com', NULL, NULL),
(6, 7, 'MICHAEL GUIRGUIS', 'SALES MANAGER', '01201125448', 'info@spectrumegypt.com', NULL, NULL),
(7, 8, 'حسين', 'مدير المصنع', '01006540589', 'info@picoegypt.com', NULL, NULL),
(8, 9, 'Amir Wahid Youssef', 'Chief Executive Officer', '01288880107', 'amirw@visiongroupeg.com', NULL, NULL),
(9, 11, 'Elsha Youwakeem', 'مدير الشركة', '01221625204', 'lookup_media@yahoo.com', NULL, NULL),
(10, 12, 'henry farid', 'managing director', '0106058128', 'all_in_one@windowslive.com', NULL, NULL),
(11, 5, 'محمد عبد الفتاح', 'صاحب الشركة', '01202220762', 'mofattah@gmail.com', '2017-03-19 11:32:28', '2017-03-19 11:32:28'),
(12, 16, 'م/ نور', 'صاحب الشركة', '01001547791', 'nours20@yahoo.com', NULL, NULL);

-- --------------------------------------------------------

--
-- Table structure for table `clients`
--

DROP TABLE IF EXISTS `clients`;
CREATE TABLE `clients` (
  `id` int(10) UNSIGNED NOT NULL,
  `name` varchar(255) COLLATE utf8_unicode_ci NOT NULL,
  `address` varchar(255) COLLATE utf8_unicode_ci NOT NULL,
  `telephone` varchar(255) COLLATE utf8_unicode_ci DEFAULT NULL,
  `mobile` varchar(255) COLLATE utf8_unicode_ci NOT NULL,
  `referral_id` int(10) UNSIGNED DEFAULT NULL,
  `referral_percentage` decimal(8,2) DEFAULT NULL,
  `credit_limit` varchar(255) COLLATE utf8_unicode_ci NOT NULL,
  `is_client_company` tinyint(1) NOT NULL,
  `deleted_at` timestamp NULL DEFAULT NULL,
  `created_at` timestamp NULL DEFAULT NULL,
  `updated_at` timestamp NULL DEFAULT NULL
) ENGINE=InnoDB DEFAULT CHARSET=utf8 COLLATE=utf8_unicode_ci ROW_FORMAT=COMPACT;

--
-- Dumping data for table `clients`
--

INSERT INTO `clients` (`id`, `name`, `address`, `telephone`, `mobile`, `referral_id`, `referral_percentage`, `credit_limit`, `is_client_company`, `deleted_at`, `created_at`, `updated_at`) VALUES
(1, 'Leo burnett', '2005c corniche el nil st. nile city towers.', '24618000', '01000060180', NULL, NULL, '500000', 1, NULL, '2017-03-14 08:03:42', '2017-03-14 08:03:42'),
(2, 'بتروجت', 'التجمع الخامس مجمع البترول', '26253329', '01227451336', NULL, NULL, '500000', 1, NULL, '2017-03-14 10:18:50', '2017-03-14 10:18:50'),
(3, 'john flimoun', 'التجمع الخامس', '22461800', '01222109970', NULL, NULL, '250000', 1, NULL, '2017-03-16 12:53:50', '2017-03-16 12:53:50'),
(4, 'Best print', '4 Qambiz St. Heliopolis, Cairo', '26370324', '0106200900', NULL, NULL, '150000', 1, NULL, '2017-03-16 12:58:41', '2017-03-16 12:58:41'),
(5, 'محمد عبد الفتاح', '6 اكتوبر', '22461800', '01202220762', NULL, NULL, '100000', 1, NULL, '2017-03-16 13:00:02', '2017-03-16 13:00:02'),
(6, 'Smash Management Co', '152, Al Orouba road, Heliopolis, Cairo, Egypt.', '24177930', '01099812641', NULL, NULL, '150000', 1, NULL, '2017-03-16 13:23:21', '2017-03-16 13:23:21'),
(7, 'Spectrum Advertising', 'Add. 21 Misr Al Tameer Bldgs., First Zone Sheraton 11361 Heliopolis, Cairo - EGYPT', '222690691', '0123978455', NULL, NULL, '250000', 1, NULL, '2017-03-16 13:32:55', '2017-03-16 13:32:55'),
(8, 'PICO', 'مدينة نصر', '224773399', '0101092799', NULL, NULL, '100000', 1, NULL, '2017-03-16 13:39:02', '2017-03-16 13:39:02'),
(9, 'vision group', 'المهندسين', '33035003', '01288880107', NULL, NULL, '100000', 1, NULL, '2017-03-16 13:57:50', '2017-03-16 13:57:50'),
(10, 'shadow print', '6 El Zahra St. Dokki – Giza, Egypt.', '01008215769', '37621948', NULL, NULL, '100000', 1, NULL, '2017-03-16 14:03:45', '2017-03-16 14:03:45'),
(11, 'lookup media', 'الدوقى', '22461800', '01221625204', NULL, NULL, '100000', 1, NULL, '2017-03-16 14:12:32', '2017-03-16 14:12:32'),
(12, 'all in one', '16 Milsa Buildings, Ard El Golf, Cairo, Egypt', '24177833', '012229000631', NULL, NULL, '100000', 1, NULL, '2017-03-16 14:18:00', '2017-03-16 14:18:00'),
(13, 'محمصة حازم', 'مدينة نصر امام الحديقة الدولية', '22461800', '01005005922', NULL, NULL, '100000', 1, NULL, '2017-03-16 14:24:44', '2017-03-16 14:24:44'),
(14, 'الشركة الهندسية للمقاولات', 'مدينة نصر بجوار النادى الاهلى', '22461800', '01223132226', NULL, NULL, '750000', 1, NULL, '2017-03-16 15:08:07', '2017-03-16 15:08:07'),
(15, 'clint', 'شارع عمار بن ياسر مصر الجديدة', '26210446', '01001400446', NULL, NULL, '100000', 1, NULL, '2017-03-22 11:32:22', '2017-03-22 11:32:22'),
(16, 'شركة نورز', 'مساكن عصمان', '222690691', '01020665511', NULL, NULL, '100000', 1, NULL, '2017-03-28 18:05:36', '2017-03-28 18:05:36'),
(17, 'البنك الاهلى', 'فرع عباس العقاد', '222690691', '01020665511', NULL, NULL, '150000', 1, NULL, '2017-03-28 19:02:31', '2017-03-28 19:02:31');

-- --------------------------------------------------------

--
-- Table structure for table `client_processes`
--

DROP TABLE IF EXISTS `client_processes`;
CREATE TABLE `client_processes` (
  `id` int(10) UNSIGNED NOT NULL,
  `name` varchar(255) COLLATE utf8_unicode_ci NOT NULL,
  `client_id` int(10) UNSIGNED NOT NULL,
  `employee_id` int(10) UNSIGNED NOT NULL,
  `status` enum('active','temporary_closed','closed') COLLATE utf8_unicode_ci NOT NULL,
  `notes` varchar(255) COLLATE utf8_unicode_ci DEFAULT NULL,
  `has_discount` tinyint(1) DEFAULT NULL,
  `discount_percentage` decimal(11,3) DEFAULT NULL,
  `discount_value` decimal(11,3) DEFAULT NULL,
  `discount_reason` varchar(255) COLLATE utf8_unicode_ci DEFAULT NULL,
  `has_source_discount` tinyint(1) DEFAULT NULL,
  `source_discount_percentage` decimal(11,3) DEFAULT NULL,
  `source_discount_value` decimal(11,3) DEFAULT NULL,
  `require_invoice` tinyint(1) NOT NULL,
  `invoice_billed` tinyint(4) NOT NULL DEFAULT '0',
  `taxes_value` decimal(11,3) DEFAULT NULL,
  `total_price_taxes` decimal(11,3) DEFAULT NULL,
  `total_price` decimal(11,3) NOT NULL,
  `deleted_at` timestamp NULL DEFAULT NULL,
  `created_at` timestamp NULL DEFAULT NULL,
  `updated_at` timestamp NULL DEFAULT NULL
) ENGINE=InnoDB DEFAULT CHARSET=utf8 COLLATE=utf8_unicode_ci ROW_FORMAT=COMPACT;

--
-- Dumping data for table `client_processes`
--

INSERT INTO `client_processes` (`id`, `name`, `client_id`, `employee_id`, `status`, `notes`, `has_discount`, `discount_percentage`, `discount_value`, `discount_reason`, `has_source_discount`, `source_discount_percentage`, `source_discount_value`, `require_invoice`, `invoice_billed`, `taxes_value`, `total_price_taxes`, `total_price`, `deleted_at`, `created_at`, `updated_at`) VALUES
(1, 'ديبوند فرع المرغنى مول مصر مول العرب', 1, 1, 'active', 'لايوجد ملاحظات', 1, '0.500', '518.000', 'خصم من الممبع', 0, '0.000', '0.000', 1, 0, '11045.060', '96007.060', '85480.000', NULL, '2017-03-14 10:13:12', '2017-03-18 13:15:44'),
(2, 'لوجو استكانة', 10, 6, 'active', 'لايوجد ملاحظات', 0, NULL, NULL, NULL, 0, '0.000', '0.000', 0, 0, '0.000', '9000.000', '9000.000', NULL, '2017-03-16 14:39:41', '2017-03-16 14:39:41'),
(3, 'المستشفى الدولى للكلى فرع المهندسين', 12, 6, 'active', 'لايوجد ملاحظات', 0, NULL, NULL, NULL, 0, '0.000', '0.000', 0, 0, '0.000', '24000.000', '24000.000', NULL, '2017-03-16 14:47:26', '2017-04-08 09:23:42'),
(4, 'deel mce', 3, 6, 'active', 'لايوجد ملاحظات', 0, NULL, NULL, NULL, 0, '0.000', '0.000', 0, 0, '0.000', '70000.000', '70000.000', NULL, '2017-03-16 14:52:06', '2017-04-13 09:05:46'),
(5, 'محمصات حازم', 13, 1, 'active', 'باقى الحساب بعد التركيب والماراجعة', 0, '0.005', '1.000', 'تعديل', 0, '0.000', '0.000', 0, 0, '0.000', '20000.000', '20000.000', NULL, '2017-03-16 14:58:16', '2017-04-03 19:42:22'),
(6, 'stone park', 7, 1, 'closed', 'تصفية حسابات', 0, NULL, NULL, NULL, 0, '0.000', '0.000', 0, 0, '0.000', '4000.000', '4000.000', NULL, '2017-03-16 15:16:24', '2017-03-22 15:57:47'),
(7, 'مول المشير', 14, 1, 'active', 'تصفية حسابات', 0, NULL, NULL, NULL, 0, '0.000', '0.000', 0, 0, '0.000', '50000.000', '50000.000', NULL, '2017-03-16 15:17:53', '2017-03-21 22:22:10'),
(8, 'stone park2', 7, 1, 'closed', 'باقى الحساب بعد التركيب والماراجعة', 0, NULL, NULL, NULL, 0, '0.000', '0.000', 0, 0, '0.000', '7000.000', '7000.000', NULL, '2017-03-18 08:16:31', '2017-04-12 13:42:24'),
(9, 'الافتات الخارجية لمبنى التجمع استاليس', 2, 1, 'active', 'عملية الفاتورة رقم 126', 0, NULL, NULL, NULL, 1, '2.560', '7730.910', 1, 0, '39251.030', '333451.120', '301931.000', NULL, '2017-03-18 10:34:17', '2017-03-30 17:46:00'),
(10, 'نيم تاج وعينات قديمة', 5, 1, 'active', 'ليزير أ بولس', 0, NULL, NULL, NULL, 0, '0.000', '0.000', 0, 0, '0.000', '575.000', '575.000', NULL, '2017-03-18 10:38:53', '2017-03-18 11:43:36'),
(11, 'لافتة زجاج التجمع الخامس المدخل الرئيسى', 2, 1, 'active', 'لم يتم الفوترة', 0, NULL, NULL, NULL, 0, '0.000', '0.000', 0, 0, '0.000', '45000.000', '45000.000', NULL, '2017-03-18 11:42:41', '2017-03-18 11:42:41'),
(12, 'بو كيت اكريلك', 2, 1, 'active', 'لا يوجد', 0, NULL, NULL, NULL, 0, '0.000', '0.000', 0, 0, '0.000', '23360.000', '23360.000', NULL, '2017-03-18 12:30:36', '2017-03-18 14:11:56'),
(13, 'AL KARMA', 6, 1, 'active', 'لايوجد ملاحظات', 0, NULL, NULL, NULL, 0, '0.000', '0.000', 1, 0, '0.000', '100000.000', '100000.000', NULL, '2017-03-18 13:06:29', '2017-03-18 13:06:29'),
(14, 'بايلون التجمع', 2, 1, 'active', 'لايوجد ملاحظات', 0, NULL, NULL, NULL, 0, '0.000', '0.000', 1, 0, '15340.000', '133340.000', '118000.000', NULL, '2017-03-18 13:59:30', '2017-03-18 13:59:30'),
(15, 'لوجو بتروجت الكونتر', 2, 6, 'active', 'لايوجد', 0, NULL, NULL, NULL, 0, '0.000', '0.000', 1, 0, '624.000', '5424.000', '4800.000', NULL, '2017-03-18 14:06:52', '2017-03-18 14:06:52'),
(16, 'لوحات ارشادية حلوانى', 5, 6, 'active', 'لا يوجد', 0, NULL, NULL, NULL, 0, '0.000', '0.000', 0, 0, '0.000', '24625.000', '24625.000', NULL, '2017-03-18 14:40:57', '2017-03-18 14:40:57'),
(17, 'غرب الجولف', 4, 1, 'active', 'لا يوجد', 0, NULL, NULL, NULL, 0, '0.000', '0.000', 0, 0, '0.000', '3000.000', '3000.000', NULL, '2017-03-18 18:05:04', '2017-03-18 18:05:04'),
(18, 'ستاند مارلوبورو', 9, 1, 'active', 'لايوجد', 0, NULL, NULL, NULL, 0, '0.000', '0.000', 0, 0, '0.000', '46900.000', '46900.000', NULL, '2017-03-19 10:30:27', '2017-04-05 07:28:32'),
(19, 'italian eyewear', 15, 1, 'active', 'لا يوجد', 0, NULL, NULL, NULL, 0, NULL, '0.000', 0, 0, '0.000', '13900.000', '13900.000', NULL, '2017-03-22 12:09:44', '2017-03-22 12:09:44'),
(20, 'فورنارى', 3, 1, 'active', 'السعر مؤقت لحين التعديل', 0, NULL, NULL, NULL, 0, NULL, '0.000', 0, 0, '0.000', '40000.000', '40000.000', NULL, '2017-03-26 15:47:27', '2017-03-26 15:47:27'),
(21, 'استاندات مكتب', 2, 1, 'active', 'لا يوجد', 0, NULL, NULL, NULL, 0, NULL, '0.000', 0, 0, '0.000', '5400.000', '5400.000', NULL, '2017-03-26 16:36:23', '2017-03-26 16:36:23'),
(22, 'لافتة استاليس welcome', 2, 1, 'active', 'لايوجد', 0, NULL, NULL, NULL, 0, NULL, '0.000', 1, 0, '156.000', '1356.000', '1200.000', NULL, '2017-03-28 17:27:07', '2017-03-28 17:27:07'),
(23, 'ديبوند محل فولت', 16, 1, 'active', 'لايوجد ملاحظات', 0, NULL, NULL, NULL, 0, NULL, '0.000', 0, 0, '0.000', '26000.000', '26000.000', NULL, '2017-03-28 18:07:06', '2017-03-28 18:07:06'),
(24, 'تعديل حساب', 17, 1, 'active', 'تعديل حساب البنك 20000', 0, NULL, NULL, NULL, 0, NULL, '0.000', 0, 0, '0.000', '20000.000', '20000.000', NULL, '2017-03-28 19:04:02', '2017-04-05 18:48:22'),
(25, 'بيجو العبور', 12, 1, 'active', 'لا يوجد', 0, NULL, NULL, NULL, 0, NULL, '0.000', 0, 0, '0.000', '19227.479', '19227.479', NULL, '2017-03-30 18:51:32', '2017-03-30 18:51:32'),
(26, 'تعديل سلفة يوحنا', 17, 1, 'closed', 'لايوجد', 0, NULL, NULL, NULL, 0, NULL, '0.000', 0, 0, '0.000', '3500.000', '3500.000', NULL, '2017-04-02 16:56:41', '2017-04-02 16:58:08'),
(27, 'دفعات', 17, 1, 'active', 'لا يوجد', 0, NULL, NULL, NULL, 0, NULL, '0.000', 0, 0, '0.000', '10000.000', '10000.000', NULL, '2017-04-03 20:00:17', '2017-04-04 14:38:45'),
(28, 'صيانة يافطة محل بورى', 4, 1, 'active', 'لا يوجد', 0, NULL, NULL, NULL, 0, NULL, '0.000', 0, 0, '0.000', '1500.000', '1500.000', NULL, '2017-04-05 15:32:53', '2017-04-05 15:32:53'),
(29, 'عملية ميجا', 7, 1, 'active', 'السعرالبيانات  مؤقتآ لحين التعديل', 0, NULL, NULL, NULL, 0, NULL, '0.000', 0, 0, '0.000', '50000.000', '50000.000', NULL, '2017-04-06 13:15:04', '2017-04-06 13:15:04'),
(30, 'قطاع المونيوم اورانج', 1, 1, 'active', 'لا يوجد', 0, NULL, NULL, NULL, 0, NULL, '0.000', 0, 0, '0.000', '28000.000', '28000.000', NULL, '2017-04-10 11:15:36', '2017-04-10 11:15:36');

-- --------------------------------------------------------

--
-- Table structure for table `client_process_items`
--

DROP TABLE IF EXISTS `client_process_items`;
CREATE TABLE `client_process_items` (
  `id` int(10) UNSIGNED NOT NULL,
  `process_id` int(10) UNSIGNED NOT NULL,
  `description` varchar(255) COLLATE utf8_unicode_ci NOT NULL,
  `quantity` int(10) UNSIGNED NOT NULL,
  `unit_price` decimal(8,2) UNSIGNED NOT NULL,
  `deleted_at` timestamp NULL DEFAULT NULL,
  `created_at` timestamp NULL DEFAULT NULL,
  `updated_at` timestamp NULL DEFAULT NULL
) ENGINE=InnoDB DEFAULT CHARSET=utf8 COLLATE=utf8_unicode_ci ROW_FORMAT=DYNAMIC;

--
-- Dumping data for table `client_process_items`
--

INSERT INTO `client_process_items` (`id`, `process_id`, `description`, `quantity`, `unit_price`, `deleted_at`, `created_at`, `updated_at`) VALUES
(4, 1, 'ديبوند المرغنى', 45, '1200.00', NULL, '2017-03-14 10:13:12', '2017-03-14 10:13:12'),
(5, 1, 'ديبوند + لافتة + فلاج مول مصر', 1, '8740.00', NULL, '2017-03-14 10:13:12', '2017-03-14 10:13:12'),
(6, 1, 'ديبوند +لافتة + فلاج مول العرب', 1, '8740.00', NULL, '2017-03-14 10:13:12', '2017-03-14 10:13:12'),
(7, 1, 'فريمات الامنيوم فرع محى الدين', 1, '14000.00', NULL, '2017-03-14 10:13:12', '2017-03-14 10:13:12'),
(8, 2, 'لوجو استاليس', 1, '9000.00', NULL, '2017-03-16 14:39:41', '2017-03-16 14:39:41'),
(9, 3, 'ديبوند مقاس 11م * 104', 15, '650.00', NULL, '2017-03-16 14:47:26', '2017-03-16 14:47:26'),
(10, 3, 'حروف صاج مفرغ بداخلة بلاستك اضائة ليد', 13, '900.00', NULL, '2017-03-16 14:47:26', '2017-03-16 14:47:26'),
(11, 4, 'ديبوند', 16, '700.00', NULL, '2017-03-16 14:52:06', '2017-03-16 14:52:06'),
(12, 4, 'حروف بلاستك', 8, '7350.00', NULL, '2017-03-16 14:52:06', '2017-04-13 09:05:46'),
(13, 5, 'ديبوند + استاليس', 1, '20000.00', NULL, '2017-03-16 14:58:16', '2017-03-16 14:58:16'),
(14, 6, 'لافتة صاج', 1, '4000.00', NULL, '2017-03-16 15:16:24', '2017-03-16 15:16:24'),
(15, 7, 'ديبوند2', 1, '50000.00', NULL, '2017-03-16 15:17:54', '2017-03-16 15:33:15'),
(17, 8, 'صاج مرشوش اليكترو استاتك', 1, '7000.00', NULL, '2017-03-18 08:16:31', '2017-03-18 08:16:31'),
(18, 9, 'ستاليس مبنى التجمع', 1, '301931.00', NULL, '2017-03-18 10:34:17', '2017-03-30 17:46:00'),
(19, 10, 'نيم تاج مغناتيس', 5, '25.00', NULL, '2017-03-18 10:38:53', '2017-03-18 10:38:53'),
(20, 10, 'نيم تاج دبوس', 5, '15.00', NULL, '2017-03-18 10:38:53', '2017-03-18 10:38:53'),
(21, 10, 'عينات علبة فير', 2, '187.50', NULL, '2017-03-18 10:38:53', '2017-03-18 10:38:53'),
(22, 11, 'لوحة زجاج المدخل الرئيسى', 1, '45000.00', NULL, '2017-03-18 11:42:41', '2017-03-18 11:42:41'),
(23, 12, 'بوكيت اكريلك شفاف + فينيل مصنفر', 35, '130.00', NULL, '2017-03-18 12:30:36', '2017-03-18 14:11:56'),
(24, 12, 'علبة مضيئة غرفة الأجتماعات', 12, '350.00', NULL, '2017-03-18 12:34:47', '2017-03-18 12:34:47'),
(25, 13, 'الوحات الخارجة والداخلية', 1, '100000.00', NULL, '2017-03-18 13:06:29', '2017-03-18 13:06:29'),
(26, 14, 'عدد 2 بايلون التجمع', 2, '49000.00', NULL, '2017-03-18 13:59:30', '2017-03-18 13:59:30'),
(27, 14, 'تغير بلاستك داى اند نايت', 40, '500.00', NULL, '2017-03-18 13:59:30', '2017-03-18 13:59:30'),
(28, 15, 'لوجو استاليس للكاونترمقاس 1م', 4, '1200.00', NULL, '2017-03-18 14:06:52', '2017-03-18 14:06:52'),
(29, 12, 'شرايح رومارك مقاس 28*6.5', 3, '30.00', NULL, '2017-03-18 14:11:56', '2017-03-18 14:11:56'),
(30, 12, 'بوكيت اكريليك الوان 11سم * 28سم', 57, '160.00', NULL, '2017-03-18 14:11:57', '2017-03-18 14:11:57'),
(31, 12, 'PVC فضى ارقام ابواب', 300, '18.00', NULL, '2017-03-18 14:11:57', '2017-03-18 14:11:57'),
(32, 16, 'لوحات خشب وبكتات اكريليك وفنيل', 5, '4500.00', NULL, '2017-03-18 14:40:57', '2017-03-18 14:40:57'),
(33, 16, 'بوكيت شفاف فقط', 25, '45.00', NULL, '2017-03-18 14:40:57', '2017-03-18 14:40:57'),
(34, 16, 'نقل وتعديل الشغل وفك وتركيب', 1, '1000.00', NULL, '2017-03-18 14:40:57', '2017-03-18 14:40:57'),
(35, 17, 'تغيير خشب وليدات', 1, '3000.00', NULL, '2017-03-18 18:05:04', '2017-03-18 18:05:04'),
(36, 18, 'ستاند مارلوبورو كبير', 6, '5500.00', NULL, '2017-03-19 10:30:27', '2017-04-05 07:28:32'),
(37, 18, 'ستاند مارلوبورو كبير عينات', 2, '4200.00', NULL, '2017-03-19 10:30:27', '2017-04-05 07:28:32'),
(38, 19, 'جلو لايت', 1, '1500.00', NULL, '2017-03-22 12:09:44', '2017-03-22 12:09:44'),
(39, 19, 'الدور الأرضى ( بلاستيك صينى + صورة مضيئة )', 1, '3300.00', NULL, '2017-03-22 12:09:44', '2017-03-22 12:09:44'),
(40, 19, 'الدور التانى ( بلاستيك ابيض صينى )', 1, '3900.00', NULL, '2017-03-22 12:09:44', '2017-03-22 12:09:44'),
(41, 19, 'لافتة مضيئة', 1, '5200.00', NULL, '2017-03-22 12:09:44', '2017-03-22 12:09:44'),
(42, 20, 'يافطة اكريلك + ديبوند', 1, '40000.00', NULL, '2017-03-26 15:47:27', '2017-03-26 15:47:27'),
(43, 21, 'استاندات ذهبية للمكاتب', 30, '180.00', NULL, '2017-03-26 16:36:23', '2017-03-26 16:36:23'),
(44, 22, 'كلمة welcome ستاليس تيل مقاس 1 م', 1, '1200.00', NULL, '2017-03-28 17:27:07', '2017-03-28 17:27:07'),
(45, 23, 'تقفيل المحل ديبوند', 40, '650.00', NULL, '2017-03-28 18:07:06', '2017-03-28 18:07:06'),
(46, 24, 'تعديل الحساب البنكى', 1, '20000.00', NULL, '2017-03-28 19:04:02', '2017-03-28 19:04:02'),
(47, 25, 'ديبوند بوابة', 12, '700.00', NULL, '2017-03-30 18:51:32', '2017-03-30 18:51:32'),
(48, 25, 'زجاج', 5, '500.00', NULL, '2017-03-30 18:51:32', '2017-03-30 18:51:32'),
(49, 25, 'حائط خشبى', 22, '358.42', NULL, '2017-03-30 18:51:32', '2017-03-30 18:51:32'),
(50, 26, 'تعديل سلفة يوحنا', 1, '3500.00', NULL, '2017-04-02 16:56:41', '2017-04-02 16:56:41'),
(51, 27, 'سلفة من البند', 1, '10000.00', NULL, '2017-04-03 20:00:17', '2017-04-03 20:00:17'),
(52, 3, 'مصاريف تركيب الونش', 1, '1550.00', NULL, '2017-04-05 07:24:50', '2017-04-08 09:23:42'),
(53, 18, 'استاد مارلبورو كبير عينات اول عينة', 1, '3500.00', NULL, '2017-04-05 07:28:32', '2017-04-05 07:28:32'),
(54, 18, 'استاند مارلبورو صغير', 1, '2000.00', NULL, '2017-04-05 07:28:32', '2017-04-05 07:28:32'),
(55, 28, 'صيانة يافطة محل بورى', 1, '1500.00', NULL, '2017-04-05 15:32:53', '2017-04-05 15:32:53'),
(56, 29, 'ميجا', 1, '50000.00', NULL, '2017-04-06 13:15:04', '2017-04-06 13:15:04'),
(57, 3, 'توصيلات كهربة لفة سلك 100 م + فليكسبل 15 م', 1, '1000.00', NULL, '2017-04-08 09:23:42', '2017-04-08 09:23:42'),
(58, 30, 'اسطمبة وقاطاع المونيوم ليوبرنت', 1, '28000.00', NULL, '2017-04-10 11:15:36', '2017-04-10 11:15:36');

-- --------------------------------------------------------

--
-- Table structure for table `deposit_withdraws`
--

DROP TABLE IF EXISTS `deposit_withdraws`;
CREATE TABLE `deposit_withdraws` (
  `id` int(10) UNSIGNED NOT NULL,
  `depositValue` decimal(8,2) DEFAULT '0.00',
  `withdrawValue` decimal(8,2) DEFAULT '0.00',
  `recordDesc` varchar(255) COLLATE utf8_unicode_ci DEFAULT NULL,
  `cbo_processes` int(11) DEFAULT '0',
  `client_id` int(11) DEFAULT '0',
  `employee_id` int(11) DEFAULT '0',
  `supplier_id` int(11) DEFAULT '0',
  `expenses_id` int(11) DEFAULT '0',
  `payMethod` int(11) DEFAULT NULL,
  `notes` varchar(255) COLLATE utf8_unicode_ci DEFAULT '',
  `saveStatus` tinyint(4) DEFAULT '1' COMMENT '1: can edit, 2: can not edit ',
  `due_date` timestamp NULL DEFAULT NULL,
  `created_at` timestamp NULL DEFAULT NULL,
  `updated_at` timestamp NULL DEFAULT NULL
) ENGINE=InnoDB DEFAULT CHARSET=utf8 COLLATE=utf8_unicode_ci ROW_FORMAT=DYNAMIC;

--
-- Dumping data for table `deposit_withdraws`
--

INSERT INTO `deposit_withdraws` (`id`, `depositValue`, `withdrawValue`, `recordDesc`, `cbo_processes`, `client_id`, `employee_id`, `supplier_id`, `expenses_id`, `payMethod`, `notes`, `saveStatus`, `due_date`, `created_at`, `updated_at`) VALUES
(1, '5000.00', NULL, 'دفعة من الحساب بيد حنا من امير فى الدقى', 2, 10, NULL, NULL, NULL, 0, NULL, 2, '2017-03-13 22:00:00', '2017-03-16 15:43:00', '2017-03-18 14:56:14'),
(2, NULL, '600.00', 'عهدة شراء صاج محمصة حازم ياسر', NULL, NULL, 8, NULL, 1, 0, NULL, 2, '2017-03-13 22:00:00', '2017-03-16 15:45:42', '2017-03-18 14:56:14'),
(3, '600.00', NULL, 'مرتجع عهدة شراء صاج محمصة حازم ياسر', NULL, NULL, 8, NULL, 2, 0, NULL, 2, '2017-03-13 22:00:00', '2017-03-16 15:46:29', '2017-03-18 14:56:14'),
(4, NULL, '345.00', 'عدد 3 لوح صاج مجلفن', 5, 13, NULL, NULL, NULL, 0, NULL, 2, '2017-03-13 22:00:00', '2017-03-16 15:48:17', '2017-03-18 14:56:15'),
(5, NULL, '50.00', 'مسامير فليكس', 5, 13, NULL, NULL, NULL, 0, NULL, 2, '2017-03-13 22:00:00', '2017-03-16 15:48:58', '2017-03-18 14:56:15'),
(6, NULL, '60.00', 'عشاء للعمال', 5, 13, NULL, NULL, NULL, 0, NULL, 2, '2017-03-13 22:00:00', '2017-03-16 15:49:35', '2017-03-18 14:56:15'),
(8, NULL, '100.00', 'عهدة تغيير الاكريليك بتروجت', NULL, NULL, 10, NULL, 1, 0, NULL, 2, '2017-03-13 22:00:00', '2017-03-16 15:51:14', '2017-03-18 14:56:15'),
(9, NULL, '1145.00', 'عهدة تركيب محمصات حازم', NULL, NULL, 4, NULL, 1, 0, NULL, 2, '2017-03-13 22:00:00', '2017-03-16 15:53:08', '2017-03-18 14:56:15'),
(10, NULL, '350.00', 'نقل علب حديد', 7, 14, NULL, NULL, NULL, 0, NULL, 2, '2017-03-13 22:00:00', '2017-03-16 16:07:21', '2017-03-18 14:56:15'),
(11, NULL, '200.00', 'نقل الافتة النحاس من التجمع', 11, 2, NULL, NULL, NULL, 0, NULL, 2, '2017-03-13 22:00:00', '2017-03-18 14:42:46', '2017-03-18 14:56:15'),
(12, NULL, '300.00', 'سلفة من المرتب يوم سفر اخومحمود', NULL, NULL, 10, NULL, 3, 0, NULL, 2, '2017-03-13 22:00:00', '2017-03-18 14:50:35', '2017-03-18 14:56:15'),
(13, NULL, '50.00', 'جورج النجار شريط خشب', 16, 5, NULL, NULL, NULL, 0, NULL, 2, '2017-03-13 22:00:00', '2017-03-18 14:51:23', '2017-03-18 14:56:15'),
(14, NULL, '400.00', 'نقل الشغل من المصنع الى العاشر', 16, 5, NULL, NULL, NULL, 0, NULL, 2, '2017-03-13 22:00:00', '2017-03-18 14:52:17', '2017-03-18 14:56:15'),
(15, NULL, '350.00', 'نقل الديبوند من العبور الى التجمع', 7, 14, NULL, NULL, NULL, 0, NULL, 2, '2017-03-13 22:00:00', '2017-03-18 14:52:54', '2017-03-18 14:56:15'),
(16, NULL, '200.00', 'نقل الحديد الى التجمع', 7, 14, NULL, NULL, NULL, 0, NULL, 2, '2017-03-13 22:00:00', '2017-03-18 14:53:24', '2017-03-18 14:56:15'),
(18, '2000.00', NULL, 'دفعه من الحساب', 6, 7, NULL, NULL, NULL, 0, NULL, 2, '2017-03-14 22:00:00', '2017-03-18 15:04:52', '2017-03-18 16:24:51'),
(19, NULL, '4.00', 'اسلحة قطر', 1, 1, NULL, NULL, NULL, 0, NULL, 2, '2017-03-14 22:00:00', '2017-03-18 15:06:24', '2017-03-18 16:24:51'),
(20, NULL, '10.00', 'عدد 2 بكرة لزق عريض', 1, 1, NULL, NULL, NULL, 0, NULL, 2, '2017-03-14 22:00:00', '2017-03-18 15:08:15', '2017-03-18 16:24:51'),
(21, NULL, '20.00', 'عدد3 فوطة نظافة', 5, 13, NULL, NULL, NULL, 0, NULL, 2, '2017-03-14 22:00:00', '2017-03-18 15:08:58', '2017-03-18 16:24:51'),
(22, NULL, '500.00', 'دفعه من الحساب', NULL, NULL, NULL, NULL, 5, 0, NULL, 2, '2017-03-14 22:00:00', '2017-03-18 15:58:47', '2017-03-18 16:24:52'),
(23, '1145.00', NULL, 'وارد عهدة يوم 14/3 عماد', NULL, NULL, 4, NULL, 2, 0, NULL, 2, '2017-03-14 22:00:00', '2017-03-18 16:03:04', '2017-03-18 16:24:52'),
(24, NULL, '2000.00', 'عهدة عماد', NULL, NULL, 4, NULL, 1, 0, NULL, 2, '2017-03-14 22:00:00', '2017-03-18 16:03:50', '2017-03-18 16:24:52'),
(25, NULL, '1000.00', 'عمر من مرتب شهر فبراير', NULL, NULL, NULL, NULL, 5, 0, NULL, 2, '2017-03-14 22:00:00', '2017-03-18 16:06:00', '2017-03-18 16:24:52'),
(27, NULL, '500.00', 'عهدة', NULL, NULL, 6, NULL, 1, 0, NULL, 2, '2017-03-15 22:00:00', '2017-03-18 16:40:43', '2017-04-03 19:42:59'),
(28, '2000.00', NULL, 'رد عهدة عماد يوم 15/3', NULL, NULL, 4, NULL, 2, 0, NULL, 2, '2017-03-15 22:00:00', '2017-03-18 16:48:19', '2017-04-03 19:42:59'),
(29, NULL, '500.00', 'عهدة عماد طرمبة السيارة', NULL, NULL, 4, NULL, 1, 0, NULL, 2, '2017-03-15 22:00:00', '2017-03-18 16:49:08', '2017-04-03 19:42:59'),
(30, NULL, '495.00', 'عدد 3 ترنس 150وات', 5, 13, NULL, NULL, NULL, 0, NULL, 2, '2017-03-15 22:00:00', '2017-03-18 16:50:15', '2017-04-03 19:42:59'),
(31, NULL, '100.00', 'مصروفات اكل للعمال', 5, 13, NULL, NULL, NULL, 0, NULL, 2, '2017-03-15 22:00:00', '2017-03-18 16:51:01', '2017-04-03 19:42:59'),
(32, NULL, '50.00', 'مواصلات العمال', 5, 13, NULL, NULL, NULL, 0, NULL, 2, '2017-03-15 22:00:00', '2017-03-18 16:52:00', '2017-04-03 19:42:59'),
(33, NULL, '25.00', 'مساحة زجاج لتنظيف الوجها', 5, 13, NULL, NULL, NULL, 0, NULL, 2, '2017-03-15 22:00:00', '2017-03-18 16:52:40', '2017-04-03 19:42:59'),
(34, NULL, '20.00', 'سكر وشاى', 5, 13, NULL, NULL, NULL, 0, NULL, 2, '2017-03-15 22:00:00', '2017-03-18 16:53:15', '2017-04-03 19:42:59'),
(35, NULL, '120.00', 'سلفة من المرتب بيد عماد', NULL, NULL, 8, NULL, 3, 0, NULL, 2, '2017-03-15 22:00:00', '2017-03-18 16:53:44', '2017-04-03 19:42:59'),
(36, NULL, '15.00', 'قلم + شريط لحام', 5, 13, NULL, NULL, NULL, 0, NULL, 2, '2017-03-15 22:00:00', '2017-03-18 16:54:15', '2017-04-03 19:42:59'),
(37, NULL, '70.00', 'فيش لوصلات المصنع', NULL, NULL, NULL, NULL, 5, 0, NULL, 2, '2017-03-15 22:00:00', '2017-03-18 16:55:30', '2017-04-03 19:42:59'),
(38, NULL, '30.00', 'مواسير استاليس', 1, 1, NULL, NULL, NULL, 0, NULL, 2, '2017-03-15 22:00:00', '2017-03-18 16:56:16', '2017-04-03 19:42:59'),
(39, NULL, '1060.00', '150ليد+2ترنس100وات و60وات', 1, 1, NULL, NULL, NULL, 0, NULL, 2, '2017-03-15 22:00:00', '2017-03-18 16:58:02', '2017-04-03 19:42:59'),
(40, NULL, '20.00', 'مواصلات عمال', 1, 1, NULL, NULL, NULL, 0, NULL, 2, '2017-03-15 22:00:00', '2017-03-18 16:58:33', '2017-04-03 19:42:59'),
(41, NULL, '100.00', 'عمالة خارجية عصام', 13, 6, NULL, NULL, NULL, 0, NULL, 2, '2017-03-15 22:00:00', '2017-03-18 16:59:13', '2017-04-03 19:42:59'),
(42, NULL, '50.00', 'سلفة من المرتب بيد عماد', NULL, NULL, 10, NULL, 3, 0, NULL, 2, '2017-03-15 22:00:00', '2017-03-18 16:59:54', '2017-04-03 19:42:59'),
(43, NULL, '15.00', 'اسبراى اسود', 1, 1, NULL, NULL, NULL, 0, NULL, 2, '2017-03-15 22:00:00', '2017-03-18 17:01:56', '2017-04-03 19:42:59'),
(45, NULL, '10.00', 'بنط 7مم حدادى', 1, 1, NULL, NULL, NULL, 0, NULL, 2, '2017-03-15 22:00:00', '2017-03-18 17:04:47', '2017-04-03 19:43:00'),
(46, '500.00', NULL, 'مرتجع عهدة عماد', NULL, NULL, 4, NULL, 2, 0, NULL, 2, '2017-03-15 22:00:00', '2017-03-18 17:06:41', '2017-04-03 19:43:00'),
(47, NULL, '350.00', 'طرمبة سيارة سوزوكى', NULL, NULL, NULL, NULL, 7, 0, NULL, 2, '2017-03-15 22:00:00', '2017-03-18 17:09:06', '2017-04-03 19:43:00'),
(48, NULL, '100.00', 'سلفة من المرتب', NULL, NULL, 10, NULL, 3, 0, NULL, 2, '2017-03-15 22:00:00', '2017-03-18 17:11:33', '2017-04-03 19:43:00'),
(50, NULL, '100.00', 'سلفة من المرتب', NULL, NULL, 4, NULL, 3, 0, NULL, 2, '2017-03-15 22:00:00', '2017-03-18 17:14:32', '2017-04-03 19:43:00'),
(51, '500.00', NULL, 'رد عهدة احمد طمان', NULL, NULL, 6, NULL, 2, 0, NULL, 2, '2017-03-17 22:00:00', '2017-03-18 18:11:11', '2017-03-18 20:17:49'),
(52, NULL, '50.00', 'سلفة ياسر بيد احمد', NULL, NULL, 8, NULL, 3, 0, NULL, 2, '2017-03-17 22:00:00', '2017-03-18 18:13:00', '2017-03-18 20:17:50'),
(53, NULL, '200.00', 'من حساب الكاوتش باقى الحساب', 7, 14, NULL, NULL, NULL, 0, NULL, 2, '2017-03-17 22:00:00', '2017-03-18 18:13:53', '2017-03-18 20:17:50'),
(54, NULL, '95.00', 'بنطة هاتى 60سم', 13, 6, NULL, NULL, NULL, 0, NULL, 2, '2017-03-17 22:00:00', '2017-03-18 18:14:51', '2017-03-18 20:17:50'),
(55, NULL, '5.00', 'لقمة سرف', 1, 1, NULL, NULL, NULL, 0, NULL, 2, '2017-03-17 22:00:00', '2017-03-18 18:15:20', '2017-03-18 20:17:50'),
(56, NULL, '150.00', 'اكل للعمال', 5, 13, NULL, NULL, NULL, 0, NULL, 2, '2017-03-17 22:00:00', '2017-03-18 18:16:19', '2017-03-18 20:17:50'),
(57, NULL, '1067.00', 'دفعة من الحساب عدد2 لوح بلاستك شفاف', 2, NULL, NULL, 1, NULL, 0, NULL, 2, '2017-03-17 22:00:00', '2017-03-18 18:22:23', '2017-03-18 20:17:50'),
(58, NULL, '836.33', 'عدد1 لوح بلاستك اسود', 12, 2, NULL, NULL, NULL, 0, NULL, 2, '2017-03-17 22:00:00', '2017-03-18 18:29:51', '2017-03-18 20:17:50'),
(59, NULL, '1672.67', 'عدد 2 لوح ازرق غامق', 13, 6, NULL, NULL, NULL, 0, NULL, 2, '2017-03-17 22:00:00', '2017-03-18 18:31:01', '2017-03-18 20:17:50'),
(60, '20000.00', NULL, 'دفعة من الحساب', 4, 3, NULL, NULL, NULL, 0, NULL, 2, '2017-03-17 22:00:00', '2017-03-18 18:32:22', '2017-03-18 20:17:51'),
(61, '11000.00', NULL, 'دفعة من الحساب', 3, 12, NULL, NULL, NULL, 0, NULL, 2, '2017-03-17 22:00:00', '2017-03-18 18:32:52', '2017-03-18 20:17:51'),
(62, NULL, '1000.00', 'سلفه من المرتب يوم سفر البلد مرض والدة', NULL, NULL, 4, NULL, 3, 0, NULL, 2, '2017-03-17 22:00:00', '2017-03-18 18:38:46', '2017-03-18 20:17:51'),
(63, NULL, '421.00', 'خالص مرتب عمر شهر فبراير', NULL, NULL, NULL, NULL, 5, 0, NULL, 2, '2017-03-17 22:00:00', '2017-03-18 18:39:56', '2017-03-18 20:17:51'),
(64, NULL, '500.00', 'عهدة شراء حجارة بطارية', NULL, NULL, 6, NULL, 1, 0, NULL, 2, '2017-03-17 22:00:00', '2017-03-18 18:41:42', '2017-03-18 20:17:51'),
(65, NULL, '150.00', 'فاتورة النت شهر 3', NULL, NULL, NULL, NULL, 8, 0, NULL, 2, '2017-03-17 22:00:00', '2017-03-18 18:47:35', '2017-03-18 20:17:51'),
(66, NULL, '1000.00', 'فاتورة الموبيلات 3', NULL, NULL, NULL, NULL, 8, 0, NULL, 2, '2017-03-17 22:00:00', '2017-03-18 18:47:35', '2017-03-18 20:17:51'),
(67, NULL, '1600.00', 'ايجار المحلات شهر 3', NULL, NULL, NULL, NULL, 1, 0, NULL, 2, '2017-03-17 22:00:00', '2017-03-18 18:53:38', '2017-03-18 20:17:51'),
(68, NULL, '267.50', 'ايجار شقة عين شمس شهر 3', NULL, NULL, NULL, NULL, 9, 0, NULL, 2, '2017-03-17 22:00:00', '2017-03-18 18:55:32', '2017-03-18 20:17:51'),
(69, NULL, '10000.00', 'الاسم الثانى والاسم الاول دفع قبل التسجيل على البرنامج', NULL, NULL, NULL, NULL, 10, 0, NULL, 2, '2017-03-17 22:00:00', '2017-03-18 18:58:51', '2017-03-18 20:17:51'),
(70, NULL, '2500.00', 'خالص مرتب شهر فبراير أ/ بيشوى', NULL, NULL, NULL, NULL, 5, 0, NULL, 2, '2017-03-17 22:00:00', '2017-03-18 19:13:43', '2017-03-18 20:17:51'),
(71, NULL, '2266.50', 'سلفة من مرتب مارس', NULL, NULL, 1, NULL, 3, 0, NULL, 2, '2017-03-17 22:00:00', '2017-03-18 19:16:02', '2017-03-18 20:17:52'),
(75, NULL, '1500.00', 'سلفة', NULL, NULL, 11, NULL, 3, 0, NULL, 2, '2017-03-17 22:00:00', '2017-03-18 19:38:31', '2017-03-18 20:17:52'),
(84, NULL, '100.00', 'عهدة شراء بوية واقلام غرب الجولف', NULL, NULL, 9, NULL, 1, 0, NULL, 1, '2017-03-18 22:00:00', '2017-03-19 09:53:23', '2017-03-19 09:53:23'),
(85, '100.00', NULL, 'رد عهدة بويات واقلام غرب الجولف', NULL, NULL, 9, NULL, 2, 0, NULL, 1, '2017-03-18 22:00:00', '2017-03-19 09:54:30', '2017-03-19 09:54:30'),
(86, NULL, '25.00', '1 ك بلاستيك غرب الجولف', 17, 4, NULL, NULL, NULL, 0, NULL, 1, '2017-03-18 22:00:00', '2017-03-19 09:56:33', '2017-03-19 09:56:33'),
(87, NULL, '8.00', 'رولا دهان غرب الجولف', 17, 4, NULL, NULL, NULL, 0, NULL, 1, '2017-03-18 22:00:00', '2017-03-19 09:57:56', '2017-03-19 09:57:56'),
(88, NULL, '3.00', 'عدد 2 قلم شغل غرب الجولف', 17, 4, NULL, NULL, NULL, 0, NULL, 1, '2017-03-18 22:00:00', '2017-03-19 10:11:06', '2017-03-19 10:11:06'),
(89, NULL, '1.00', 'كيس بريل شغل غرب الجولف', 17, 4, NULL, NULL, NULL, 0, NULL, 1, '2017-03-18 22:00:00', '2017-03-19 10:11:39', '2017-03-19 10:11:39'),
(90, NULL, '56.00', 'كارت شحن موبايل أ / بيشوى', NULL, NULL, NULL, NULL, 8, 0, NULL, 1, '2017-03-18 22:00:00', '2017-03-19 10:12:18', '2017-03-19 10:12:18'),
(91, '500.00', NULL, 'عهدة شراء حجارة بطارية شغل بوكتات بتروجيت', NULL, NULL, 6, NULL, 2, 0, NULL, 1, '2017-03-18 22:00:00', '2017-03-19 10:43:35', '2017-03-19 10:43:35'),
(92, NULL, '2000.00', 'عهدة شراء صاج شغل مستشفى الكلى  ( اوول وان )', NULL, NULL, 6, NULL, 1, 0, NULL, 1, '2017-03-18 22:00:00', '2017-03-19 10:44:37', '2017-03-19 12:20:54'),
(93, NULL, '180.00', 'بطاريات 9 فولت', 12, 2, NULL, NULL, NULL, 0, NULL, 1, '2017-03-18 22:00:00', '2017-03-19 10:45:34', '2017-03-19 12:20:57'),
(94, NULL, '50.00', 'تركيب اسلاك لمفاتيح اضائة البوكتات', 12, 2, NULL, NULL, NULL, 0, NULL, 1, '2017-03-18 22:00:00', '2017-03-19 10:46:26', '2017-03-19 12:21:01'),
(95, NULL, '10.00', 'مواصلات شراء بطاريات البوكتات', 12, 2, NULL, NULL, NULL, 0, NULL, 1, '2017-03-18 22:00:00', '2017-03-19 10:47:13', '2017-03-19 12:21:04'),
(96, NULL, '35.00', 'صنفرة صاروخ', 15, 2, NULL, NULL, NULL, 0, NULL, 1, '2017-03-18 22:00:00', '2017-03-19 10:48:09', '2017-03-19 12:21:08'),
(97, '100.00', NULL, 'رد عهدة  محمود تغير الأكريلك', NULL, NULL, 10, NULL, 2, 0, NULL, 1, '2017-03-18 22:00:00', '2017-03-19 10:49:47', '2017-03-19 12:21:11'),
(98, NULL, '45.00', 'اكل للعمال', 9, 2, NULL, NULL, NULL, 0, NULL, 1, '2017-03-18 22:00:00', '2017-03-19 11:01:45', '2017-03-19 12:21:14'),
(99, NULL, '4.00', 'مياه شرب للعمال', 9, 2, NULL, NULL, NULL, 0, NULL, 1, '2017-03-18 22:00:00', '2017-03-19 11:02:30', '2017-03-19 12:21:18'),
(100, NULL, '51.00', 'سلفة من مرتب شهر مارس', NULL, NULL, 10, NULL, 3, 0, NULL, 1, '2017-03-18 22:00:00', '2017-03-19 11:04:07', '2017-03-19 12:21:25'),
(101, NULL, '300.00', 'عهدة شراء ليدات شغل غرب الجولف', NULL, NULL, 10, NULL, 1, 0, NULL, 1, '2017-03-18 22:00:00', '2017-03-19 11:05:50', '2017-03-19 12:21:33'),
(102, NULL, '2500.00', 'باقى حساب راضى', 14, NULL, NULL, 5, NULL, 0, NULL, 1, '2017-03-18 22:00:00', '2017-03-19 11:38:37', '2017-03-19 12:21:36'),
(103, NULL, '300.00', 'نقل استاندات مارلبورو من مصر القديمة الى المصنع دوكو', 18, 9, NULL, NULL, NULL, 0, NULL, 1, '2017-03-18 22:00:00', '2017-03-19 11:48:41', '2017-03-19 12:21:41'),
(104, NULL, '100.00', 'عهدة كيرلس صواميل وورد وشرائط لحام شغل غرب الجولف', NULL, NULL, 9, NULL, 1, 0, NULL, 1, '2017-03-18 22:00:00', '2017-03-19 12:24:06', '2017-03-19 12:24:06'),
(105, NULL, '100.00', 'سلفة من مرتب شهر مارس', NULL, NULL, 8, NULL, 3, 0, NULL, 1, '2017-03-18 22:00:00', '2017-03-19 13:03:28', '2017-03-19 13:03:28'),
(106, '2000.00', NULL, 'رد عهدة شراء صاج شغل مستشفى الكلى  اوول وان احمد', NULL, NULL, 6, NULL, 2, 0, NULL, 1, '2017-03-18 22:00:00', '2017-03-19 13:40:48', '2017-03-19 13:40:48'),
(107, NULL, '840.00', 'عدد 2 لوح صاج 1ملل', 3, 12, NULL, NULL, NULL, 0, NULL, 1, '2017-03-18 22:00:00', '2017-03-19 13:45:22', '2017-03-19 13:51:09'),
(108, NULL, '680.00', 'عدد 2 لوح  .8ملل', 3, 12, NULL, NULL, NULL, 0, NULL, 1, '2017-03-18 22:00:00', '2017-03-19 13:47:10', '2017-03-19 14:02:23'),
(109, NULL, '40.00', 'تقطيع شرائح  صاج', 3, 12, NULL, NULL, NULL, 0, NULL, 1, '2017-03-18 22:00:00', '2017-03-19 13:48:25', '2017-03-19 14:02:29'),
(110, NULL, '200.00', 'عهدة اجمد طمان ( فرق العهدة ال 500 )', NULL, NULL, 6, NULL, 1, 0, NULL, 1, '2017-03-18 22:00:00', '2017-03-19 14:04:07', '2017-03-19 14:04:07'),
(112, NULL, '10.00', 'مواصلات شراء مسامير  بوكتات  بتروجيت', 12, 2, NULL, NULL, NULL, 0, NULL, 1, '2017-03-18 22:00:00', '2017-03-19 17:22:28', '2017-03-19 17:22:28'),
(113, '300.00', NULL, 'رد عهدة محمود شراء ليدات غرب الجولف', NULL, NULL, 10, NULL, 2, 0, NULL, 1, '2017-03-18 22:00:00', '2017-03-19 17:36:40', '2017-03-19 17:36:40'),
(114, NULL, '190.00', 'ليدات 3 نقطة شغل غرب  الجولف عدد 100', 17, 4, NULL, NULL, NULL, 0, NULL, 1, '2017-03-18 22:00:00', '2017-03-19 17:38:12', '2017-03-19 17:39:09'),
(115, NULL, '36.00', 'عدد 20 ليد شغل غرب الجولف', 17, 4, NULL, NULL, NULL, 0, NULL, 1, '2017-03-18 22:00:00', '2017-03-19 17:40:21', '2017-03-19 17:40:21'),
(116, NULL, '30.00', 'مواصلات شراء ليدات غرب الجولف', 17, 4, NULL, NULL, NULL, 0, NULL, 1, '2017-03-18 22:00:00', '2017-03-19 17:42:26', '2017-03-19 17:42:26'),
(117, NULL, '100.00', 'عهدة محمود مصاريف شغل خارجى عملية بتروجيت تغير بلاستيك يافطة خارجية', NULL, NULL, 10, NULL, 1, 0, NULL, 1, '2017-03-19 22:00:00', '2017-03-20 06:40:38', '2017-03-20 06:40:38'),
(118, NULL, '100.00', 'عهدة ياسر مواصلات مول المشير', NULL, NULL, 8, NULL, 1, 0, NULL, 1, '2017-03-19 22:00:00', '2017-03-20 07:43:20', '2017-03-20 07:43:20'),
(119, NULL, '11.00', 'كارت شحن موبايل احمد طمان', NULL, NULL, NULL, NULL, 8, 0, NULL, 1, '2017-03-19 22:00:00', '2017-03-20 07:53:17', '2017-03-20 07:53:17'),
(120, '20000.00', NULL, 'وارد من محمصة حازم خالص', 5, 13, NULL, NULL, NULL, 0, NULL, 1, '2017-03-19 22:00:00', '2017-03-20 07:59:00', '2017-03-20 07:59:00'),
(121, NULL, '15000.00', 'عهدة أ / بيشوى لشراء بلاستيك داى اند نايت + زجاج شغل بتروجيت', NULL, NULL, 1, NULL, 1, 0, NULL, 1, '2017-03-19 22:00:00', '2017-03-20 09:23:21', '2017-03-20 10:23:22'),
(122, '200.00', NULL, 'رد عهدة احمد طمان ( فرق عهدة ال 500)', NULL, NULL, 6, NULL, 2, 0, NULL, 1, '2017-03-19 22:00:00', '2017-03-20 10:19:10', '2017-03-20 10:19:10'),
(123, NULL, '800.00', 'عهدة احمد شراء قصدير +فينيل شغل مستشفى الكلى', NULL, NULL, 6, NULL, 1, 0, NULL, 1, '2017-03-19 22:00:00', '2017-03-20 10:20:33', '2017-03-20 14:28:49'),
(124, '800.00', NULL, 'رد عهدة احمد طمان لشراء قصدير +فينيل شغل مستشفى الكلى', NULL, NULL, 6, NULL, 2, 0, NULL, 1, '2017-03-19 22:00:00', '2017-03-20 16:01:49', '2017-03-20 16:01:49'),
(125, NULL, '655.00', '1ك قصدير + 1.5 رصاص شغل مستشفى الكلى', 3, 12, NULL, NULL, NULL, 0, NULL, 1, '2017-03-19 22:00:00', '2017-03-20 16:07:40', '2017-03-20 16:07:40'),
(126, NULL, '82.00', 'فينيل مصنفر  1 متر شغل بوكتات بتروجيت', 12, 2, NULL, NULL, NULL, 0, NULL, 1, '2017-03-19 22:00:00', '2017-03-20 16:08:48', '2017-03-20 16:08:48'),
(127, NULL, '14.00', 'مواصلات شراء قصدير + رصاص ( احمد طمان ) شغل مستشفى الكلى', 3, 12, NULL, NULL, NULL, 0, NULL, 1, '2017-03-19 22:00:00', '2017-03-20 16:10:20', '2017-03-20 16:10:20'),
(128, NULL, '500.00', 'عهدة احمد طمان تركيب اورانج مول العرب', NULL, NULL, 6, NULL, 1, 0, NULL, 1, '2017-03-19 22:00:00', '2017-03-20 16:22:32', '2017-03-20 16:22:32'),
(130, '200.00', NULL, 'رد عهدة حنا لصيانة الموبايلات', NULL, NULL, 11, NULL, 2, 0, NULL, 1, '2017-03-20 22:00:00', '2017-03-21 13:55:29', '2017-03-25 10:47:21'),
(131, '100.00', NULL, 'رد عهدة محمود مصاريف شغل خارجى عملية يتروجيت اكريلك خارجى', NULL, NULL, 10, NULL, 2, 0, NULL, 1, '2017-03-20 22:00:00', '2017-03-21 13:57:49', '2017-03-21 13:57:49'),
(132, NULL, '62.00', 'اكل عمال شغل بتروجيت اكريلك خارجى', 12, 2, NULL, NULL, NULL, 0, NULL, 1, '2017-03-20 22:00:00', '2017-03-21 13:59:11', '2017-03-21 14:10:08'),
(133, NULL, '8.00', 'مواصلات بتروجيت اكريلك التجمع', 12, 2, NULL, NULL, NULL, 0, NULL, 1, '2017-03-20 22:00:00', '2017-03-21 13:59:47', '2017-03-21 13:59:47'),
(134, NULL, '7.50', 'شاى  للعمال شغل اكريلك بتروجيت', 12, 2, NULL, NULL, NULL, 0, NULL, 1, '2017-03-20 22:00:00', '2017-03-21 14:00:37', '2017-03-21 14:00:37'),
(136, NULL, '100.00', 'عهدة محمود شغل بتروجيت اليافطة الخارجية', NULL, NULL, 10, NULL, 1, 0, NULL, 1, '2017-03-20 22:00:00', '2017-03-21 14:03:51', '2017-03-21 14:03:51'),
(137, NULL, '190.00', 'بطارية موبيل + شاشة', NULL, NULL, NULL, NULL, 8, 0, NULL, 1, '2017-03-20 22:00:00', '2017-03-21 15:33:43', '2017-03-21 15:33:43'),
(138, NULL, '250.00', 'خالص حساب يوم تركيب العداد', 6, NULL, NULL, 3, NULL, 0, NULL, 1, '2017-03-20 22:00:00', '2017-03-21 15:34:38', '2017-03-21 15:34:38'),
(139, NULL, '2000.00', 'من مديونية حمد وباقى  يوم فرح قريب حمد5000', NULL, NULL, NULL, NULL, 5, 0, 'أ/ بيشوى', 1, '2017-03-20 22:00:00', '2017-03-21 15:36:28', '2017-03-21 15:36:28'),
(140, NULL, '2000.00', 'خالص حساب تقطيع بلاستك +الخامة', 16, NULL, NULL, 7, NULL, 0, NULL, 1, '2017-03-20 22:00:00', '2017-03-21 15:38:44', '2017-03-21 15:38:44'),
(141, NULL, '1000.00', 'اصلاح كاميرات', NULL, NULL, NULL, NULL, 5, 0, NULL, 1, '2017-03-20 22:00:00', '2017-03-21 15:50:45', '2017-03-21 15:50:45'),
(142, '15000.00', NULL, 'مريجع العهدة', NULL, NULL, 1, NULL, 2, 0, NULL, 1, '2017-03-20 22:00:00', '2017-03-21 15:51:35', '2017-03-21 15:51:35'),
(143, NULL, '5500.00', 'عدد3لوح بلاستك دى اند نيت', 14, 2, NULL, NULL, NULL, 0, NULL, 1, '2017-03-20 22:00:00', '2017-03-21 15:54:13', '2017-03-21 15:54:13'),
(144, NULL, '6000.00', 'خالص حساب الافتة الزجاج', 11, 2, NULL, NULL, NULL, 0, NULL, 1, '2017-03-20 22:00:00', '2017-03-21 15:54:52', '2017-03-21 15:54:52'),
(145, NULL, '2414.00', 'ضبل فيس', 11, 2, NULL, NULL, NULL, 0, NULL, 1, '2017-03-20 22:00:00', '2017-03-21 16:01:43', '2017-03-21 16:01:43'),
(146, NULL, '286.00', 'بنزين سارة أ بيشوى', NULL, NULL, NULL, NULL, 5, 0, NULL, 1, '2017-03-20 22:00:00', '2017-03-21 16:03:01', '2017-03-21 16:03:47'),
(147, NULL, '4.00', 'صابونة وجه', NULL, NULL, NULL, NULL, 5, 0, NULL, 1, '2017-03-20 22:00:00', '2017-03-21 16:13:09', '2017-03-21 16:13:09'),
(148, NULL, '5.00', 'عدد 2 قلم جاف للمكتب', NULL, NULL, NULL, NULL, 6, 0, NULL, 1, '2017-03-20 22:00:00', '2017-03-21 16:22:45', '2017-03-21 16:22:45'),
(149, NULL, '240.00', 'عدد 1 لوح خشب mdf شغل deel mce', 4, 3, NULL, NULL, NULL, 0, NULL, 1, '2017-03-20 22:00:00', '2017-03-21 17:49:06', '2017-03-21 17:49:06'),
(150, NULL, '100.00', 'سلفة عادل من مرتب شهر مارس', NULL, NULL, 12, NULL, 3, 0, NULL, 1, '2017-03-20 22:00:00', '2017-03-21 17:51:04', '2017-03-21 17:51:04'),
(151, NULL, '22.50', 'سلفة محمود من مرتب شهر مارس', NULL, NULL, 10, NULL, 3, 0, NULL, 1, '2017-03-20 22:00:00', '2017-03-21 17:56:02', '2017-03-21 17:56:02'),
(152, '500.00', NULL, 'رد عهدة احمد طمان تركيب اورانج مول العرب', NULL, NULL, 6, NULL, 2, 0, NULL, 1, '2017-03-21 22:00:00', '2017-03-22 09:06:52', '2017-03-22 09:06:52'),
(153, NULL, '8.00', 'كيس قطن', 1, 1, NULL, NULL, NULL, 0, NULL, 1, '2017-03-21 22:00:00', '2017-03-22 09:07:22', '2017-03-22 09:07:22'),
(154, NULL, '20.00', 'شاى + سكر', 1, 1, NULL, NULL, NULL, 0, NULL, 1, '2017-03-21 22:00:00', '2017-03-22 09:07:44', '2017-03-22 09:07:44'),
(155, NULL, '125.00', 'اكل للعمال', 1, 1, NULL, NULL, NULL, 0, NULL, 1, '2017-03-21 22:00:00', '2017-03-22 09:08:14', '2017-03-22 09:08:14'),
(156, NULL, '30.00', 'مواصلات العمال الى اورانج مول العرب', 1, 1, NULL, NULL, NULL, 0, NULL, 1, '2017-03-21 22:00:00', '2017-03-22 09:12:13', '2017-03-22 09:12:13'),
(157, '100000.00', NULL, 'دفعة من حساب مول المشير', 7, 14, NULL, NULL, NULL, 0, NULL, 1, '2017-03-21 22:00:00', '2017-03-22 09:42:59', '2017-03-22 09:42:59'),
(158, NULL, '20000.00', 'رصيد بالبنك', NULL, NULL, NULL, NULL, 5, 0, NULL, 1, '2017-03-21 22:00:00', '2017-03-22 09:44:10', '2017-03-22 09:44:10'),
(159, NULL, '10366.00', 'رصيد بالبنك لصرف شيك حساب الضرائب العامة', NULL, NULL, NULL, NULL, 11, 0, NULL, 1, '2017-03-21 22:00:00', '2017-03-22 10:06:44', '2017-03-22 10:13:20'),
(160, NULL, '2000.00', 'عهدة احمد طمان لشراء خشب عملية مارلبورو', NULL, NULL, 6, NULL, 1, 0, NULL, 1, '2017-03-21 22:00:00', '2017-03-22 10:09:26', '2017-03-22 10:13:41'),
(161, '100.00', NULL, 'رد عهدة ياسر مواصلات مول المشير', NULL, NULL, 8, NULL, 2, 0, NULL, 1, '2017-03-21 22:00:00', '2017-03-22 11:00:15', '2017-03-22 11:00:15'),
(162, NULL, '20.00', 'تيش شغل مول العرب ر', 1, 1, NULL, NULL, NULL, 0, NULL, 1, '2017-03-21 22:00:00', '2017-03-22 11:01:50', '2017-03-22 11:02:12'),
(163, NULL, '30.00', 'مواصلات العمال مول المشير ذهاب', 7, 14, NULL, NULL, NULL, 0, NULL, 1, '2017-03-21 22:00:00', '2017-03-22 11:03:13', '2017-03-22 11:05:00'),
(164, NULL, '25.00', 'مواصلات عودة من مول المشير', 7, 14, NULL, NULL, NULL, 0, NULL, 1, '2017-03-21 22:00:00', '2017-03-22 11:05:33', '2017-03-22 11:05:33'),
(165, NULL, '25.00', 'اكل عمال شغل مول المشير ( ياسر + كيرلس)', 7, 14, NULL, NULL, NULL, 0, NULL, 1, '2017-03-21 22:00:00', '2017-03-22 11:06:54', '2017-03-22 11:06:54'),
(166, NULL, '100.00', 'سلفة محمود من مرتب شهر مارس', NULL, NULL, 10, NULL, 3, 0, NULL, 1, '2017-03-21 22:00:00', '2017-03-22 11:07:56', '2017-03-22 11:07:56'),
(167, NULL, '100.00', 'سلفة ياسر من مرتب شهر مارس', NULL, NULL, 8, NULL, 3, 0, NULL, 1, '2017-03-21 22:00:00', '2017-03-22 11:09:40', '2017-03-22 11:09:40'),
(168, NULL, '300.00', 'عهدة ياسر شغل اللافتة الزجاج بتروجت', NULL, NULL, 8, NULL, 1, 0, NULL, 1, '2017-03-21 22:00:00', '2017-03-22 11:11:09', '2017-03-22 11:11:09'),
(169, NULL, '5000.00', 'عهدة أ / بيشوى', NULL, NULL, 1, NULL, 1, 0, NULL, 1, '2017-03-21 22:00:00', '2017-03-22 12:14:12', '2017-03-22 12:14:12'),
(170, NULL, '2567.00', 'شراء عدد 3 لوح اكريلك ازرق غامق', 13, 6, NULL, NULL, NULL, 0, NULL, 1, '2017-03-21 22:00:00', '2017-03-22 15:46:55', '2017-03-22 15:48:23'),
(171, NULL, '3724.00', 'شراء عدد 3 لوح مصدف 2م * 130سم', 13, 6, NULL, NULL, NULL, 0, NULL, 1, '2017-03-21 22:00:00', '2017-03-22 15:50:02', '2017-03-22 15:50:02'),
(172, NULL, '52.00', 'شراء عدد 1 زجاجة بولى فاست', 13, 6, NULL, NULL, NULL, 0, NULL, 1, '2017-03-21 22:00:00', '2017-03-22 15:51:56', '2017-03-22 15:51:56'),
(173, NULL, '40.00', 'نقل + اكرامية ( نقل الواح الأكريلك + البولى فاست )', 13, 6, NULL, NULL, NULL, 0, NULL, 1, '2017-03-21 22:00:00', '2017-03-22 15:55:15', '2017-03-22 15:55:15'),
(174, '2000.00', NULL, 'وارد من حساب سبيكترم  عملية ستون بارك  1 خالص', 6, 7, NULL, NULL, NULL, 0, NULL, 1, '2017-03-21 22:00:00', '2017-03-22 15:57:47', '2017-03-22 16:00:54'),
(175, '2500.00', NULL, 'وارد من حساب سبيكترم  عملية ستون بارك 2', 8, 7, NULL, NULL, NULL, 0, NULL, 1, '2017-03-21 22:00:00', '2017-03-22 16:00:34', '2017-03-22 16:01:21'),
(176, NULL, '30.00', 'مواصلات عدد2 مرة تحصيل سبيكترم', NULL, NULL, NULL, NULL, 5, 0, NULL, 1, '2017-03-21 22:00:00', '2017-03-22 16:10:19', '2017-03-22 16:10:19'),
(177, '300.00', NULL, 'رد عهدة ياسر شغل اللافتة الزجاج بتروجيت', NULL, NULL, 8, NULL, 2, 0, NULL, 1, '2017-03-21 22:00:00', '2017-03-22 16:17:54', '2017-03-22 16:17:54'),
(178, NULL, '160.00', 'شراء عدد 2 زاوية المونيوم', 11, 2, NULL, NULL, NULL, 0, NULL, 1, '2017-03-21 22:00:00', '2017-03-22 16:19:54', '2017-03-22 16:19:54'),
(179, NULL, '60.00', 'علبة مسامير 6سم', 11, 2, NULL, NULL, NULL, 0, NULL, 1, '2017-03-21 22:00:00', '2017-03-22 16:21:46', '2017-03-22 16:21:46'),
(180, NULL, '10.00', 'عدد 1 8مم حدادى', 11, 2, NULL, NULL, NULL, 0, NULL, 1, '2017-03-21 22:00:00', '2017-03-22 16:22:57', '2017-03-22 16:22:57'),
(181, NULL, '10.00', 'بنطة 6 مم هيلتى', 11, 2, NULL, NULL, NULL, 0, NULL, 1, '2017-03-21 22:00:00', '2017-03-22 16:25:40', '2017-03-22 16:27:05'),
(182, NULL, '5.00', 'بنطة 5 مم حدادى', 11, 2, NULL, NULL, NULL, 0, NULL, 1, '2017-03-21 22:00:00', '2017-03-22 16:27:38', '2017-03-22 16:27:38'),
(183, NULL, '55.00', 'عهدة ياسر شراء مستلزمات للورشة', NULL, NULL, 8, NULL, 1, 0, NULL, 1, '2017-03-21 22:00:00', '2017-03-22 16:33:24', '2017-03-22 16:33:24'),
(184, NULL, '1000.00', 'من حساب الأستورجى شغل مارلبورو', 18, 9, NULL, NULL, NULL, 0, NULL, 1, '2017-03-22 22:00:00', '2017-03-23 10:17:08', '2017-03-23 10:17:08'),
(185, NULL, '3750.00', 'عدد 50 علبة حديد 2 سم * 3 سم مول المشير', 7, 14, NULL, NULL, NULL, 0, NULL, 1, '2017-03-22 22:00:00', '2017-03-23 10:18:14', '2017-03-23 10:18:14'),
(186, NULL, '20400.00', 'عدد 20 لوح ديبوند مول المشير', 7, 14, NULL, NULL, NULL, 0, NULL, 1, '2017-03-22 22:00:00', '2017-03-23 10:18:58', '2017-03-23 10:18:58'),
(187, NULL, '4350.00', 'باقى حسلب الفاتورة الضريبية من شهر 11 / 2016  القبطان', NULL, NULL, NULL, NULL, 5, 0, NULL, 1, '2017-03-22 22:00:00', '2017-03-23 12:06:52', '2017-03-23 19:30:58'),
(188, '2000.00', NULL, 'رد عهدة احمد طمان لشراء خشب مارلبورو', NULL, NULL, 6, NULL, 2, 0, NULL, 1, '2017-03-22 22:00:00', '2017-03-23 12:10:07', '2017-03-23 12:10:07'),
(189, NULL, '990.00', 'عدد 3 لوح خشب 18 مم اسباى اللافتة الزجاج بتروجيت', 11, 2, NULL, NULL, NULL, 0, NULL, 1, '2017-03-22 22:00:00', '2017-03-23 12:18:50', '2017-03-23 12:18:50'),
(190, NULL, '125.00', 'تقطيع راوتر خشب اللافتة الزجاج بتروجيت', 11, 2, NULL, NULL, NULL, 0, NULL, 1, '2017-03-22 22:00:00', '2017-03-23 12:19:53', '2017-03-23 12:19:53'),
(191, NULL, '110.00', 'سيلر + ثنر اللافتة الزجاج بتروجيت', 11, 2, NULL, NULL, NULL, 0, NULL, 1, '2017-03-22 22:00:00', '2017-03-23 12:20:45', '2017-03-23 12:20:45'),
(192, NULL, '150.00', 'حساب رش السيلر اللافتة الزجاج بتروجيت', 11, 2, NULL, NULL, NULL, 0, NULL, 1, '2017-03-22 22:00:00', '2017-03-23 12:21:45', '2017-03-23 12:21:45'),
(193, NULL, '4.00', 'مواصلات عبدالله رفاعى  الأستورجى اللافتة الزجاج بتروجيت', 11, 2, NULL, NULL, NULL, 0, NULL, 1, '2017-03-22 22:00:00', '2017-03-23 12:22:50', '2017-03-23 12:22:50'),
(194, NULL, '10.00', 'نقل استاندات مارلبورو من جورج الى رومانى مارلبورو', 18, 9, NULL, NULL, NULL, 0, NULL, 1, '2017-03-22 22:00:00', '2017-03-23 12:24:11', '2017-03-23 12:24:11'),
(195, NULL, '15.00', 'مواصلات جورج النجار ( توكتوك ) 3 مرات مارلبورو', 18, 9, NULL, NULL, NULL, 0, NULL, 1, '2017-03-22 22:00:00', '2017-03-23 12:25:39', '2017-03-23 12:25:39'),
(196, NULL, '100.00', 'مشمع 6 م مارلبورو', 18, 9, NULL, NULL, NULL, 0, NULL, 1, '2017-03-22 22:00:00', '2017-03-23 12:26:41', '2017-03-23 12:26:41'),
(197, NULL, '5.00', 'لزق مارلبورو', 18, 9, NULL, NULL, NULL, 0, NULL, 1, '2017-03-22 22:00:00', '2017-03-23 12:27:42', '2017-03-23 12:27:42'),
(198, NULL, '60.00', 'باكو سلك لحام مول المشير', 7, 14, NULL, NULL, NULL, 0, NULL, 1, '2017-03-22 22:00:00', '2017-03-23 12:28:26', '2017-03-23 12:29:29'),
(199, NULL, '8.00', 'مواصلات الى القبطان مول المشير', 7, 14, NULL, NULL, NULL, 0, NULL, 1, '2017-03-22 22:00:00', '2017-03-23 12:29:59', '2017-03-23 12:29:59'),
(200, NULL, '250.00', 'حساب الفورشجى  يافطة استكانة  خالص', 2, 10, NULL, NULL, NULL, 0, NULL, 1, '2017-03-22 22:00:00', '2017-03-23 13:08:37', '2017-03-23 13:08:39'),
(201, NULL, '50.00', 'نقل استانلس من الفورشجى الى المصنع شغل استكانة', 2, 10, NULL, NULL, NULL, 0, NULL, 1, '2017-03-22 22:00:00', '2017-03-23 13:16:19', '2017-03-23 13:16:19'),
(202, '100.00', NULL, 'رد عهدة محمود شغل بتروجيت اليافطة الخار', NULL, NULL, 10, NULL, 2, 0, NULL, 1, '2017-03-22 22:00:00', '2017-03-23 17:23:47', '2017-03-23 17:26:49'),
(203, NULL, '60.00', 'تاكسى ذهاب الى بتروجيت  عملية اليافطة الخارجية', 9, 2, NULL, NULL, NULL, 0, NULL, 1, '2017-03-22 22:00:00', '2017-03-23 17:27:14', '2017-03-23 17:27:14'),
(204, NULL, '76.00', 'تاكسى عودة من بتروجيت عملية اليافطة الخارجية', 9, 2, NULL, NULL, NULL, 0, NULL, 1, '2017-03-22 22:00:00', '2017-03-23 17:30:24', '2017-03-23 17:30:24'),
(205, NULL, '27.00', 'غذاء وشاى للعمال', 11, 2, NULL, NULL, NULL, 0, NULL, 1, '2017-03-22 22:00:00', '2017-03-23 17:32:15', '2017-03-23 17:32:15'),
(206, NULL, '34.00', 'اكل للعمال شغل اليافطة الزجاج', 11, 2, NULL, NULL, NULL, 0, NULL, 1, '2017-03-22 22:00:00', '2017-03-23 17:34:38', '2017-03-23 17:36:23'),
(207, NULL, '18.00', 'مواصلات العمال الي بتروجت اليافطة الزجاج', 11, 2, NULL, NULL, NULL, 0, NULL, 1, '2017-03-22 22:00:00', '2017-03-23 17:38:17', '2017-03-23 17:38:17'),
(208, NULL, '15.00', 'مواصلات العمال الى بتروجيت اليافطة الزجاج', 11, 2, NULL, NULL, NULL, 0, NULL, 1, '2017-03-22 22:00:00', '2017-03-23 17:40:28', '2017-03-23 17:40:28'),
(209, NULL, '5.00', 'شاى للعمال بتروجيت اليافطة الزجاج', 11, 2, NULL, NULL, NULL, 0, NULL, 1, '2017-03-22 22:00:00', '2017-03-23 17:42:02', '2017-03-23 17:42:02'),
(210, NULL, '800.00', 'باقى حساب مهندس الكاميرات', NULL, NULL, NULL, NULL, 5, 0, NULL, 1, '2017-03-22 22:00:00', '2017-03-23 17:43:57', '2017-03-23 17:43:57'),
(211, NULL, '200.00', 'عهدة جرجس تركيب يافطة استكانة', NULL, NULL, 7, NULL, 1, 0, NULL, 1, '2017-03-22 22:00:00', '2017-03-23 18:23:38', '2017-03-23 18:38:52'),
(212, NULL, '200.00', 'نقل العدة الى بتروجيت 22/', 12, NULL, NULL, 4, NULL, 0, NULL, 1, '2017-03-22 22:00:00', '2017-03-23 18:24:53', '2017-03-23 18:39:02'),
(213, NULL, '200.00', 'الذهاب من المصنع الى التجمع + انتظار', 12, NULL, NULL, 4, NULL, 0, NULL, 1, '2017-03-22 22:00:00', '2017-03-23 18:29:24', '2017-03-23 18:39:07'),
(214, NULL, '50.00', 'نقل العدة من بتروجيت الى المصنع', 12, NULL, NULL, 4, NULL, 0, NULL, 1, '2017-03-22 22:00:00', '2017-03-23 18:34:51', '2017-03-23 18:39:10'),
(215, NULL, '100.00', 'نقل العدة من مدينة نصر', 12, NULL, NULL, 4, NULL, 0, NULL, 1, '2017-03-22 22:00:00', '2017-03-23 18:40:45', '2017-03-23 18:40:45'),
(216, '5000.00', NULL, 'رد عهدة ا / بيشوى', NULL, NULL, 1, NULL, 2, 0, NULL, 1, '2017-03-22 22:00:00', '2017-03-23 20:24:49', '2017-03-23 20:24:49'),
(217, NULL, '1650.00', 'مصنعية زجاج بتروجيت ( محمد جلاس )', 11, 2, NULL, NULL, NULL, 0, NULL, 1, '2017-03-22 22:00:00', '2017-03-23 20:25:47', '2017-03-23 20:25:47'),
(218, NULL, '100.00', 'اكل للعمال بتروجيت الافتة الزجاج', 11, 2, NULL, NULL, NULL, 0, NULL, 1, '2017-03-22 22:00:00', '2017-03-23 20:26:47', '2017-03-23 20:26:47'),
(219, NULL, '500.00', 'حساب الغفير مول المشير', 7, 14, NULL, NULL, NULL, 0, NULL, 1, '2017-03-22 22:00:00', '2017-03-23 20:27:17', '2017-03-23 20:27:17'),
(220, NULL, '300.00', 'بنزين سيارة ملاكى أ / بيشوى', NULL, NULL, NULL, NULL, 13, 0, NULL, 1, '2017-03-22 22:00:00', '2017-03-23 20:28:14', '2017-03-23 20:28:14'),
(221, NULL, '25000.00', 'عهدة أ / بيشوى', NULL, NULL, 1, NULL, 1, 0, NULL, 1, '2017-03-22 22:00:00', '2017-03-23 20:28:48', '2017-03-23 20:28:48'),
(222, NULL, '100.00', 'سلفة احمد طمان من مرتب شهر مارس', NULL, NULL, 6, NULL, 3, 0, NULL, 1, '2017-03-22 22:00:00', '2017-03-23 20:29:37', '2017-03-23 20:29:37'),
(223, NULL, '100.00', 'سلفة ياسر من مرتب شهر مارس', NULL, NULL, 8, NULL, 3, 0, NULL, 1, '2017-03-22 22:00:00', '2017-03-23 20:30:05', '2017-03-23 20:30:05'),
(224, '100.00', NULL, 'رد عهدة كيرلس شغل غرب الجولف فى 19 / 3', NULL, NULL, 9, NULL, 2, 0, NULL, 1, '2017-03-24 22:00:00', '2017-03-25 08:54:02', '2017-03-25 08:54:02'),
(225, NULL, '7.50', 'صواميل 13مم شغل غرب الجولف', 17, 4, NULL, NULL, NULL, 0, NULL, 1, '2017-03-24 22:00:00', '2017-03-25 08:55:09', '2017-03-25 08:55:09'),
(226, NULL, '7.50', 'ورد 13 مم شغل غرب الجولف', 17, 4, NULL, NULL, NULL, 0, NULL, 1, '2017-03-24 22:00:00', '2017-03-25 08:55:51', '2017-03-25 08:55:51'),
(227, NULL, '6.00', 'زجاجة سبيرتو  شغل غرب الجولف', 17, 4, NULL, NULL, NULL, 0, NULL, 1, '2017-03-24 22:00:00', '2017-03-25 08:56:27', '2017-03-25 08:56:27'),
(228, NULL, '7.00', 'شريط لحام شغل غرب الجولف', 17, 4, NULL, NULL, NULL, 0, NULL, 1, '2017-03-24 22:00:00', '2017-03-25 08:56:54', '2017-03-26 18:38:13'),
(229, NULL, '30.00', 'مواصلات 3 عمال ( ياسر+ عمر + عادل ) شغل بتروجيت اليافطة الخارجية', 9, 2, NULL, NULL, NULL, 0, NULL, 1, '2017-03-24 22:00:00', '2017-03-25 08:58:04', '2017-03-25 08:58:04'),
(230, NULL, '3.50', 'باكو شاى للعمال شغل مول المشير', 7, 14, NULL, NULL, NULL, 0, NULL, 1, '2017-03-24 22:00:00', '2017-03-25 08:58:36', '2017-03-25 08:58:36'),
(231, NULL, '5.00', 'عدد 2 قلم غرب الجولف', 17, 4, NULL, NULL, NULL, 0, NULL, 1, '2017-03-24 22:00:00', '2017-03-25 08:59:26', '2017-03-25 09:02:20'),
(232, '55.00', NULL, 'رد عهدة ياسر لشراء مستلزمات للورشة', NULL, NULL, 8, NULL, 2, 0, NULL, 1, '2017-03-24 22:00:00', '2017-03-25 09:03:40', '2017-03-25 09:03:40'),
(233, NULL, '200.00', 'عهدة ياسر شغل مول المشير لشراء ( قطر + لقم صليبة + مصاريف تركيب )', NULL, NULL, 8, NULL, 1, 0, NULL, 1, '2017-03-24 22:00:00', '2017-03-25 09:03:57', '2017-03-25 09:03:57'),
(234, NULL, '55.00', 'ميزان مياه للمصنع', NULL, NULL, NULL, NULL, 4, 0, NULL, 1, '2017-03-24 22:00:00', '2017-03-25 09:39:04', '2017-03-25 09:39:04'),
(235, NULL, '100.00', 'عهدة كيرلس لشراء صنفرة +علبة قطرات لوجو الكونتر', NULL, NULL, 9, NULL, 1, 0, NULL, 1, '2017-03-24 22:00:00', '2017-03-25 09:40:01', '2017-03-25 09:40:01'),
(236, NULL, '200.00', 'عهدة حنا صيانة موبايلات', NULL, NULL, 11, NULL, 1, 0, NULL, 1, '2017-03-19 22:00:00', '2017-03-25 10:50:22', '2017-03-25 10:50:22'),
(237, NULL, '17.50', 'قلم دوكو للمصنع', NULL, NULL, NULL, NULL, 4, 0, NULL, 1, '2017-03-24 22:00:00', '2017-03-25 11:53:20', '2017-03-25 15:22:00'),
(240, NULL, '4560.00', 'عدد 3 لوح استانلس مصنفر 1 مم', 4, 3, NULL, NULL, NULL, 0, NULL, 1, '2017-03-24 22:00:00', '2017-03-25 12:17:50', '2017-03-26 21:52:03'),
(241, NULL, '100.00', 'نقل الأستانلس من السبتية الى المصنع', 4, 3, NULL, NULL, NULL, 0, NULL, 1, '2017-03-24 22:00:00', '2017-03-25 12:22:51', '2017-03-25 12:22:51'),
(242, NULL, '65.00', 'عدد 10صنفرة صاروخ +  2 علبة شربون للمصنع', NULL, NULL, NULL, NULL, 4, 0, NULL, 1, '2017-03-24 22:00:00', '2017-03-25 12:25:11', '2017-03-26 21:52:06'),
(243, NULL, '50.00', 'عهدة احمد طمان مواصلات للفورشجى', NULL, NULL, 6, NULL, 1, 0, NULL, 1, '2017-03-24 22:00:00', '2017-03-25 12:25:48', '2017-03-26 21:55:00'),
(244, NULL, '225.00', 'عدد 3 علبة مقاس 2 * 3', 19, 15, NULL, NULL, NULL, 0, NULL, 1, '2017-03-24 22:00:00', '2017-03-25 12:32:32', '2017-03-25 19:09:38'),
(245, NULL, '15.00', 'مسال العلب الحديد 2 * 3 الى المصنع', 19, 15, NULL, NULL, NULL, 0, NULL, 1, '2017-03-24 22:00:00', '2017-03-25 12:33:55', '2017-03-25 19:09:46'),
(246, '100.00', NULL, 'رد عهعدد 3 علبة مقاس 2 * 3دة كبرلس شراء صنفرة صاروخ + علبة قطرات', NULL, NULL, 9, NULL, 2, 0, NULL, 1, '2017-03-24 22:00:00', '2017-03-25 12:38:21', '2017-03-25 19:09:49'),
(247, NULL, '17.00', 'قطرات عدد 10 قطرات ( علبة قطرات ) شغل لوجو كونتر', 15, 2, NULL, NULL, NULL, 0, NULL, 1, '2017-03-24 22:00:00', '2017-03-25 12:39:36', '2017-03-25 12:39:36'),
(248, NULL, '18.00', 'فدية صنفرة شغل لوجو الكونتر', 15, 2, NULL, NULL, NULL, 0, NULL, 1, '2017-03-24 22:00:00', '2017-03-25 12:40:08', '2017-03-25 12:40:08'),
(249, NULL, '10.00', 'كوبيات للمصنع', NULL, NULL, NULL, NULL, 5, 0, NULL, 1, '2017-03-24 22:00:00', '2017-03-25 12:40:59', '2017-03-25 12:40:59'),
(250, NULL, '56.00', 'كارت شحن أ / بيشوى', NULL, NULL, NULL, NULL, 8, 0, NULL, 1, '2017-03-24 22:00:00', '2017-03-25 13:36:09', '2017-03-25 13:36:09'),
(251, NULL, '160.00', 'اكرامية موظفين صيانة الكهرباء', NULL, NULL, NULL, NULL, 5, 0, NULL, 1, '2017-03-24 22:00:00', '2017-03-25 14:05:03', '2017-03-25 14:05:03'),
(252, NULL, '1000.00', 'عماد من أ / بيشوى ( ظروف وفاة والدة )', NULL, NULL, NULL, NULL, 5, 0, NULL, 1, '2017-03-24 22:00:00', '2017-03-25 15:21:32', '2017-03-25 15:24:58'),
(254, NULL, '120.00', 'حساب نقل حروف بلاستيك من هانى جولد الى المصنع شغل ايطاليآ', 19, 15, NULL, NULL, NULL, 0, NULL, 1, '2017-03-24 22:00:00', '2017-03-25 18:33:13', '2017-03-26 22:13:39'),
(255, NULL, '80.00', 'نقل لوح بلاستيك من سبيرو الى المصنع استاندات مارلبورو', 18, 9, NULL, NULL, NULL, 0, NULL, 1, '2017-03-24 22:00:00', '2017-03-25 18:34:12', '2017-03-25 18:34:12'),
(256, '50.00', NULL, 'ردعهدة احمد طمان مواصلات الفورشجى', NULL, NULL, 6, NULL, 2, 0, NULL, 1, '2017-03-24 22:00:00', '2017-03-25 18:48:19', '2017-03-25 18:48:19'),
(257, NULL, '14.00', 'مواصلات الى مجدى الفورشجى لوجو كونتر بتروجيت', 15, 2, NULL, NULL, NULL, 0, NULL, 1, '2017-03-24 22:00:00', '2017-03-25 18:49:07', '2017-03-25 18:49:07'),
(258, NULL, '11.50', 'كارت شحن احمد طمان', NULL, NULL, NULL, NULL, 8, 0, NULL, 1, '2017-03-24 22:00:00', '2017-03-25 18:49:43', '2017-03-25 18:49:43'),
(259, NULL, '1.00', 'تصوير ورق محضر الكهرباء', NULL, NULL, NULL, NULL, 5, 0, NULL, 1, '2017-03-24 22:00:00', '2017-03-25 18:50:09', '2017-03-25 18:50:09'),
(263, NULL, '50.00', 'عهدة محمود شراء انبوبة سيلكون شغل استاندات مارلبورو', NULL, NULL, 10, NULL, 1, 0, NULL, 1, '2017-03-25 22:00:00', '2017-03-26 08:56:10', '2017-03-26 20:31:40'),
(264, NULL, '15.00', 'مواصلات جرجس لأحضار فينيل شغل مارلبورو من م / امير', 18, 9, NULL, NULL, NULL, 0, NULL, 1, '2017-03-25 22:00:00', '2017-03-26 15:37:42', '2017-03-26 20:35:04'),
(265, NULL, '18.00', 'مواصلات حنا لصرف شيك م / طاهر غبد الفتاح', NULL, NULL, NULL, NULL, 5, 0, NULL, 1, '2017-03-25 22:00:00', '2017-03-26 15:39:03', '2017-03-26 15:39:03'),
(266, '20000.00', NULL, 'دفعة من حساب عملية فورنارى م / جون فليمون', 20, 3, NULL, NULL, NULL, 0, NULL, 1, '2017-03-25 22:00:00', '2017-03-26 15:49:15', '2017-03-26 15:49:15'),
(267, '13500.00', NULL, 'وارد من شغل كلاين م / طاهر عبد الفتاح', 19, 15, NULL, NULL, NULL, 0, NULL, 1, '2017-03-25 22:00:00', '2017-03-26 15:53:13', '2017-03-26 16:30:15'),
(268, NULL, '2150.00', 'رد سلفة من علاء بيد أ / بيشوى', NULL, NULL, NULL, NULL, 5, 0, NULL, 1, '2017-03-25 22:00:00', '2017-03-26 15:54:17', '2017-03-26 15:54:17'),
(269, '25000.00', NULL, 'رد عهدة أ / بيشوى', NULL, NULL, 1, NULL, 2, 0, NULL, 1, '2017-03-25 22:00:00', '2017-03-26 16:31:27', '2017-03-26 16:31:27'),
(270, NULL, '827.00', 'بلاستيك خامة للمصنع', NULL, NULL, NULL, NULL, 5, 0, NULL, 1, '2017-03-25 22:00:00', '2017-03-26 16:34:21', '2017-03-26 16:34:21'),
(271, NULL, '2700.00', 'بلاستيك شغل مارلبورو', 18, 9, NULL, NULL, NULL, 0, NULL, 1, '2017-03-25 22:00:00', '2017-03-26 16:34:50', '2017-03-26 16:34:50'),
(272, NULL, '1650.00', 'كاوتش مول المشير', 7, 14, NULL, NULL, NULL, 0, NULL, 1, '2017-03-25 22:00:00', '2017-03-26 16:35:21', '2017-03-26 16:35:21'),
(273, NULL, '2700.00', 'شراء استاندات ذهبية عملية استاندات مكاتب بتروجيت', 21, 2, NULL, NULL, NULL, 0, NULL, 1, '2017-03-25 22:00:00', '2017-03-26 16:38:22', '2017-03-26 16:38:22'),
(274, NULL, '30.00', 'فينيل شغل مارلبورو', 18, 9, NULL, NULL, NULL, 0, NULL, 1, '2017-03-25 22:00:00', '2017-03-26 16:39:40', '2017-03-26 16:39:40'),
(275, NULL, '30.00', '1 م فينيل شغل ايطاليآ', 19, 15, NULL, NULL, NULL, 0, NULL, 1, '2017-03-25 22:00:00', '2017-03-26 16:40:19', '2017-03-26 16:40:19'),
(276, NULL, '610.00', 'ليدات + ترانسات شغل مالبورو', 18, 9, NULL, NULL, NULL, 0, NULL, 1, '2017-03-25 22:00:00', '2017-03-26 16:46:46', '2017-03-26 16:46:46'),
(277, NULL, '170.00', 'قطاع جلو لايت 40 سم', 19, 15, NULL, NULL, NULL, 0, NULL, 1, '2017-03-25 22:00:00', '2017-03-26 16:46:59', '2017-03-26 16:46:59'),
(278, NULL, '12.00', 'موا10صلات شراء ليدات م / طاهر', 19, 15, NULL, NULL, NULL, 0, NULL, 1, '2017-03-25 22:00:00', '2017-03-26 16:47:52', '2017-03-26 17:05:54'),
(279, NULL, '100.00', 'من حساب مجدى الفورشجى', 15, 2, NULL, NULL, NULL, 0, NULL, 1, '2017-03-25 22:00:00', '2017-03-26 16:48:34', '2017-03-26 16:48:34'),
(280, NULL, '20.00', 'شاى وسكر للعمال شغل', 15, 2, NULL, NULL, NULL, 0, NULL, 1, '2017-03-25 22:00:00', '2017-03-26 16:49:13', '2017-03-26 16:49:13'),
(281, NULL, '14.00', 'مواصلات مجدى الفورشجى شغل بتروجيت', 15, 2, NULL, NULL, NULL, 0, NULL, 1, '2017-03-25 22:00:00', '2017-03-26 16:56:06', '2017-03-26 16:56:06'),
(282, NULL, '154.00', 'كارتون لغليف شغل مارلبورو', 18, 9, NULL, NULL, NULL, 0, NULL, 1, '2017-03-25 22:00:00', '2017-03-26 16:56:38', '2017-03-26 16:56:38'),
(283, NULL, '15.00', 'عدد 2 فيشة شغل مارلبورو', 18, 9, NULL, NULL, NULL, 0, NULL, 1, '2017-03-25 22:00:00', '2017-03-26 16:57:47', '2017-03-26 16:57:47'),
(284, NULL, '18.00', 'قلم دوكو ابيض', 18, 9, NULL, NULL, NULL, 0, NULL, 1, '2017-03-25 22:00:00', '2017-03-26 16:58:16', '2017-03-26 16:58:16'),
(285, NULL, '600.00', 'ليدات + ترانسات م / طاهر', 19, 15, NULL, NULL, NULL, 0, NULL, 1, '2017-03-25 22:00:00', '2017-03-26 16:58:55', '2017-03-26 16:58:55'),
(286, NULL, '20.00', 'مواصلات شراء ليدات وترانسات م / طاهر', 19, 15, NULL, NULL, NULL, 0, NULL, 1, '2017-03-25 22:00:00', '2017-03-26 16:59:34', '2017-03-26 16:59:34'),
(287, NULL, '10.00', 'بكرة سلوتيب عريض لغليف استاندات مارلبورو', 18, 9, NULL, NULL, NULL, 0, NULL, 1, '2017-03-25 22:00:00', '2017-03-26 17:05:48', '2017-03-26 17:05:48'),
(288, NULL, '6.00', 'لزق دوكو لأستاندات مارلبورو', 18, 9, NULL, NULL, NULL, 0, NULL, 1, '2017-03-25 22:00:00', '2017-03-26 17:06:37', '2017-03-26 17:06:37'),
(289, NULL, '5.00', 'بنطة 5 مم للمصنع', NULL, NULL, NULL, NULL, 4, 0, NULL, 1, '2017-03-25 22:00:00', '2017-03-26 17:07:14', '2017-03-26 17:07:14'),
(290, NULL, '100.00', 'اكل للعمال شغل بتروجيت لوجو الكونتر', 15, 2, NULL, NULL, NULL, 0, NULL, 1, '2017-03-25 22:00:00', '2017-03-26 17:08:04', '2017-03-26 17:08:04'),
(291, NULL, '1000.00', 'عهدة احمد طمانم شراء فينيل م / طاهر ايطاليآ', NULL, NULL, 6, NULL, 1, 0, NULL, 1, '2017-03-25 22:00:00', '2017-03-26 17:32:18', '2017-03-28 19:23:23'),
(293, NULL, '1740.00', 'حساب هانى جولد شغل م / طاهر', 19, 15, NULL, NULL, NULL, 0, NULL, 1, '2017-03-25 22:00:00', '2017-03-26 17:42:26', '2017-03-26 17:42:26'),
(294, NULL, '7.00', 'اكل ا / بيشوى كشرى ( جرجس )', NULL, NULL, NULL, NULL, 5, 0, NULL, 1, '2017-03-25 22:00:00', '2017-03-26 17:46:39', '2017-03-26 17:46:39'),
(295, NULL, '2450.00', 'حساب هانى جولد شغل', 22, NULL, NULL, 7, NULL, 0, NULL, 1, '2017-03-25 22:00:00', '2017-03-26 18:03:44', '2017-03-26 18:51:19'),
(296, NULL, '100.00', 'نقل شغل ايطاليآ من شبرا الى المصنع', 19, 15, NULL, NULL, NULL, 0, NULL, 1, '2017-03-25 22:00:00', '2017-03-26 18:04:22', '2017-03-26 18:04:22'),
(297, NULL, '25000.00', 'من حساب اكرامى ديبوند مول المشير', 23, NULL, NULL, 10, NULL, 0, NULL, 1, '2017-03-25 22:00:00', '2017-03-26 18:49:50', '2017-03-26 18:54:20'),
(299, '200.00', NULL, 'رد عهدة ياسر شغل مول المشير شراء قطر + لقمة صليبة + مصاريف تركيب', NULL, NULL, 8, NULL, 2, 0, NULL, 1, '2017-03-25 22:00:00', '2017-03-26 19:17:00', '2017-03-26 19:17:00'),
(300, NULL, '20.00', 'عدد 2 لقمة صليبة للمصنع', NULL, NULL, NULL, NULL, 4, 0, NULL, 1, '2017-03-25 22:00:00', '2017-03-26 19:22:53', '2017-03-26 19:22:53'),
(301, NULL, '10.00', 'اسلحة قطر علبة للمصنع', NULL, NULL, NULL, NULL, 4, 0, NULL, 1, '2017-03-25 22:00:00', '2017-03-26 19:23:20', '2017-03-26 19:23:20'),
(302, NULL, '80.00', 'تاكسى للعودة من مول المشير', 7, 14, NULL, NULL, NULL, 0, NULL, 1, '2017-03-25 22:00:00', '2017-03-26 19:24:00', '2017-03-26 19:24:00'),
(303, NULL, '15.00', 'توكتوك من مول المشير الى المصنع', 7, 14, NULL, NULL, NULL, 0, NULL, 1, '2017-03-25 22:00:00', '2017-03-26 19:24:44', '2017-03-26 19:24:44'),
(304, NULL, '50.00', 'عذاء ( ياسر / جرجس / عادل ) مول المشير', 7, 14, NULL, NULL, NULL, 0, NULL, 1, '2017-03-25 22:00:00', '2017-03-26 19:25:38', '2017-03-26 19:25:38'),
(305, NULL, '10.00', 'جلانس لشغل بتروجيت اليافطة الزجاج', 11, 2, NULL, NULL, NULL, 0, NULL, 1, '2017-03-25 22:00:00', '2017-03-26 19:26:17', '2017-03-26 19:26:17'),
(306, NULL, '6.00', 'عدد 1 كيس قطن لشغل بتروجيت اليافطة الزجاج', 11, 2, NULL, NULL, NULL, 0, NULL, 1, '2017-03-25 22:00:00', '2017-03-26 19:26:57', '2017-03-26 19:26:57'),
(307, NULL, '50.00', 'سلفة ياسر من مرتب شهر مارس', NULL, NULL, 8, NULL, 3, 0, NULL, 1, '2017-03-25 22:00:00', '2017-03-26 19:29:46', '2017-03-26 19:29:46'),
(308, NULL, '250.00', 'حساب نقل استاندات مارلبورو ( ابو شادى )', 18, 9, NULL, NULL, NULL, 0, NULL, 1, '2017-03-25 22:00:00', '2017-03-26 19:43:33', '2017-03-26 19:43:33'),
(310, NULL, '10.00', 'عدد 5 بنطة 2 مم للمصنع', NULL, NULL, NULL, NULL, 4, 0, NULL, 2, '2017-03-26 22:00:00', '2017-03-27 12:33:16', '2017-03-28 19:08:45'),
(311, NULL, '6.00', 'قطن شغل ايطاليآ', 19, 15, NULL, NULL, NULL, 0, NULL, 2, '2017-03-26 22:00:00', '2017-03-27 12:39:16', '2017-03-28 19:08:45'),
(312, NULL, '1.00', '1 كيس بريل شغل ايطاليآ', 19, 15, NULL, NULL, NULL, 0, NULL, 2, '2017-03-26 22:00:00', '2017-03-27 12:39:40', '2017-03-28 19:08:45'),
(314, '20000.00', NULL, 'مرتجع دفعة البنك يوم 22/3/2017', 24, 17, NULL, NULL, NULL, 0, NULL, 2, '2017-03-26 22:00:00', '2017-03-28 19:05:59', '2017-03-28 19:08:45'),
(315, NULL, '21100.00', 'ديبوند بمعرفة أ بيشوى', 7, 14, NULL, NULL, NULL, 0, NULL, 2, '2017-03-26 22:00:00', '2017-03-28 19:08:24', '2017-03-28 19:08:45'),
(316, NULL, '3750.00', 'عدد 50 علبة 2 * 3 شغل مول المشير', 7, 14, NULL, NULL, NULL, 0, NULL, 1, '2017-03-26 22:00:00', '2017-03-28 19:15:03', '2017-03-28 19:15:03'),
(317, NULL, '18.50', 'مواصلات الى احمد حسن تبديل قطاع شغل اتيطاليآ', 19, 15, NULL, NULL, NULL, 0, NULL, 1, '2017-03-26 22:00:00', '2017-03-28 19:16:03', '2017-03-28 19:16:03'),
(318, NULL, '15.00', 'ضيافة أ / بيشوى  يوم 25 / 3', NULL, NULL, NULL, NULL, 5, 0, NULL, 1, '2017-03-26 22:00:00', '2017-03-28 19:16:52', '2017-03-28 19:16:52'),
(319, NULL, '150.00', 'سلفة محمود من مرتب شهر مارس  ( 100 من يوم 25 / 3 )', NULL, NULL, 10, NULL, 3, 0, NULL, 1, '2017-03-26 22:00:00', '2017-03-28 19:17:45', '2017-03-28 19:17:45'),
(320, NULL, '70.00', 'مواصلات الى صلاح الدين  / احمد حسن / المصنع', NULL, NULL, NULL, NULL, 5, 0, NULL, 1, '2017-03-26 22:00:00', '2017-03-28 19:18:47', '2017-03-28 19:18:47'),
(321, NULL, '40.00', 'اسلحة وقطرات  للمصنع', NULL, NULL, NULL, NULL, 4, 0, NULL, 1, '2017-03-26 22:00:00', '2017-03-28 19:19:20', '2017-03-28 19:19:20'),
(322, NULL, '2750.00', 'تغير دولارات ( أ / بيمن )  ( أ / احمد الحديدى )', NULL, NULL, NULL, NULL, 5, 0, NULL, 1, '2017-03-26 22:00:00', '2017-03-28 19:20:24', '2017-03-28 19:20:24'),
(323, '1000.00', NULL, 'رد عهدة احمد طمان لشراء فينيل شغل ايطاليآ', NULL, NULL, 6, NULL, 2, 0, NULL, 1, '2017-03-27 22:00:00', '2017-03-28 19:24:15', '2017-03-28 19:24:15'),
(324, NULL, '5.00', 'عدد 2 سرنجة', 19, 15, NULL, NULL, NULL, 0, NULL, 1, '2017-03-27 22:00:00', '2017-03-28 19:24:41', '2017-03-28 19:24:41'),
(325, NULL, '6.00', 'عدد 1 زجاجة سبرتو ايطاليآ', 19, 15, NULL, NULL, NULL, 0, NULL, 1, '2017-03-27 22:00:00', '2017-03-28 19:25:18', '2017-03-28 19:25:18'),
(326, NULL, '8.00', '1 كيس قطن', 19, 15, NULL, NULL, NULL, 0, NULL, 1, '2017-03-27 22:00:00', '2017-03-28 19:26:22', '2017-03-28 19:30:24'),
(327, NULL, '235.00', 'عدد 1 علبة امير', 4, 3, NULL, NULL, NULL, 0, NULL, 1, '2017-03-27 22:00:00', '2017-03-28 19:27:32', '2017-03-28 19:31:47'),
(328, NULL, '15.00', 'مواصلات الى فيليكس ايجيبت + التوفيقية + الفجالة', 4, 3, NULL, NULL, NULL, 0, NULL, 1, '2017-03-27 22:00:00', '2017-03-28 19:28:29', '2017-03-28 19:32:28'),
(329, NULL, '130.00', 'فينيل 10م *  60 سم', 19, 15, NULL, NULL, NULL, 0, NULL, 1, '2017-03-27 22:00:00', '2017-03-28 19:29:27', '2017-03-28 19:32:52'),
(330, NULL, '13.00', 'مواصلات الى فيليكس ايجيبت + التوفيقية', 19, 15, NULL, NULL, NULL, 0, NULL, 1, '2017-03-27 22:00:00', '2017-03-28 19:33:34', '2017-03-28 19:33:34'),
(331, NULL, '7.00', 'شريط لحام', 19, 15, NULL, NULL, NULL, 0, NULL, 1, '2017-03-27 22:00:00', '2017-03-28 19:34:04', '2017-03-28 19:35:08'),
(332, NULL, '10.00', 'عدد 1 بنطة 6 مم هيلتى', 19, 15, NULL, NULL, NULL, 0, NULL, 1, '2017-03-27 22:00:00', '2017-03-28 19:37:10', '2017-03-28 19:37:10'),
(333, NULL, '6.00', 'عدد 1 علبة فيشر 6 مم', 19, 15, NULL, NULL, NULL, 0, NULL, 1, '2017-03-27 22:00:00', '2017-03-28 19:37:42', '2017-03-28 19:37:42'),
(334, NULL, '20.00', 'شاى وسكر للعمال', 19, 15, NULL, NULL, NULL, 0, NULL, 1, '2017-03-27 22:00:00', '2017-03-28 19:38:04', '2017-03-28 19:38:04'),
(335, NULL, '14.00', 'مواصلات مجدى الفورشجى', 15, 2, NULL, NULL, NULL, 0, NULL, 1, '2017-03-27 22:00:00', '2017-03-28 19:38:36', '2017-03-28 19:38:36'),
(336, NULL, '500.00', 'عهدة احمد طمان تركيب ايطاليآ', NULL, NULL, 6, NULL, 1, 0, NULL, 1, '2017-03-27 22:00:00', '2017-03-28 19:39:06', '2017-03-28 19:40:07'),
(338, '50.00', NULL, 'رد عهدة محمود لشراء انبوبة سيليكون', NULL, NULL, 10, NULL, 2, 0, NULL, 1, '2017-03-27 22:00:00', '2017-03-28 19:40:52', '2017-03-28 19:40:52'),
(339, NULL, '30.00', 'عدد 2 انبوبة سيليكون', 18, 9, NULL, NULL, NULL, 0, NULL, 1, '2017-03-27 22:00:00', '2017-03-28 19:41:46', '2017-03-28 19:41:46'),
(340, NULL, '4.00', 'غيار رولا دهان', 19, 15, NULL, NULL, NULL, 0, NULL, 1, '2017-03-27 22:00:00', '2017-03-28 19:42:17', '2017-03-28 19:42:17'),
(341, NULL, '516.00', 'عهدة محمود تركيب ايطاليآ', NULL, NULL, 10, NULL, 1, 0, NULL, 1, '2017-03-27 22:00:00', '2017-03-28 19:43:38', '2017-03-28 19:43:38'),
(342, '500.00', NULL, 'رد عهدة احمد طمان تركيب ايطاليآ', NULL, NULL, 6, NULL, 2, 0, NULL, 1, '2017-03-27 22:00:00', '2017-03-28 19:44:13', '2017-03-28 19:44:13'),
(343, NULL, '500.00', 'عهدة احمد طمان لشراء كلورفورم + لوح فوم', NULL, NULL, 6, NULL, 1, 0, NULL, 1, '2017-03-27 22:00:00', '2017-03-28 19:45:04', '2017-03-28 19:45:04'),
(344, NULL, '3415.95', 'عدد 5 لوح بلاستيك ازرق / احمر شغل  مستشفى الكلى', 3, 12, NULL, NULL, NULL, 0, NULL, 1, '2017-03-27 22:00:00', '2017-03-28 19:46:23', '2017-03-28 19:46:23');
INSERT INTO `deposit_withdraws` (`id`, `depositValue`, `withdrawValue`, `recordDesc`, `cbo_processes`, `client_id`, `employee_id`, `supplier_id`, `expenses_id`, `payMethod`, `notes`, `saveStatus`, `due_date`, `created_at`, `updated_at`) VALUES
(345, NULL, '100.00', 'سلفة عادل من مرتب شهر مارس', NULL, NULL, 12, NULL, 3, 0, NULL, 1, '2017-03-27 22:00:00', '2017-03-28 19:46:53', '2017-03-28 19:46:53'),
(346, NULL, '10.00', 'اقلام للمصنع  ( عماد )', NULL, NULL, NULL, NULL, 4, 0, NULL, 1, '2017-03-27 22:00:00', '2017-03-28 19:47:22', '2017-03-28 19:47:22'),
(347, '15000.00', NULL, 'وارد من عملية ديبوند محل فولت  دفعة اولى', 23, 16, NULL, NULL, NULL, 0, NULL, 1, '2017-03-28 22:00:00', '2017-03-29 10:03:24', '2017-03-29 10:03:24'),
(348, NULL, '2000.00', 'عهدة عماد تراخيص سيارة سوزوكى', NULL, NULL, 4, NULL, 1, 0, '2017-04-01 00:00:00', 1, '2017-03-28 22:00:00', '2017-03-29 10:04:51', '2017-04-03 19:36:08'),
(349, '516.00', NULL, 'رد عهدة محمود تركيب شغل ايطاليآ', NULL, NULL, 10, NULL, 2, 0, NULL, 1, '2017-03-28 22:00:00', '2017-03-29 10:08:44', '2017-03-29 10:08:44'),
(350, NULL, '100.00', 'اكل للعمال شغل ايطاليآ', 19, 15, NULL, NULL, NULL, 0, NULL, 1, '2017-03-28 22:00:00', '2017-03-29 10:08:54', '2017-03-29 10:08:54'),
(351, NULL, '6.00', 'مياه شرب للعمال شغل ايطاليآ', 19, 15, NULL, NULL, NULL, 0, NULL, 1, '2017-03-28 22:00:00', '2017-03-29 10:09:44', '2017-03-29 10:09:44'),
(352, NULL, '16.05', 'مواصلات  ( جرجس / كيرلس ) ذهاب الى المعادى ايطاليآ', 19, 15, NULL, NULL, NULL, 0, NULL, 1, '2017-03-28 22:00:00', '2017-03-29 10:10:54', '2017-03-29 10:25:32'),
(353, NULL, '18.00', 'مواصلات  ( محمود / كيرلس ) عودة من المعادى ايطاليآ', 19, 15, NULL, NULL, NULL, 0, NULL, 1, '2017-03-28 22:00:00', '2017-03-29 10:15:55', '2017-03-29 10:15:55'),
(354, NULL, '126.00', 'سلفة محمود من مرتب شهر مارس ( باقى ال 516 )', NULL, NULL, 10, NULL, 3, 0, NULL, 1, '2017-03-28 22:00:00', '2017-03-29 10:17:16', '2017-03-29 10:17:16'),
(355, NULL, '15.00', 'مواصلات الضرلئب + صرف شيك ديبوند محل فولت', NULL, NULL, NULL, NULL, 5, 0, NULL, 1, '2017-03-28 22:00:00', '2017-03-29 10:30:39', '2017-03-29 10:30:39'),
(356, NULL, '450.00', 'نقل يافطة الى العتبة + شبرا الخيمة ذهاب وعودة مستشفى الكلى', 3, 12, NULL, NULL, NULL, 0, NULL, 1, '2017-03-28 22:00:00', '2017-03-29 12:21:26', '2017-03-29 12:21:26'),
(357, NULL, '1080.00', 'عدد 12 علبة حديد مقاس 4 * 2', 3, 12, NULL, NULL, NULL, 0, NULL, 1, '2017-03-28 22:00:00', '2017-03-29 12:22:21', '2017-03-29 12:22:21'),
(358, NULL, '20.00', 'مشال العلب الحديد من التاجر الى المصنع', 3, 12, NULL, NULL, NULL, 0, NULL, 1, '2017-03-28 22:00:00', '2017-03-29 12:23:18', '2017-03-29 12:23:18'),
(359, NULL, '60.00', 'سلك لحام', 3, 12, NULL, NULL, NULL, 0, NULL, 1, '2017-03-28 22:00:00', '2017-03-29 12:23:43', '2017-03-29 12:23:43'),
(360, NULL, '45.00', 'صفائح منشار سويدى اركت للمصنع', NULL, NULL, NULL, NULL, 4, 0, NULL, 1, '2017-03-28 22:00:00', '2017-03-29 13:10:38', '2017-03-29 13:10:38'),
(361, NULL, '10.00', 'عدد 2 بنطة 5 مم حدادى للمصنع', NULL, NULL, NULL, NULL, 4, 0, NULL, 1, '2017-03-28 22:00:00', '2017-03-29 13:11:07', '2017-03-29 13:11:07'),
(362, NULL, '40.00', 'عدد 2 باو بنط 2 مم للمصنع', NULL, NULL, NULL, NULL, 4, 0, NULL, 1, '2017-03-28 22:00:00', '2017-03-29 13:11:38', '2017-03-29 13:11:38'),
(363, NULL, '5360.00', 'عدد 4 لوح ديبوند فضى  4 * 1340 ( 1.5 * 3.5 )', 20, 3, NULL, NULL, NULL, 0, NULL, 1, '2017-03-28 22:00:00', '2017-03-29 13:15:10', '2017-03-29 13:15:10'),
(364, NULL, '15.00', 'ضيافة أ / بيشوى  ( العميد  )', NULL, NULL, NULL, NULL, 5, 0, NULL, 1, '2017-03-28 22:00:00', '2017-03-29 13:16:42', '2017-03-29 13:16:42'),
(365, '500.00', NULL, 'رد عهدة احمد طمان لشراء كلورفورم + لوح فوم', NULL, NULL, 6, NULL, 2, 0, NULL, 1, '2017-03-28 22:00:00', '2017-03-29 14:50:38', '2017-03-29 14:50:38'),
(366, NULL, '160.00', 'عدد 2 زجاجة كلورفورم + عدد 2 اسلحة قطر اكريلك', 13, 6, NULL, NULL, NULL, 0, NULL, 1, '2017-03-28 22:00:00', '2017-03-29 14:51:35', '2017-03-29 14:51:35'),
(367, NULL, '90.00', 'عدد 1 لوح فوم شغل مستشفى الكلى', 3, 12, NULL, NULL, NULL, 0, NULL, 1, '2017-03-28 22:00:00', '2017-03-29 14:52:26', '2017-03-29 14:52:26'),
(368, NULL, '16.00', 'مواصلات شبرا الخيمة + السبتية', 13, 6, NULL, NULL, NULL, 0, NULL, 1, '2017-03-28 22:00:00', '2017-03-29 14:53:02', '2017-03-29 14:53:02'),
(369, NULL, '60.00', 'تاكسى من السبتية  لنقل لوح الفوم الى المصنع', 13, 6, NULL, NULL, NULL, 0, NULL, 1, '2017-03-28 22:00:00', '2017-03-29 14:53:54', '2017-03-29 14:53:54'),
(370, NULL, '11.50', 'كارت شحن احمد طمان', NULL, NULL, NULL, NULL, 8, 0, NULL, 1, '2017-03-28 22:00:00', '2017-03-29 14:54:15', '2017-03-29 14:54:15'),
(371, NULL, '19.50', 'مواصلات بيكو', NULL, NULL, NULL, NULL, 5, 0, NULL, 1, '2017-03-28 22:00:00', '2017-03-29 14:56:36', '2017-03-29 14:56:36'),
(372, NULL, '650.00', 'حساب فرن رش يافطة مستشفى الكلى', 3, 12, NULL, NULL, NULL, 0, NULL, 1, '2017-03-28 22:00:00', '2017-03-29 15:54:52', '2017-03-29 15:54:52'),
(373, NULL, '250.00', 'من حساب محمد صلاح شغل مستشفى الكلى', NULL, NULL, NULL, NULL, 5, 0, NULL, 1, '2017-03-28 22:00:00', '2017-03-29 15:55:44', '2017-04-13 22:31:40'),
(374, NULL, '250.00', 'من حساب محمد صلاح الكارما', NULL, NULL, NULL, NULL, 5, 0, NULL, 1, '2017-03-28 22:00:00', '2017-03-29 15:56:13', '2017-04-13 22:31:44'),
(375, NULL, '3800.00', 'عهدة احمد طمان  شراء ليدات وترانسات مستشفى الكلى', NULL, NULL, 6, NULL, 1, 0, NULL, 1, '2017-03-28 22:00:00', '2017-03-29 16:53:34', '2017-03-29 16:53:34'),
(376, NULL, '200.00', 'عهدة عمرو', NULL, NULL, 5, NULL, 1, 0, NULL, 1, '2017-03-28 22:00:00', '2017-03-29 16:54:05', '2017-03-29 16:54:05'),
(377, '200.00', NULL, 'رد عهدة عمرو', NULL, NULL, 5, NULL, 2, 0, NULL, 1, '2017-03-28 22:00:00', '2017-03-29 16:54:27', '2017-03-29 16:54:27'),
(378, NULL, '315.00', 'مشتريات للمصنع أ / بيشوى تسوية عهدة عمرو وجرجس', NULL, NULL, NULL, NULL, 5, 0, NULL, 1, '2017-03-28 22:00:00', '2017-03-29 16:55:11', '2017-03-29 16:55:11'),
(379, '200.00', NULL, 'رد عهدة جرجس تركيب يافطة استكانة', NULL, NULL, 7, NULL, 2, 0, NULL, 1, '2017-03-28 22:00:00', '2017-03-29 16:55:52', '2017-03-29 16:55:52'),
(380, NULL, '12.00', 'اسلحة قطرات  بتروجيت الكونتر', 15, 2, NULL, NULL, NULL, 0, NULL, 1, '2017-03-28 22:00:00', '2017-03-29 16:56:37', '2017-03-29 16:56:37'),
(381, NULL, '20.00', 'مواصلات بتروجيت الكونتر', 15, 2, NULL, NULL, NULL, 0, NULL, 1, '2017-03-28 22:00:00', '2017-03-29 16:57:09', '2017-03-29 16:57:09'),
(382, NULL, '30.00', 'اسلحة قطرات + بكر تيب + بنط تخريم + مسامير سنارة شغل استكانة', 2, 10, NULL, NULL, NULL, 0, NULL, 1, '2017-03-28 22:00:00', '2017-03-29 16:58:28', '2017-03-29 16:58:28'),
(383, NULL, '60.00', 'اكل للعمال شغل استكانة', 2, 10, NULL, NULL, NULL, 0, NULL, 1, '2017-03-28 22:00:00', '2017-03-29 16:59:33', '2017-03-29 16:59:33'),
(384, NULL, '20.00', 'بنزين موتسيكل جرجس شغل استكانة', 2, 10, NULL, NULL, NULL, 0, NULL, 1, '2017-03-28 22:00:00', '2017-03-29 17:00:11', '2017-03-29 17:00:11'),
(385, NULL, '590.00', 'عدد 1 لوح خشب كونتر للمصنع', NULL, NULL, NULL, NULL, 4, 0, NULL, 1, '2017-03-28 22:00:00', '2017-03-29 17:01:51', '2017-03-29 17:01:51'),
(386, NULL, '20.00', 'شاى وسكر للمصنع', NULL, NULL, NULL, NULL, 5, 0, NULL, 1, '2017-03-28 22:00:00', '2017-03-29 17:02:23', '2017-03-29 17:02:23'),
(387, NULL, '20.00', 'متر قياس للمصنع', NULL, NULL, NULL, NULL, 4, 0, NULL, 1, '2017-03-28 22:00:00', '2017-03-29 17:02:47', '2017-03-29 17:02:47'),
(388, NULL, '10.00', 'مسامير شيشة شغل استكانة', 2, 10, NULL, NULL, NULL, 0, NULL, 1, '2017-03-28 22:00:00', '2017-03-29 17:03:22', '2017-03-29 17:03:22'),
(389, NULL, '100.00', 'عهدة عمرو تركيب استكانة بيد عماد', NULL, NULL, 5, NULL, 1, 0, '2017-04-01 00:00:00', 1, '2017-03-28 22:00:00', '2017-03-29 17:04:12', '2017-04-05 13:17:05'),
(390, NULL, '400.00', 'عهدة جرجس تركين يافطة ايطاليآ بيد احمد طمان', NULL, NULL, 7, NULL, 1, 0, NULL, 1, '2017-03-28 22:00:00', '2017-03-29 18:21:10', '2017-03-29 18:21:10'),
(391, '3800.00', NULL, 'رد عهدة احمد طمان  لشراء ليدات وترانسات مستشفى الكلى', NULL, NULL, 6, NULL, 2, 0, NULL, 1, '2017-03-28 22:00:00', '2017-03-29 19:06:39', '2017-03-29 19:06:39'),
(392, NULL, '2080.00', 'عدد 1300 ليد 3 نقطة شغل مستشفى الكلى احمر', 3, 12, NULL, NULL, NULL, 0, NULL, 1, '2017-03-28 22:00:00', '2017-03-29 19:07:27', '2017-03-29 19:07:27'),
(393, NULL, '32.00', 'عدد 20 ليد 3 نقطة ازرق شغل مستشفى الكلى', 3, 12, NULL, NULL, NULL, 0, NULL, 1, '2017-03-28 22:00:00', '2017-03-29 19:08:01', '2017-03-29 19:08:01'),
(394, NULL, '1320.00', 'عدد 6 باورسبلاى  200 وات شغل مستشفى الكلى', 3, 12, NULL, NULL, NULL, 0, NULL, 1, '2017-03-28 22:00:00', '2017-03-29 19:08:42', '2017-03-29 19:08:42'),
(395, NULL, '15.00', 'مواصلات شراء ليدات وترانسات مستشفى الكلى', 3, 12, NULL, NULL, NULL, 0, NULL, 1, '2017-03-28 22:00:00', '2017-03-29 19:09:14', '2017-03-29 19:09:14'),
(396, '400.00', NULL, 'رد عهدة جرجس تركيب يافطة ايطاليآ بيد احمد طمان يوم 29 / 3', NULL, NULL, 7, NULL, 2, 0, NULL, 2, '2017-03-29 22:00:00', '2017-03-30 11:15:48', '2017-04-09 07:52:18'),
(397, NULL, '300.00', 'حساب الفورشجى محمد بطاطا تلميع استانلس استكانة', 2, 10, NULL, NULL, NULL, 0, NULL, 2, '2017-03-29 22:00:00', '2017-03-30 11:16:48', '2017-04-09 07:52:18'),
(398, NULL, '50.00', 'تاكسى من المصنع الى الفورشجى  منشية ناصر', 2, 10, NULL, NULL, NULL, 0, NULL, 2, '2017-03-29 22:00:00', '2017-03-30 11:17:38', '2017-04-09 07:52:18'),
(399, NULL, '20.00', 'توكتوك للوصول الى الفورشجى اعلى المدق ذهاب وعودة', 2, 10, NULL, NULL, NULL, 0, NULL, 2, '2017-03-29 22:00:00', '2017-03-30 11:18:44', '2017-04-09 07:52:18'),
(400, NULL, '10.00', 'شاى وقهوة اثناء انتظار الفورشجى طول اليوم', 2, 10, NULL, NULL, NULL, 0, NULL, 2, '2017-03-29 22:00:00', '2017-03-30 11:19:30', '2017-04-09 07:52:18'),
(401, NULL, '15.00', 'مواصلات الى فرن رش حروف مستشفى الكلى', 3, 12, NULL, NULL, NULL, 0, NULL, 2, '2017-03-29 22:00:00', '2017-03-30 11:20:17', '2017-04-09 07:52:18'),
(402, NULL, '100.00', 'عهدة احمد طمان رفع مقاسات اروانج الميرغنى', NULL, NULL, 6, NULL, 1, 0, '2017-04-01 00:00:00', 2, '2017-03-29 22:00:00', '2017-03-30 12:45:17', '2017-04-09 07:52:18'),
(403, NULL, '383.00', 'كهرباء دفعها أ / بيمن', NULL, NULL, NULL, NULL, 2, 0, NULL, 2, '2017-03-29 22:00:00', '2017-03-30 17:47:37', '2017-04-09 07:52:18'),
(404, NULL, '430.00', 'تصفية حساب ليزر المعادن أ / بيمن كل الشهور القديمة  حتى تاريخة', NULL, NULL, NULL, NULL, 5, 0, NULL, 2, '2017-03-29 22:00:00', '2017-03-30 17:49:44', '2017-04-09 07:52:19'),
(405, NULL, '250.00', 'حساب تقطيع  لوجو استكانة خالص', 17, NULL, NULL, 2, NULL, 0, NULL, 2, '2017-03-29 22:00:00', '2017-03-30 17:50:58', '2017-04-09 07:52:19'),
(406, NULL, '460.00', 'شراء عدد 4 لوح صاج مجلفن 1/2 مم', 3, 12, NULL, NULL, NULL, 0, NULL, 2, '2017-03-29 22:00:00', '2017-03-30 17:51:50', '2017-04-09 07:52:19'),
(407, NULL, '200.00', 'نقل التجمع + انتظار يوم 26 / 3', 15, 2, NULL, NULL, NULL, 0, NULL, 2, '2017-03-29 22:00:00', '2017-03-30 18:39:30', '2017-04-09 07:52:19'),
(408, '333451.12', NULL, 'خاص حساب الفاتورة', 9, 2, NULL, NULL, NULL, 0, NULL, 2, '2017-03-29 22:00:00', '2017-03-30 18:43:15', '2017-04-09 07:52:19'),
(409, NULL, '300000.00', 'الى الاستاذ بيشوى', NULL, NULL, NULL, NULL, 5, 0, NULL, 2, '2017-03-29 22:00:00', '2017-03-30 18:44:51', '2017-04-09 07:52:19'),
(410, '10000.00', NULL, 'دفعة من الحساب عربون', 25, 12, NULL, NULL, NULL, 0, NULL, 2, '2017-03-29 22:00:00', '2017-03-30 18:52:16', '2017-04-09 07:52:19'),
(411, NULL, '16900.00', 'عدد 10 لوح صغير ديبوند +5 لوح كبير ديبوند القبطان', 7, 14, NULL, NULL, NULL, 0, NULL, 2, '2017-03-29 22:00:00', '2017-03-30 18:55:18', '2017-04-09 07:52:19'),
(412, NULL, '10000.00', 'دفعة من الحساب يوم الديبون مرجع وغيرنا 5 الالواح', 23, NULL, NULL, 10, NULL, 0, NULL, 2, '2017-03-29 22:00:00', '2017-03-30 18:57:22', '2017-04-09 07:52:19'),
(413, '0.00', '1000.00', 'سلفة مستديمة شهر 3 سنة 2017', 0, 0, 8, 0, 4, 0, '2017-03-30 21:06:58', 2, '2017-03-30 19:06:58', '2017-03-30 19:06:58', '2017-04-09 07:52:19'),
(414, NULL, '200.00', 'نقل عده + علب حديد', 7, 14, NULL, NULL, NULL, 0, NULL, 2, '2017-03-29 22:00:00', '2017-03-30 19:34:58', '2017-04-09 07:52:19'),
(415, NULL, '400.00', 'نقل التجمع الى العبور الى التجمع الى العبور لتبديل الديبوند ثم الى التجمع مرة اخرى', 7, 14, NULL, NULL, NULL, 0, NULL, 2, '2017-03-29 22:00:00', '2017-03-30 19:36:13', '2017-04-09 07:52:19'),
(416, NULL, '70.00', 'نقل من سبيرو الى المصنع', 3, 12, NULL, NULL, NULL, 0, NULL, 2, '2017-03-29 22:00:00', '2017-03-30 19:37:07', '2017-04-09 07:52:19'),
(417, NULL, '70.00', 'نقل من القبطان الألف مسكن الى المصنع', 20, 3, NULL, NULL, NULL, 0, NULL, 2, '2017-03-29 22:00:00', '2017-03-30 19:38:10', '2017-04-09 07:52:19'),
(418, NULL, '200.00', 'سلفة محمود من شهر مارس', NULL, NULL, 10, NULL, 3, 0, NULL, 2, '2017-03-29 22:00:00', '2017-03-30 19:39:52', '2017-04-09 07:52:19'),
(419, NULL, '100.00', 'سلفة جرجس من مرتب شهر مارس', NULL, NULL, 7, NULL, 3, 0, NULL, 2, '2017-03-29 22:00:00', '2017-03-30 19:40:17', '2017-04-09 07:52:19'),
(420, NULL, '100.00', 'سلفة عماد من مرتب شهر مارس', NULL, NULL, 4, NULL, 3, 0, NULL, 2, '2017-03-29 22:00:00', '2017-03-30 19:40:48', '2017-04-09 07:52:19'),
(421, NULL, '100.00', 'سلفة عادل من مرتب شهر مارس', NULL, NULL, 12, NULL, 3, 0, NULL, 2, '2017-03-29 22:00:00', '2017-03-30 19:41:18', '2017-04-09 07:52:19'),
(422, NULL, '200.00', 'سلفة احمد طمان من مرتب شهر مارس', NULL, NULL, 6, NULL, 3, 0, NULL, 2, '2017-03-29 22:00:00', '2017-03-30 19:41:51', '2017-04-09 07:52:19'),
(423, '100.00', NULL, 'رد عهدة ياسر لشراء متر', NULL, NULL, 8, NULL, 2, 0, NULL, 1, '2017-03-31 22:00:00', '2017-04-01 08:55:40', '2017-04-04 17:29:45'),
(424, NULL, '5.00', 'مواصلات الى المستشفى', 3, 12, NULL, NULL, NULL, 0, NULL, 1, '2017-03-31 22:00:00', '2017-04-01 08:57:06', '2017-04-01 08:57:06'),
(425, NULL, '30.00', 'تاكسى ذهاب الى المستشفى', 3, 12, NULL, NULL, NULL, 0, NULL, 1, '2017-03-31 22:00:00', '2017-04-01 08:57:42', '2017-04-01 08:57:42'),
(426, NULL, '20.00', 'اكل ( ياسر ) رفع مقاسات المستشفى', NULL, NULL, 8, NULL, 3, 0, NULL, 1, '2017-03-31 22:00:00', '2017-04-01 08:58:12', '2017-04-05 13:51:51'),
(427, NULL, '20.00', 'تاكسى  عودة من الستشفى', 3, 12, NULL, NULL, NULL, 0, NULL, 1, '2017-03-31 22:00:00', '2017-04-01 08:59:31', '2017-04-05 13:51:53'),
(428, NULL, '400.00', 'عهدة ياسر ديبوند محل التجمع', NULL, NULL, 1, NULL, 1, 0, NULL, 1, '2017-03-31 22:00:00', '2017-04-01 09:02:37', '2017-04-05 18:46:54'),
(429, NULL, '843.61', 'عدد 1 لوح بلاستيك احمر درجة 2', 3, 12, NULL, NULL, NULL, 0, NULL, 1, '2017-03-31 22:00:00', '2017-04-01 17:33:24', '2017-04-05 18:45:50'),
(430, NULL, '1655.37', 'عدد 2 لوح بلاستيك درجة 2', 20, 3, NULL, NULL, NULL, 0, NULL, 1, '2017-03-31 22:00:00', '2017-04-01 17:34:15', '2017-04-04 12:03:29'),
(431, NULL, '575.00', 'حساب عملية نيم تاج وعينات قديمة خالص', 1, NULL, NULL, 1, NULL, 0, NULL, 1, '2017-03-31 22:00:00', '2017-04-01 17:35:24', '2017-04-04 12:04:07'),
(432, NULL, '625.00', 'غلط فى حساب الاستاذ بولس', NULL, NULL, 11, NULL, 1, 0, NULL, 1, '2017-03-31 22:00:00', '2017-04-01 17:36:11', '2017-04-02 18:21:27'),
(433, NULL, '888.00', 'حساب عملية بوكتات اكريلك  خالص', 35, NULL, NULL, 1, NULL, 0, NULL, 1, '2017-03-31 22:00:00', '2017-04-01 17:37:09', '2017-04-02 18:26:04'),
(434, NULL, '139.00', 'حساب عملية مستشفى الكلى  خالص', 26, NULL, NULL, 1, NULL, 0, NULL, 1, '2017-03-31 22:00:00', '2017-04-01 17:37:39', '2017-04-02 18:40:33'),
(435, NULL, '36.00', 'حسابة عملية استكانة خالص', 27, NULL, NULL, 1, NULL, 0, NULL, 1, '2017-03-31 22:00:00', '2017-04-01 17:38:17', '2017-04-01 17:38:17'),
(436, NULL, '12.00', 'حساب عملية ديبوند الميرغنى خالص', 28, NULL, NULL, 1, NULL, 0, NULL, 1, '2017-03-31 22:00:00', '2017-04-01 17:38:56', '2017-04-01 17:38:56'),
(437, NULL, '165.00', 'حساب عملية يافطة ايطايآ خالص', 29, NULL, NULL, 1, NULL, 0, NULL, 1, '2017-03-31 22:00:00', '2017-04-01 17:39:22', '2017-04-01 17:39:22'),
(438, NULL, '187.00', 'حساب عملية استاندات مارلبورو خالص', 31, NULL, NULL, 1, NULL, 0, NULL, 1, '2017-03-31 22:00:00', '2017-04-01 17:40:00', '2017-04-01 17:40:00'),
(439, NULL, '1361.00', 'من حساب عملية لوجو الكونتر', 2, NULL, NULL, 1, NULL, 0, NULL, 1, '2017-03-31 22:00:00', '2017-04-01 17:40:50', '2017-04-02 17:49:51'),
(440, '2000.00', NULL, 'رد عهدة عماد لتراخيص السيارة السوزوكى', NULL, NULL, 4, NULL, 2, 0, NULL, 1, '2017-03-31 22:00:00', '2017-04-01 18:19:27', '2017-04-03 20:08:22'),
(441, NULL, '515.00', 'مخالفات السيارة سوزوكى', NULL, NULL, NULL, NULL, 7, 0, NULL, 1, '2017-03-31 22:00:00', '2017-04-01 18:21:39', '2017-04-01 18:21:39'),
(442, NULL, '365.00', 'ضريبة ترخيص السيارة السوزوكى', NULL, NULL, NULL, NULL, 7, 0, NULL, 1, '2017-03-31 22:00:00', '2017-04-01 18:23:21', '2017-04-01 18:23:21'),
(443, NULL, '92.00', 'تأمين اجبارى لترخيص السيارة السوزوكى', NULL, NULL, NULL, NULL, 7, 0, NULL, 1, '2017-03-31 22:00:00', '2017-04-01 18:24:15', '2017-04-01 18:24:15'),
(444, NULL, '20.00', 'طوابع استمارات ترخيص السيارة السوزوكى', NULL, NULL, NULL, NULL, 7, 0, NULL, 1, '2017-03-31 22:00:00', '2017-04-01 18:26:12', '2017-04-01 18:26:12'),
(445, NULL, '10.00', 'انتظار المرور', NULL, NULL, NULL, NULL, 7, 0, NULL, 1, '2017-03-31 22:00:00', '2017-04-01 18:27:52', '2017-04-01 18:27:52'),
(446, NULL, '135.00', 'بنزين السيارة السوزوكى', NULL, NULL, NULL, NULL, 7, 0, NULL, 1, '2017-03-31 22:00:00', '2017-04-01 18:32:15', '2017-04-01 18:32:15'),
(447, NULL, '185.00', 'غيار زيت وفلتر السيارة السوزوكى', NULL, NULL, NULL, NULL, 7, 0, NULL, 1, '2017-03-31 22:00:00', '2017-04-01 18:32:37', '2017-04-01 18:32:37'),
(448, NULL, '30.00', 'اكرامية ترخيص السيارة السوزوكى', NULL, NULL, NULL, NULL, 7, 0, NULL, 1, '2017-03-31 22:00:00', '2017-04-01 18:34:04', '2017-04-01 18:34:04'),
(449, NULL, '40.00', 'عشاء للعمال فى المصنع تشطيب شغل مستشفى الكلى', 3, 12, NULL, NULL, NULL, 0, NULL, 1, '2017-03-31 22:00:00', '2017-04-01 18:37:12', '2017-04-01 18:37:12'),
(450, NULL, '35.00', 'مفاتيح 13 مم عدد 2 مفتاح', 3, 12, NULL, NULL, NULL, 0, NULL, 1, '2017-03-31 22:00:00', '2017-04-01 18:37:59', '2017-04-01 18:37:59'),
(451, NULL, '220.00', 'عدد 2 لفة سلك 2 لون +شرطان لحام', 3, 12, NULL, NULL, NULL, 0, NULL, 1, '2017-03-31 22:00:00', '2017-04-01 18:38:42', '2017-04-01 18:38:42'),
(452, NULL, '35.00', 'بنط + دبابيس حدادى', 3, 12, NULL, NULL, NULL, 0, NULL, 1, '2017-03-31 22:00:00', '2017-04-01 18:39:42', '2017-04-01 18:39:42'),
(453, NULL, '65.00', 'مسامير 13 مم بصامولة', 3, 12, NULL, NULL, NULL, 0, NULL, 1, '2017-03-31 22:00:00', '2017-04-01 18:40:10', '2017-04-01 18:40:10'),
(454, NULL, '180.00', 'حساب جراج السيارة السوزوكى', NULL, NULL, NULL, NULL, 7, 0, NULL, 1, '2017-03-31 22:00:00', '2017-04-01 18:40:40', '2017-04-01 18:40:40'),
(455, NULL, '155.00', 'مسامير سوداء 8 مم', 3, 12, NULL, NULL, NULL, 0, NULL, 1, '2017-03-31 22:00:00', '2017-04-01 18:41:13', '2017-04-01 18:41:13'),
(456, NULL, '20.00', 'شاى وسكر للعمال شغل مستشفى الكلى', 3, 12, NULL, NULL, NULL, 0, NULL, 1, '2017-03-31 22:00:00', '2017-04-01 18:42:22', '2017-04-01 18:42:22'),
(457, NULL, '5.00', 'انتظار سيارة  شغل مستشفى الكلى', 3, 12, NULL, NULL, NULL, 0, NULL, 1, '2017-03-31 22:00:00', '2017-04-01 18:44:07', '2017-04-01 18:44:07'),
(458, NULL, '400.00', 'اكل للعمال شغل مستشفى الكلى', 3, 12, NULL, NULL, NULL, 0, NULL, 1, '2017-03-31 22:00:00', '2017-04-01 18:44:59', '2017-04-01 18:44:59'),
(459, NULL, '20.00', 'شاى وسكر للعمال فى المصنع', NULL, NULL, NULL, NULL, 5, 0, NULL, 1, '2017-03-31 22:00:00', '2017-04-01 18:45:25', '2017-04-01 18:45:25'),
(460, NULL, '10.00', 'قطن شغل مستشفى الكلى', 3, 12, NULL, NULL, NULL, 0, NULL, 1, '2017-03-31 22:00:00', '2017-04-01 19:04:14', '2017-04-01 19:04:29'),
(461, NULL, '30.00', 'اكل للعمال شفل', 23, 16, NULL, NULL, NULL, 0, NULL, 1, '2017-03-31 22:00:00', '2017-04-01 19:04:50', '2017-04-01 19:24:11'),
(463, NULL, '200.00', 'حساب نقل احمد البدرى ( حمد ) مول المشير', 3, 12, NULL, NULL, NULL, 0, NULL, 1, '2017-04-01 22:00:00', '2017-04-02 15:16:16', '2017-04-02 15:16:16'),
(464, '400.00', NULL, 'رد عهدة ياسر ديبوند محل التجمع', NULL, NULL, 1, NULL, 2, 0, NULL, 1, '2017-04-01 22:00:00', '2017-04-02 15:18:23', '2017-04-02 19:36:39'),
(465, NULL, '96.00', 'اكل + مياه للعمال', 23, 16, NULL, NULL, NULL, 0, NULL, 1, '2017-04-01 22:00:00', '2017-04-02 15:18:31', '2017-04-02 15:18:31'),
(466, NULL, '120.00', 'عدد 15 بسكوتة', 23, 16, NULL, NULL, NULL, 0, NULL, 1, '2017-04-01 22:00:00', '2017-04-02 15:19:01', '2017-04-02 15:19:01'),
(467, NULL, '20.00', 'مواصلات محل فولت', 23, 16, NULL, NULL, NULL, 0, NULL, 1, '2017-04-01 22:00:00', '2017-04-02 15:19:20', '2017-04-02 15:19:20'),
(468, NULL, '4080.00', 'عدد 4 لوح ديبوند مول المشير', 7, 14, NULL, NULL, NULL, 0, NULL, 1, '2017-04-01 22:00:00', '2017-04-02 15:20:07', '2017-04-02 15:20:07'),
(471, NULL, '250.00', 'عهدة ياسر شراء سلك لحام + سيخ مسلح + مسامير شغل مستشفى الكلى', NULL, NULL, 8, NULL, 1, 0, NULL, 1, '2017-04-01 22:00:00', '2017-04-02 15:23:02', '2017-04-04 18:30:02'),
(473, '0.00', '266.21', 'دفع مرتب يوحنا ابراهيم بدروس', 0, 0, 11, 0, 5, 0, '2017-03-01 00:00:00', 1, '2017-04-01 22:00:00', '2017-04-02 16:43:02', '2017-04-02 16:43:02'),
(474, '3500.00', NULL, 'تعديل سلفة يوحنا', 26, 17, NULL, NULL, NULL, 0, NULL, 1, '2017-04-01 22:00:00', '2017-04-02 16:58:08', '2017-04-03 12:33:36'),
(475, NULL, '4500.00', 'سلفة مستديمة شهر 4 سنة 2017', NULL, NULL, 11, NULL, 4, 0, '2017-04-02 18:59:37', 1, '2017-04-01 22:00:00', '2017-04-02 16:59:37', '2017-04-03 12:34:56'),
(476, '625.00', NULL, 'رد العهدة', NULL, NULL, 11, NULL, 2, 0, NULL, 1, '2017-04-01 22:00:00', '2017-04-02 18:33:07', '2017-04-03 12:36:13'),
(477, NULL, '248.00', 'خالص', 2, NULL, NULL, 1, NULL, 0, NULL, 1, '2017-04-01 22:00:00', '2017-04-02 18:34:23', '2017-04-03 12:36:44'),
(478, NULL, '273.00', 'خالص', 33, NULL, NULL, 1, NULL, 0, NULL, 1, '2017-04-01 22:00:00', '2017-04-02 18:34:53', '2017-04-03 12:36:58'),
(479, NULL, '30.00', 'خالص', 34, NULL, NULL, 1, NULL, 0, NULL, 1, '2017-04-01 22:00:00', '2017-04-02 18:35:15', '2017-04-03 12:37:37'),
(480, NULL, '74.00', 'خالص', 35, NULL, NULL, 1, NULL, 0, NULL, 1, '2017-04-01 22:00:00', '2017-04-02 18:35:39', '2017-04-03 12:39:27'),
(481, '2500.00', NULL, 'رد العهدة', NULL, NULL, 1, NULL, 2, 0, NULL, 1, '2017-04-01 22:00:00', '2017-04-02 19:26:11', '2017-04-02 19:26:11'),
(482, NULL, '2500.00', ' عهدةا/ بيشوى', NULL, NULL, 1, NULL, 1, 0, '2017-04-01 00:00:00', 1, '2017-03-25 22:00:00', '2017-03-26 15:59:40', '2017-04-03 19:34:44'),
(483, NULL, '100.00', 'عهدة ياسر', NULL, NULL, 8, NULL, 1, 0, '2017-05-01 00:00:00', 1, '2017-03-26 22:00:00', '2017-03-27 15:59:40', '2017-04-05 14:23:22'),
(484, NULL, '500.00', 'حساب محمد صلاح لف شرائط استانلس استكانة خالص', 4, NULL, NULL, 3, NULL, 0, NULL, 1, '2017-04-02 22:00:00', '2017-04-03 11:19:03', '2017-04-03 11:19:03'),
(485, NULL, '910.00', 'لف استانلس يافطة الكرما خالص', 5, NULL, NULL, 3, NULL, 0, NULL, 1, '2017-04-02 22:00:00', '2017-04-03 11:19:55', '2017-04-03 11:52:51'),
(486, NULL, '280.00', 'لف استانلس الكونتر  خالص', 7, NULL, NULL, 3, NULL, 0, NULL, 1, '2017-04-02 22:00:00', '2017-04-03 11:33:27', '2017-04-03 11:33:27'),
(487, NULL, '910.00', 'لف يافطة مستشفى الكلى', 20, NULL, NULL, 3, NULL, 0, NULL, 1, '2017-04-02 22:00:00', '2017-04-03 11:33:59', '2017-04-03 12:15:01'),
(489, NULL, '500.00', 'عهدة احمد طمان صيانة طابعات', NULL, NULL, 6, NULL, 1, 0, NULL, 1, '2017-04-01 22:00:00', '2017-04-03 12:40:39', '2017-04-03 21:35:40'),
(490, '12000.00', NULL, 'وارد من أ / بيشوى ( 10000 + 2000 من فئة ال 20 مهلكة )', 27, 17, NULL, NULL, NULL, 0, NULL, 1, '2017-04-01 22:00:00', '2017-04-03 12:45:23', '2017-04-04 14:38:45'),
(491, NULL, '4000.00', 'دفعة من حساب جورج النجار', 37, NULL, NULL, 8, NULL, 0, NULL, 1, '2017-04-02 22:00:00', '2017-04-03 16:06:17', '2017-04-03 16:06:17'),
(492, '500.00', NULL, 'رد عهدة احمد طمان صيانة طابعات', NULL, NULL, 6, NULL, 2, 0, NULL, 1, '2017-04-02 22:00:00', '2017-04-03 16:08:11', '2017-04-03 21:36:04'),
(493, NULL, '215.00', 'صيانة عدد 3 طابعة للمكتب', NULL, NULL, NULL, NULL, 5, 0, NULL, 1, '2017-04-02 22:00:00', '2017-04-03 16:08:57', '2017-04-03 21:09:58'),
(494, NULL, '13.00', 'مواصلات صيانة الطابعات', NULL, NULL, NULL, NULL, 5, 0, NULL, 1, '2017-04-02 22:00:00', '2017-04-03 16:09:32', '2017-04-03 16:09:32'),
(495, NULL, '15.00', 'عدد 1 علبة كله شغل فرونارى', 20, 3, NULL, NULL, NULL, 0, NULL, 1, '2017-04-02 22:00:00', '2017-04-03 16:10:13', '2017-04-03 16:10:13'),
(496, NULL, '1500.00', 'عهدة احمد طمان شراء علب ترانسات مستشفى الكلى', NULL, NULL, 6, NULL, 1, 0, '2017-04-01 00:00:00', 1, '2017-04-02 22:00:00', '2017-04-03 16:11:26', '2017-04-03 21:52:06'),
(497, '0.00', '2324.00', 'دفع مرتب جرجس عزيز باسيلى بطرس', 0, 0, 7, 0, 5, 0, '2017-03-01 00:00:00', 1, '2017-04-02 22:00:00', '2017-04-03 17:58:25', '2017-04-03 17:58:25'),
(498, '0.00', '1802.50', 'دفع مرتب كيرلس رأفت فريز جرجس', 0, 0, 9, 0, 5, 0, '2017-03-01 00:00:00', 1, '2017-04-02 22:00:00', '2017-04-03 19:38:20', '2017-04-03 19:38:20'),
(499, '0.00', '2888.50', 'دفع مرتب ياسر صلاح عبد الحميد عثمان', 0, 0, 8, 0, 5, 0, '2017-03-01 00:00:00', 1, '2017-04-02 22:00:00', '2017-04-03 19:45:16', '2017-04-03 19:45:16'),
(500, NULL, '500.00', 'قسط ياسرالى نشأت عن شهر واحد قديم خالص', NULL, NULL, NULL, NULL, 5, 0, NULL, 1, '2017-04-02 22:00:00', '2017-04-03 19:56:26', '2017-04-03 21:10:03'),
(501, '0.00', '1780.21', 'دفع مرتب عماد ظريف سعيد جرجس', 0, 0, 4, 0, 5, 0, '2017-03-01 00:00:00', 1, '2017-04-02 22:00:00', '2017-04-03 19:57:21', '2017-04-03 19:57:21'),
(502, NULL, '2000.00', 'دفعه من الحساب حمد باقى 3000 قديم', NULL, NULL, NULL, NULL, 5, 0, NULL, 1, '2017-04-02 22:00:00', '2017-04-03 19:58:14', '2017-04-03 19:58:14'),
(503, '10000.00', NULL, 'سلفة من البنك', 27, 17, NULL, NULL, NULL, 0, NULL, 1, '2017-04-02 22:00:00', '2017-04-03 20:00:57', '2017-04-03 20:00:57'),
(504, NULL, '1000.00', 'عهدة عماد تركيب يافطة المستشفى', NULL, NULL, 4, NULL, 1, 0, NULL, 1, '2017-03-31 22:00:00', '2017-04-03 20:09:15', '2017-04-03 20:09:15'),
(505, '0.00', '1616.67', 'دفع مرتب احمد محمود عبد العظيم  طمان', 0, 0, 6, 0, 5, 0, '2017-03-01 00:00:00', 1, '2017-04-02 22:00:00', '2017-04-03 21:15:43', '2017-04-03 21:15:43'),
(506, NULL, '56.00', 'كارت شحن أ/ بيشوى', NULL, NULL, NULL, NULL, 8, 0, NULL, 1, '2017-04-02 22:00:00', '2017-04-03 21:25:43', '2017-04-03 21:25:43'),
(507, NULL, '100.00', 'سلفة احمد طمان من مرتب شهر ابريل', NULL, NULL, 6, NULL, 3, 0, NULL, 1, '2017-04-02 22:00:00', '2017-04-03 21:26:43', '2017-04-03 21:26:43'),
(508, NULL, '300.00', 'حساب محمد حمد نقل', 38, NULL, NULL, 11, NULL, 0, NULL, 1, '2017-04-02 22:00:00', '2017-04-03 21:29:30', '2017-04-03 21:29:30'),
(509, NULL, '350.00', 'حساب محمد حمد نقل', 39, NULL, NULL, 11, NULL, 0, NULL, 1, '2017-04-02 22:00:00', '2017-04-03 21:30:10', '2017-04-03 21:30:10'),
(510, NULL, '300.00', 'حساب محمد حمد نقل', 38, NULL, NULL, 11, NULL, 0, NULL, 1, '2017-04-02 22:00:00', '2017-04-03 21:30:30', '2017-04-03 21:30:30'),
(511, '100.00', NULL, 'رد عهدة احمد طمان اورانج المرغنى', NULL, NULL, 6, NULL, 2, 0, NULL, 1, '2017-04-01 22:00:00', '2017-04-03 21:35:24', '2017-04-03 21:35:24'),
(512, NULL, '200.00', 'عهدة جرجس تصليح صواريخ وشنيور وعدد', NULL, NULL, 7, NULL, 1, 0, NULL, 1, '2017-04-02 22:00:00', '2017-04-03 21:37:10', '2017-04-04 14:05:47'),
(513, '1500.00', NULL, 'رد عهدة احمد طمان تركيب لافتة مستشفى الكلى', NULL, NULL, 6, NULL, 2, 0, NULL, 1, '2017-04-03 22:00:00', '2017-04-04 14:08:05', '2017-04-04 14:08:05'),
(514, NULL, '8.00', 'مواصلات مستشفى الكلى', 3, 12, NULL, NULL, NULL, 0, NULL, 1, '2017-04-03 22:00:00', '2017-04-04 14:08:44', '2017-04-04 14:08:44'),
(515, NULL, '26.00', 'عدد 2 بنطة 6 مم + علبة فيشر', 3, 12, NULL, NULL, NULL, 0, NULL, 1, '2017-04-03 22:00:00', '2017-04-04 14:09:20', '2017-04-04 14:09:20'),
(516, NULL, '760.00', 'علب بواط ووتر بروف', 3, 12, NULL, NULL, NULL, 0, NULL, 1, '2017-04-03 22:00:00', '2017-04-04 14:11:45', '2017-04-04 14:11:45'),
(517, NULL, '100.00', 'تاكسى ش هارون + المهندسين', 3, 12, NULL, NULL, NULL, 0, NULL, 1, '2017-04-03 22:00:00', '2017-04-04 14:12:15', '2017-04-04 14:12:15'),
(518, NULL, '9.00', 'مواصلات العتبة والورشة', 3, 12, NULL, NULL, NULL, 0, NULL, 1, '2017-04-03 22:00:00', '2017-04-04 14:12:34', '2017-04-04 14:12:34'),
(519, NULL, '100.00', 'عهدة محمود بيد احمد طمان يوم تركيب يافطة المستشفى', NULL, NULL, 10, NULL, 1, 0, NULL, 1, '2017-04-03 22:00:00', '2017-04-04 14:13:07', '2017-04-04 14:13:07'),
(520, '1000.00', NULL, 'رد عهدة عماد تركيب يافطة مستشفى الكلى', NULL, NULL, 4, NULL, 2, 0, NULL, 1, '2017-04-03 22:00:00', '2017-04-04 14:16:57', '2017-04-04 14:16:57'),
(521, NULL, '125.00', 'بنزين سيارة سوزوكى', NULL, NULL, NULL, NULL, 7, 0, NULL, 1, '2017-04-03 22:00:00', '2017-04-04 14:17:40', '2017-04-04 14:17:40'),
(522, NULL, '80.00', 'مسامير 13 مم + علبة فيشر', 3, 12, NULL, NULL, NULL, 0, NULL, 1, '2017-04-03 22:00:00', '2017-04-04 14:18:13', '2017-04-04 14:18:13'),
(523, NULL, '240.00', 'عدد 30 بسكوتة للمصنع', NULL, NULL, NULL, NULL, 4, 0, NULL, 1, '2017-04-03 22:00:00', '2017-04-04 14:18:43', '2017-04-04 14:18:43'),
(524, NULL, '350.00', 'عشاء للعمال تركيب يافطة المستشفى اول يوم', 3, 12, NULL, NULL, NULL, 0, NULL, 1, '2017-04-03 22:00:00', '2017-04-04 14:19:23', '2017-04-04 14:19:40'),
(525, NULL, '250.00', 'عشاء للعمال تركيب يافطة المستشفى تانى يوم', 3, 12, NULL, NULL, NULL, 0, NULL, 1, '2017-04-03 22:00:00', '2017-04-04 14:19:57', '2017-04-04 14:19:57'),
(526, NULL, '80.00', 'عداء للعمال شغل محل فولت', 23, 16, NULL, NULL, NULL, 0, NULL, 1, '2017-04-03 22:00:00', '2017-04-04 14:20:25', '2017-04-04 14:20:25'),
(527, NULL, '20.00', 'سكر وشاى للعمال', 23, 16, NULL, NULL, NULL, 0, NULL, 1, '2017-04-03 22:00:00', '2017-04-04 14:20:49', '2017-04-04 14:20:49'),
(528, NULL, '20.00', 'لحام كاوتش + بلف سيارة سوزوكى', NULL, NULL, NULL, NULL, 7, 0, NULL, 1, '2017-04-03 22:00:00', '2017-04-04 14:21:18', '2017-04-04 14:21:18'),
(529, NULL, '3000.00', 'باقى حساب حمد القديم من اجمالى 7000 خالص بالكامل', NULL, NULL, NULL, NULL, 5, 0, NULL, 1, '2017-04-04 22:00:00', '2017-04-05 15:06:43', '2017-04-05 15:06:43'),
(530, '15000.00', NULL, 'دفعة من حساب عملية استاندات مالبورو 6 استاند', 18, 9, NULL, NULL, NULL, 0, NULL, 1, '2017-04-04 22:00:00', '2017-04-05 15:09:06', '2017-04-05 15:09:06'),
(531, NULL, '10000.00', 'دفعة من حساب جورج النجار تصنيع 6 استاند مارلبورو', 50, NULL, NULL, 8, NULL, 0, NULL, 1, '2017-04-04 22:00:00', '2017-04-05 15:12:54', '2017-04-05 15:12:54'),
(532, '10000.00', NULL, 'دفعة من حساب م / جون لشراء ليدات فرونارى', 20, 3, NULL, NULL, NULL, 0, NULL, 1, '2017-04-04 22:00:00', '2017-04-05 15:13:54', '2017-04-05 15:13:54'),
(533, '10000.00', NULL, 'دفعة من حساب م / جون لشراء ليدات شغل dell', 4, 3, NULL, NULL, NULL, 0, NULL, 1, '2017-04-04 22:00:00', '2017-04-05 15:15:03', '2017-04-05 15:15:03'),
(534, '100.00', NULL, 'رد عهدة عمرو تركيب استكانة بيد عماد', NULL, NULL, 5, NULL, 2, 0, NULL, 1, '2017-04-04 22:00:00', '2017-04-05 15:19:28', '2017-04-05 15:19:28'),
(535, NULL, '65.00', 'اكل للعمال', 2, 10, NULL, NULL, NULL, 0, NULL, 1, '2017-04-04 22:00:00', '2017-04-05 15:21:54', '2017-04-05 15:21:54'),
(536, NULL, '30.00', 'مسامير + علبة اسلحة قطر +بكرة تيب', 2, 10, NULL, NULL, NULL, 0, NULL, 1, '2017-04-04 22:00:00', '2017-04-05 15:23:46', '2017-04-05 15:23:46'),
(537, NULL, '3.50', 'مواصلات شغل استكانة', 2, 10, NULL, NULL, NULL, 0, NULL, 1, '2017-04-04 22:00:00', '2017-04-05 15:24:08', '2017-04-05 15:24:08'),
(538, NULL, '150.00', 'اكل + مياه + شاى للعمال', 28, 4, NULL, NULL, NULL, 0, NULL, 1, '2017-04-04 22:00:00', '2017-04-05 15:33:40', '2017-04-05 15:33:40'),
(539, NULL, '7.50', 'شريط لحام شغل محل بورى', 28, 4, NULL, NULL, NULL, 0, NULL, 1, '2017-04-04 22:00:00', '2017-04-05 15:34:18', '2017-04-05 15:34:18'),
(540, NULL, '5.00', 'سلفة عادل من مرتب شهر ابريل', NULL, NULL, 12, NULL, 3, 0, NULL, 1, '2017-04-04 22:00:00', '2017-04-05 15:34:51', '2017-04-05 15:34:51'),
(541, NULL, '1.00', 'عدد 1 كيس بريل', 28, 4, NULL, NULL, NULL, 0, NULL, 1, '2017-04-04 22:00:00', '2017-04-05 15:35:24', '2017-04-05 15:35:24'),
(542, NULL, '5.00', 'مواصلات عمرو بعلم أ / بيشوى', 28, 4, NULL, NULL, NULL, 0, NULL, 1, '2017-04-04 22:00:00', '2017-04-05 15:36:13', '2017-04-05 15:36:13'),
(543, '0.00', '1853.33', 'دفع مرتب عمر سيد عويس عطيه', 0, 0, 5, 0, 5, 0, '2017-03-01 00:00:00', 1, '2017-04-04 22:00:00', '2017-04-05 16:10:21', '2017-04-05 16:10:21'),
(544, NULL, '3315.00', 'عدد 4 لوح اوبال ابيض مضئ 130 * 200 درجة تانية', 20, 3, NULL, NULL, NULL, 0, NULL, 1, '2017-04-04 22:00:00', '2017-04-05 17:22:22', '2017-04-05 17:46:57'),
(546, NULL, '585.00', 'عهدة ا / بيشوى ( قيمة عدد 2 لوح شفاف + كريمى ل أ / بيمن + أ / بولس )', NULL, NULL, 1, NULL, 1, 0, NULL, 1, '2017-04-04 22:00:00', '2017-04-05 17:23:48', '2017-04-05 17:27:55'),
(547, NULL, '300.00', 'حساب محمد مصلح نقل لوحات ارشادية حلوانى م / محمد عبد الفتاح', 8, NULL, NULL, 4, NULL, 0, NULL, 1, '2017-04-04 22:00:00', '2017-04-05 17:28:23', '2017-04-05 17:28:23'),
(548, NULL, '450.00', 'حساب محمد مصلح نقل اورانج المرغنى ومول مصر ومول العرب', 1, NULL, NULL, 4, NULL, 0, NULL, 1, '2017-04-04 22:00:00', '2017-04-05 17:47:53', '2017-04-05 17:47:53'),
(549, NULL, '200.00', 'حساب محمد مصلح نقل', 10, NULL, NULL, 4, NULL, 0, NULL, 1, '2017-04-04 22:00:00', '2017-04-05 17:52:46', '2017-04-05 17:52:46'),
(550, NULL, '300.00', 'حساب محمد مصلح نقل dell mce', 11, NULL, NULL, 4, NULL, 0, NULL, 1, '2017-04-04 22:00:00', '2017-04-05 17:56:36', '2017-04-05 17:56:36'),
(551, NULL, '200.00', 'حساب محمد مصلح نقل', 13, NULL, NULL, 4, NULL, 0, NULL, 1, '2017-04-04 22:00:00', '2017-04-05 17:57:29', '2017-04-05 17:57:29'),
(552, NULL, '250.00', 'حساب محمد مصلح نقل بوكتات الأكريلك', 24, NULL, NULL, 4, NULL, 0, NULL, 1, '2017-04-04 22:00:00', '2017-04-05 17:58:19', '2017-04-05 17:58:19'),
(553, NULL, '300.00', 'حساب محمد مصلح نقل مستشفى الكلى', 40, NULL, NULL, 4, NULL, 0, NULL, 1, '2017-04-04 22:00:00', '2017-04-05 17:58:52', '2017-04-05 17:58:52'),
(554, '0.00', '547.50', 'دفع مرتب عادل حنا جيد حنا', 0, 0, 12, 0, 5, 0, '2017-03-01 00:00:00', 1, '2017-04-04 22:00:00', '2017-04-05 18:03:18', '2017-04-05 18:03:18'),
(555, '250.00', NULL, 'رد عهدة ياسر', 24, 17, NULL, NULL, NULL, 0, NULL, 1, '2017-04-03 22:00:00', '2017-04-05 18:48:21', '2017-04-05 18:48:29'),
(556, NULL, '80.00', 'مسامير شغل مستشفى الكلى', 3, 12, NULL, NULL, NULL, 0, NULL, 1, '2017-04-03 22:00:00', '2017-04-05 18:49:07', '2017-04-05 18:49:07'),
(557, NULL, '10.00', 'كتر + لقم سيرف', 3, 12, NULL, NULL, NULL, 0, NULL, 1, '2017-04-03 22:00:00', '2017-04-05 18:49:36', '2017-04-05 18:49:36'),
(558, NULL, '100.00', 'عدد 1 باكو سيلك لحام 3 مم', 3, 12, NULL, NULL, NULL, 0, NULL, 1, '2017-04-03 22:00:00', '2017-04-05 18:50:05', '2017-04-05 18:50:05'),
(559, NULL, '60.00', 'سيخ حديد لتثبيت يافطة مستشفى الكلى', 3, 12, NULL, NULL, NULL, 0, NULL, 1, '2017-04-03 22:00:00', '2017-04-05 18:50:36', '2017-04-05 18:50:36'),
(560, NULL, '20.00', 'اكرامية نقل الخشب شغل dell mce', 4, 3, NULL, NULL, NULL, 0, NULL, 1, '2017-04-03 22:00:00', '2017-04-05 18:51:11', '2017-04-05 18:51:11'),
(561, NULL, '2500.00', 'تصفية عهدة أ/ بيشوى', NULL, NULL, NULL, NULL, 5, 0, NULL, 1, '2017-04-04 22:00:00', '2017-04-05 19:17:31', '2017-04-05 19:17:31'),
(562, '0.00', '2782.50', 'دفع مرتب محمود قاسم احمد محمد', 0, 0, 10, 0, 5, 0, '2017-03-01 00:00:00', 1, '2017-04-04 22:00:00', '2017-04-05 19:18:49', '2017-04-05 19:18:49'),
(563, NULL, '1500.00', 'حساب شهر يناير و فبراير ومارس أ ميلاد قبل العيد', NULL, NULL, NULL, NULL, 14, 0, NULL, 1, '2017-04-04 22:00:00', '2017-04-05 19:24:30', '2017-04-05 19:25:26'),
(565, NULL, '850.00', 'تركيب مفتاح المستشفى محمود', 3, 12, NULL, NULL, NULL, 0, NULL, 1, '2017-04-04 22:00:00', '2017-04-05 19:48:44', '2017-04-05 19:58:08'),
(566, NULL, '1500.00', 'عهدة عماد تركيب محل فولت', NULL, NULL, 4, NULL, 1, 0, NULL, 2, '2017-04-05 22:00:00', '2017-04-06 09:48:41', '2017-04-12 19:41:03'),
(567, NULL, '216.00', 'عدد 120 ليد شغل محل فولت', 28, 4, NULL, NULL, NULL, 0, NULL, 2, '2017-04-05 22:00:00', '2017-04-06 09:49:34', '2017-04-12 19:41:03'),
(568, NULL, '125.00', 'عدد 1 ترانس 100 وات', 28, 4, NULL, NULL, NULL, 0, NULL, 2, '2017-04-05 22:00:00', '2017-04-06 09:51:01', '2017-04-12 19:41:03'),
(569, NULL, '9.00', 'مواصلات شراء ليدات وترانسات محل بورى بورسعيد', 28, 4, NULL, NULL, NULL, 0, NULL, 2, '2017-04-05 22:00:00', '2017-04-06 10:27:08', '2017-04-12 19:41:03'),
(571, NULL, '3000.00', 'دفعة من حساب الحاج صبحى عمران شغل ميجا', 52, NULL, NULL, 12, NULL, 0, NULL, 2, '2017-04-05 22:00:00', '2017-04-06 13:19:26', '2017-04-12 19:41:03'),
(572, NULL, '630.00', 'عدد 3 لوح خشب 12 مم شغل كارما', 13, 6, NULL, NULL, NULL, 0, NULL, 2, '2017-04-05 22:00:00', '2017-04-06 16:35:09', '2017-04-12 19:41:03'),
(573, NULL, '20.00', 'نقل خشب شغل كارما', 13, 6, NULL, NULL, NULL, 0, NULL, 2, '2017-04-05 22:00:00', '2017-04-06 16:35:31', '2017-04-12 19:41:03'),
(574, '39120.00', NULL, 'وارد من أ / بيشوى لشراء ليدات فورنارى + dell', 27, 17, NULL, NULL, NULL, 0, NULL, 1, '2017-04-07 22:00:00', '2017-04-08 09:31:32', '2017-04-08 17:15:18'),
(575, NULL, '19800.00', 'عدد 2200 ليد * 9 شغل dell', 4, 3, NULL, NULL, NULL, 0, NULL, 1, '2017-04-07 22:00:00', '2017-04-08 09:32:53', '2017-04-08 17:15:53'),
(576, NULL, '10350.00', 'عدد 18 ترانس كورى  150 وات * 575', 4, 3, NULL, NULL, NULL, 0, NULL, 1, '2017-04-07 22:00:00', '2017-04-08 09:36:12', '2017-04-08 17:16:59'),
(577, NULL, '3520.00', 'عدد 2200 ليد * 1.6', 20, 3, NULL, NULL, NULL, 0, NULL, 1, '2017-04-07 22:00:00', '2017-04-08 09:36:52', '2017-04-08 09:36:52'),
(578, NULL, '5450.00', 'عدد 10 ترانس 200 وات * 545', 20, 3, NULL, NULL, NULL, 0, NULL, 1, '2017-04-07 22:00:00', '2017-04-08 09:37:26', '2017-04-08 17:18:42'),
(580, NULL, '70.00', 'تاكسى محمود ذهاب وعودة مستشفى الكلى', 3, 12, NULL, NULL, NULL, 0, NULL, 1, '2017-04-07 22:00:00', '2017-04-08 09:38:55', '2017-04-08 09:38:55'),
(581, NULL, '100.00', 'عهدة احمد طمان مواصلات الى عالم الأعلان', NULL, NULL, 6, NULL, 1, 0, NULL, 1, '2017-04-07 22:00:00', '2017-04-08 09:39:46', '2017-04-08 17:19:02'),
(582, NULL, '2020.00', 'سلفة أ / بيشوى من مرتب شهر ابريل', NULL, NULL, 1, NULL, 3, 0, NULL, 1, '2017-04-07 22:00:00', '2017-04-08 09:49:53', '2017-04-08 17:21:11'),
(583, NULL, '35.00', 'كارتة سيارة نقل بورسعيد', 28, 4, NULL, NULL, NULL, 0, NULL, 1, '2017-04-07 22:00:00', '2017-04-08 13:01:20', '2017-04-08 13:01:20'),
(587, '100.00', NULL, 'رد عهدة محمود بيد احمد طمان', NULL, NULL, 10, NULL, 2, 0, NULL, 1, '2017-04-07 22:00:00', '2017-04-08 17:05:32', '2017-04-08 17:05:32'),
(589, '1500.00', NULL, 'رد عهدة عماد تركيب محل فولت', NULL, NULL, 4, NULL, 2, 0, NULL, 1, '2017-04-07 22:00:00', '2017-04-08 17:36:53', '2017-04-08 17:36:53'),
(590, NULL, '1700.00', 'عهدة عماد تركيب محل فولت', NULL, NULL, 4, NULL, 1, 0, NULL, 1, '2017-04-07 22:00:00', '2017-04-08 17:37:27', '2017-04-08 17:37:27'),
(591, NULL, '0.12', 'تعديل فاتورة بتروجت', NULL, NULL, NULL, NULL, 5, 0, NULL, 2, '2017-03-29 22:00:00', '2017-04-09 07:47:34', '2017-04-09 07:52:19'),
(592, NULL, '15.00', 'سلفة عماد من مرتب شهر ابريل', NULL, NULL, 4, NULL, 3, 0, NULL, 1, '2017-04-09 22:00:00', '2017-04-10 11:09:25', '2017-04-10 11:09:25'),
(593, NULL, '65.00', 'مواصلات الى اول ان وان لأستلام الشيك', 3, 12, NULL, NULL, NULL, 0, NULL, 1, '2017-04-09 22:00:00', '2017-04-10 16:36:36', '2017-04-10 16:36:36'),
(594, '2500.00', NULL, 'وارد من عملية استون بارك 2', 8, 7, NULL, NULL, NULL, 0, NULL, 1, '2017-04-09 22:00:00', '2017-04-10 16:37:13', '2017-04-10 16:37:13'),
(595, NULL, '760.00', 'دفع فواتير الموبايلات الخاصة بالشركة', NULL, NULL, NULL, NULL, 8, 0, NULL, 1, '2017-04-09 22:00:00', '2017-04-10 16:38:11', '2017-04-10 16:38:11'),
(596, NULL, '1000.00', 'سلفة أ / بيشوى من مرتب شهر ابريل', NULL, NULL, 1, NULL, 3, 0, NULL, 1, '2017-04-09 22:00:00', '2017-04-10 16:38:41', '2017-04-10 16:38:41'),
(597, NULL, '20.00', 'بكتة سلاح اركت لتقطيع الخشب للمصنع', 4, 3, NULL, NULL, NULL, 0, NULL, 1, '2017-04-09 22:00:00', '2017-04-10 16:42:50', '2017-04-12 19:49:52'),
(598, NULL, '17.00', 'شراء اقلام للمصنع ( دوكو وجاف )', NULL, NULL, NULL, NULL, 4, 0, NULL, 1, '2017-04-10 22:00:00', '2017-04-11 09:40:25', '2017-04-11 09:45:50'),
(599, '1700.00', NULL, 'رد عهدة عماد تركيب محل فولت', NULL, NULL, 4, NULL, 2, 0, NULL, 1, '2017-04-10 22:00:00', '2017-04-11 09:48:26', '2017-04-11 09:48:26'),
(600, NULL, '130.00', 'بنزين سيارة سوزوكى', NULL, NULL, NULL, NULL, 7, 0, NULL, 1, '2017-04-10 22:00:00', '2017-04-11 10:11:02', '2017-04-11 10:11:02'),
(601, NULL, '180.00', 'مسامير سرف + مسامير سن بنطة + بنط', 23, 16, NULL, NULL, NULL, 0, NULL, 1, '2017-04-10 22:00:00', '2017-04-11 10:11:50', '2017-04-11 10:11:50'),
(602, NULL, '240.00', 'عدد 30 بسكوتة', 23, 16, NULL, NULL, NULL, 0, NULL, 1, '2017-04-10 22:00:00', '2017-04-11 10:12:14', '2017-04-11 10:12:14'),
(603, NULL, '110.00', 'اكل للعمال اول يوم', 23, 16, NULL, NULL, NULL, 0, NULL, 1, '2017-04-10 22:00:00', '2017-04-11 10:12:34', '2017-04-11 10:12:34'),
(604, NULL, '20.00', 'سكر وشاى للعمال', 23, 16, NULL, NULL, NULL, 0, NULL, 1, '2017-04-10 22:00:00', '2017-04-11 10:12:54', '2017-04-11 10:12:54'),
(605, NULL, '130.00', 'مسامير أكمون + بنط هيلتى', 23, 16, NULL, NULL, NULL, 0, NULL, 1, '2017-04-10 22:00:00', '2017-04-11 10:13:31', '2017-04-11 10:13:31'),
(606, NULL, '100.00', 'بنسة لحام +مسامير سن بنطة طويلة', 23, 16, NULL, NULL, NULL, 0, NULL, 1, '2017-04-10 22:00:00', '2017-04-11 10:14:09', '2017-04-11 10:14:09'),
(607, NULL, '125.00', 'بنزين سيارة سوزوكى', NULL, NULL, NULL, NULL, 7, 0, NULL, 1, '2017-04-10 22:00:00', '2017-04-11 10:14:34', '2017-04-11 10:14:34'),
(608, NULL, '130.00', 'عذاء للعمال تانى يوم', 23, 16, NULL, NULL, NULL, 0, NULL, 1, '2017-04-10 22:00:00', '2017-04-11 10:15:08', '2017-04-11 10:15:08'),
(609, NULL, '120.00', 'غذاء للعمال ثالث يوم', 23, 16, NULL, NULL, NULL, 0, NULL, 1, '2017-04-10 22:00:00', '2017-04-11 10:15:33', '2017-04-11 10:15:33'),
(610, NULL, '122.00', 'بنزين السيارة السوزوكى', NULL, NULL, NULL, NULL, 7, 0, NULL, 1, '2017-04-10 22:00:00', '2017-04-11 10:16:13', '2017-04-11 10:16:13'),
(611, NULL, '130.00', 'غذاء للعمال رابع يوم + سكر وشاى', 23, 16, NULL, NULL, NULL, 0, NULL, 1, '2017-04-10 22:00:00', '2017-04-11 10:17:18', '2017-04-11 10:17:18'),
(612, NULL, '20.00', 'لحام كاوتش سيارة سوزوكى', NULL, NULL, NULL, NULL, 7, 0, NULL, 1, '2017-04-10 22:00:00', '2017-04-11 10:17:44', '2017-04-11 10:17:44'),
(613, NULL, '125.00', 'اكل للعمال', 7, 14, NULL, NULL, NULL, 0, NULL, 1, '2017-04-10 22:00:00', '2017-04-11 10:18:03', '2017-04-11 10:18:03'),
(614, NULL, '750.00', 'كاوتش زجاج', 7, 14, NULL, NULL, NULL, 0, NULL, 1, '2017-04-10 22:00:00', '2017-04-11 10:18:27', '2017-04-11 10:18:27'),
(615, NULL, '40.00', 'تقطيع خشب شغل كارما', 13, 6, NULL, NULL, NULL, 0, NULL, 1, '2017-04-10 22:00:00', '2017-04-11 10:18:52', '2017-04-11 10:18:52'),
(616, NULL, '65.00', 'اكل للعمال شغل كارما', 13, 6, NULL, NULL, NULL, 0, NULL, 1, '2017-04-10 22:00:00', '2017-04-11 10:19:14', '2017-04-11 10:19:14'),
(617, NULL, '25.00', 'متر قياس 5 م للمصنع', NULL, NULL, NULL, NULL, 4, 0, NULL, 1, '2017-04-10 22:00:00', '2017-04-11 10:19:42', '2017-04-11 10:19:42'),
(619, NULL, '25.00', 'شراء بيتادين مطهر جروح + قطن ( اصابة ياسر )', NULL, NULL, NULL, NULL, 5, 0, NULL, 1, '2017-04-10 22:00:00', '2017-04-11 10:21:31', '2017-04-11 10:22:42'),
(620, NULL, '100.00', 'عهدة عماد تركيب محل فولت', NULL, NULL, 4, NULL, 1, 0, NULL, 1, '2017-04-10 22:00:00', '2017-04-11 10:22:56', '2017-04-11 10:22:56'),
(621, NULL, '40.00', 'عدد 40 مسمار سن صاج', 13, 6, NULL, NULL, NULL, 0, NULL, 1, '2017-04-10 22:00:00', '2017-04-11 10:29:59', '2017-04-11 10:29:59'),
(622, NULL, '8.00', 'عدد 1 لقمة صليبة', 13, 6, NULL, NULL, NULL, 0, NULL, 1, '2017-04-10 22:00:00', '2017-04-11 10:30:08', '2017-04-11 10:30:08'),
(623, NULL, '15.00', 'عدد 1 علبة فيشر 6 مم', 13, 6, NULL, NULL, NULL, 0, NULL, 1, '2017-04-10 22:00:00', '2017-04-11 10:31:32', '2017-04-11 10:31:32'),
(624, NULL, '20.00', 'عدد 2 بنطة هيلتى', 13, 6, NULL, NULL, NULL, 0, NULL, 1, '2017-04-10 22:00:00', '2017-04-11 10:31:49', '2017-04-11 10:31:49'),
(625, NULL, '14.00', 'عدد 2 كيس قطن', 13, 6, NULL, NULL, NULL, 0, NULL, 1, '2017-04-10 22:00:00', '2017-04-11 10:32:20', '2017-04-11 10:32:20'),
(626, NULL, '6.00', 'عدد 1 زجاجة سبيرتو', 13, 6, NULL, NULL, NULL, 0, NULL, 1, '2017-04-10 22:00:00', '2017-04-11 10:32:45', '2017-04-11 10:32:45'),
(627, NULL, '250.00', 'عهدة حنا ( عهدة ياسر محل فولت )', NULL, NULL, 11, NULL, 1, 0, NULL, 1, '2017-04-10 22:00:00', '2017-04-11 11:42:02', '2017-04-11 11:42:02'),
(628, NULL, '85.00', 'لفة سلك شغل فورنارى', 20, 3, NULL, NULL, NULL, 0, NULL, 1, '2017-04-10 22:00:00', '2017-04-11 15:16:54', '2017-04-11 15:16:54'),
(629, NULL, '7.00', 'شريط لحام', 20, 3, NULL, NULL, NULL, 0, NULL, 1, '2017-04-10 22:00:00', '2017-04-11 15:17:20', '2017-04-11 17:59:36'),
(632, NULL, '145.00', 'دباسة للمصنع', NULL, NULL, NULL, NULL, 4, 0, NULL, 1, '2017-04-10 22:00:00', '2017-04-11 18:03:20', '2017-04-11 18:03:20'),
(633, NULL, '113.00', 'دبابيس للدباسة للمصنع', NULL, NULL, NULL, NULL, 4, 0, NULL, 1, '2017-04-10 22:00:00', '2017-04-11 18:03:35', '2017-04-12 19:57:57'),
(634, '12500.00', NULL, 'باقى حساب عملية مستشفى الكلى الدولى', 3, 12, NULL, NULL, NULL, 0, NULL, 1, '2017-04-11 22:00:00', '2017-04-12 13:41:45', '2017-04-12 13:41:45'),
(635, '2000.00', NULL, 'باقى حساب سبيكرم عملية ستون بارك 2 خالص', 8, 7, NULL, NULL, NULL, 0, NULL, 1, '2017-04-11 22:00:00', '2017-04-12 13:42:24', '2017-04-12 13:42:24'),
(636, NULL, '1735.00', 'مرتب أمير عن شهر فبراير + حساب السيارة أ / بيشوى', NULL, NULL, NULL, NULL, 5, 0, NULL, 1, '2017-04-11 22:00:00', '2017-04-12 17:58:57', '2017-04-12 17:58:57'),
(637, NULL, '18.00', 'شاى وسكر للمصنع', NULL, NULL, NULL, NULL, 5, 0, NULL, 1, '2017-04-11 22:00:00', '2017-04-12 17:59:21', '2017-04-12 18:01:16'),
(638, NULL, '8.00', 'شريط لحام', 20, 3, NULL, NULL, NULL, 0, NULL, 1, '2017-04-11 22:00:00', '2017-04-12 18:00:30', '2017-04-12 18:00:30'),
(639, NULL, '14.00', 'جلانس لشغل م / جون', 4, 3, NULL, NULL, NULL, 0, NULL, 1, '2017-04-11 22:00:00', '2017-04-12 18:01:46', '2017-04-12 18:01:46'),
(640, NULL, '155.00', 'سلفة عماد من مرتب شهر ابريل', NULL, NULL, 4, NULL, 3, 0, NULL, 1, '2017-04-11 22:00:00', '2017-04-12 18:39:25', '2017-04-12 18:39:25'),
(641, '100.00', NULL, 'رد عهدة عماد تركيب محل فولت', NULL, NULL, 4, NULL, 2, 0, NULL, 1, '2017-04-11 22:00:00', '2017-04-12 18:39:58', '2017-04-12 18:39:58'),
(642, NULL, '135.00', 'بنزبن سيارة سوزوكى', NULL, NULL, NULL, NULL, 7, 0, NULL, 1, '2017-04-11 22:00:00', '2017-04-12 18:42:07', '2017-04-12 18:42:07'),
(643, NULL, '15.00', 'لحام كاوتش سيارة سوزوكى', NULL, NULL, NULL, NULL, 7, 0, NULL, 1, '2017-04-11 22:00:00', '2017-04-12 18:42:32', '2017-04-12 18:42:32'),
(644, NULL, '19.00', 'جلانس لشغل فورنارى', 20, 3, NULL, NULL, NULL, 0, NULL, 1, '2017-04-11 22:00:00', '2017-04-12 18:42:58', '2017-04-12 18:42:58'),
(645, NULL, '16.00', 'عدد 2 كيس قطن', 4, 3, NULL, NULL, NULL, 0, NULL, 1, '2017-04-11 22:00:00', '2017-04-12 18:43:27', '2017-04-12 18:43:27'),
(646, NULL, '400.00', 'حساب محمد سواق نقل شغل مول المشير', 21, NULL, NULL, 4, NULL, 0, NULL, 1, '2017-04-11 22:00:00', '2017-04-12 19:21:28', '2017-04-12 19:21:55'),
(647, NULL, '500.00', 'حساب محمد سواق نق لوجو استكانة', 25, NULL, NULL, 4, NULL, 0, NULL, 1, '2017-04-11 22:00:00', '2017-04-12 19:22:27', '2017-04-12 19:22:27'),
(648, NULL, '200.00', 'حساب محمد سواق نقل ديبوند محل فولت', 49, NULL, NULL, 4, NULL, 0, NULL, 1, '2017-04-11 22:00:00', '2017-04-12 19:23:00', '2017-04-12 19:23:00'),
(649, NULL, '600.00', 'نقل', 28, 4, NULL, NULL, NULL, 0, NULL, 2, '2017-04-05 22:00:00', '2017-04-12 19:40:50', '2017-04-12 19:41:03'),
(650, '8000.00', NULL, 'دفعة من الحساب', 4, 3, NULL, NULL, NULL, 0, NULL, 1, '2017-04-10 22:00:00', '2017-04-12 19:58:39', '2017-04-12 19:58:45'),
(651, NULL, '3000.00', 'دفعه من الحساب', 37, NULL, NULL, 8, NULL, 0, NULL, 1, '2017-04-10 22:00:00', '2017-04-12 20:02:03', '2017-04-12 20:02:03'),
(652, NULL, '3000.00', 'دفعه من الحساب', 50, NULL, NULL, 8, NULL, 0, NULL, 1, '2017-04-10 22:00:00', '2017-04-12 20:02:09', '2017-04-12 20:02:09'),
(653, NULL, '10000.00', 'تغطية شيك عالم الفن', NULL, NULL, NULL, NULL, 5, 0, NULL, 1, '2017-04-11 22:00:00', '2017-04-12 20:25:09', '2017-04-12 20:25:09'),
(654, NULL, '100.00', 'عهدة محمود تصليح دباسة هواء', NULL, NULL, 10, NULL, 1, 0, NULL, 1, '2017-04-12 22:00:00', '2017-04-13 09:15:43', '2017-04-13 09:15:43'),
(655, '250.00', NULL, 'رد عهدة حنا ( عهدة ياسر )', NULL, NULL, 11, NULL, 2, 0, NULL, 1, '2017-04-12 22:00:00', '2017-04-13 10:25:09', '2017-04-13 10:25:09'),
(656, NULL, '65.00', 'برايمر مضاد للصداء', 23, 16, NULL, NULL, NULL, 0, NULL, 1, '2017-04-12 22:00:00', '2017-04-13 10:28:21', '2017-04-13 10:28:21'),
(657, NULL, '30.00', 'جركن ثنر', 23, 16, NULL, NULL, NULL, 0, NULL, 1, '2017-04-12 22:00:00', '2017-04-13 10:28:42', '2017-04-13 10:28:42'),
(658, NULL, '12.00', 'رولة دهان', 23, 16, NULL, NULL, NULL, 0, NULL, 1, '2017-04-12 22:00:00', '2017-04-13 10:28:58', '2017-04-13 10:28:58'),
(659, NULL, '12.00', 'عدد 3 غيار رولة', 23, 16, NULL, NULL, NULL, 0, NULL, 1, '2017-04-12 22:00:00', '2017-04-13 10:29:27', '2017-04-13 10:29:27'),
(660, NULL, '80.00', 'عدد 10بسكوتة تقطيع', 23, 16, NULL, NULL, NULL, 0, NULL, 1, '2017-04-12 22:00:00', '2017-04-13 10:29:56', '2017-04-13 10:29:56'),
(661, NULL, '10.00', 'عدد 1 صفيحة منشار حدادى', 14, 2, NULL, NULL, NULL, 0, NULL, 1, '2017-04-12 22:00:00', '2017-04-13 10:31:23', '2017-04-13 10:31:23'),
(663, '100.00', NULL, 'رد عهدة احمد طمان مواصلات عالم الأعلان', NULL, NULL, 6, NULL, 2, 0, NULL, 1, '2017-04-12 22:00:00', '2017-04-13 10:43:43', '2017-04-13 10:43:43'),
(664, NULL, '10.00', 'اكرامية مشال ليدات', 20, 3, NULL, NULL, NULL, 0, NULL, 1, '2017-04-12 22:00:00', '2017-04-13 10:44:14', '2017-04-13 10:44:14'),
(665, NULL, '50.00', 'نقل ليدات شغل dell mce', 4, 3, NULL, NULL, NULL, 0, NULL, 1, '2017-04-12 22:00:00', '2017-04-13 10:44:54', '2017-04-13 10:44:54'),
(666, NULL, '20.00', 'مواصلات عدد 4 مرات جورج النجار', 18, 9, NULL, NULL, NULL, 0, NULL, 1, '2017-04-12 22:00:00', '2017-04-13 10:46:03', '2017-04-13 10:46:03'),
(667, '7000.00', NULL, 'دفعة من حساب استاندات مارلبورو شركة فيجين', 18, 9, NULL, NULL, NULL, 0, NULL, 1, '2017-04-12 22:00:00', '2017-04-13 14:55:10', '2017-04-13 14:56:28'),
(668, NULL, '685.00', 'عدد 1 لوح 3مم اوبال 150 * 130', 18, 9, NULL, NULL, NULL, 0, NULL, 1, '2017-04-12 22:00:00', '2017-04-13 15:12:02', '2017-04-13 15:54:07'),
(669, NULL, '2055.00', 'عدد 1 لوح 10مم شفاف 150 * 130 درجة 2', 18, 9, NULL, NULL, NULL, 0, NULL, 1, '2017-04-12 22:00:00', '2017-04-13 15:12:45', '2017-04-13 15:53:58'),
(670, NULL, '250.00', 'حساب نقل العدة من بتروجيت الى المصنع + انتظار', 14, 2, NULL, NULL, NULL, 0, NULL, 1, '2017-04-12 22:00:00', '2017-04-13 18:14:14', '2017-04-13 18:15:39'),
(671, NULL, '42.00', 'عدد 6 * 7 فيشة كهرباء', 18, 9, NULL, NULL, NULL, 0, NULL, 1, '2017-04-12 22:00:00', '2017-04-13 18:16:25', '2017-04-13 18:16:25'),
(672, NULL, '210.00', 'سلك كهرباء 30 م * 7', 18, 9, NULL, NULL, NULL, 0, NULL, 1, '2017-04-12 22:00:00', '2017-04-13 18:17:35', '2017-04-13 18:17:35');
INSERT INTO `deposit_withdraws` (`id`, `depositValue`, `withdrawValue`, `recordDesc`, `cbo_processes`, `client_id`, `employee_id`, `supplier_id`, `expenses_id`, `payMethod`, `notes`, `saveStatus`, `due_date`, `created_at`, `updated_at`) VALUES
(673, NULL, '4.00', 'مفك كهراء صغير', 18, 9, NULL, NULL, NULL, 0, NULL, 1, '2017-04-12 22:00:00', '2017-04-13 18:18:10', '2017-04-13 18:18:10'),
(674, NULL, '19.00', 'مواصلات لأستلام فينيل', 18, 9, NULL, NULL, NULL, 0, NULL, 1, '2017-04-12 22:00:00', '2017-04-13 18:18:52', '2017-04-13 18:18:52'),
(675, NULL, '600.00', 'عدد 6 ترانس 30 وات 6 * 100', 18, 9, NULL, NULL, NULL, 0, NULL, 1, '2017-04-12 22:00:00', '2017-04-13 18:40:09', '2017-04-13 18:40:09'),
(676, NULL, '20.00', 'مواصلات شراء ترانسات', 18, 9, NULL, NULL, NULL, 0, NULL, 1, '2017-04-12 22:00:00', '2017-04-13 18:40:33', '2017-04-13 18:40:33'),
(677, NULL, '75.00', 'عدد 3 علبة دباسة', NULL, NULL, NULL, NULL, 4, 0, NULL, 1, '2017-04-12 22:00:00', '2017-04-13 18:41:05', '2017-04-13 18:41:05'),
(678, NULL, '10.00', 'مواصلات شراء دبابيس', NULL, NULL, NULL, NULL, 5, 0, NULL, 1, '2017-04-12 22:00:00', '2017-04-13 18:41:26', '2017-04-13 18:41:26'),
(679, NULL, '280.00', 'نقل من محل فولت الى المصنع + انتظار طول اليوم', 23, 16, NULL, NULL, NULL, 0, NULL, 1, '2017-04-12 22:00:00', '2017-04-13 18:51:57', '2017-04-13 18:51:57'),
(680, NULL, '200.00', 'نقل من مول المشير الى المصنع', 7, 14, NULL, NULL, NULL, 0, NULL, 1, '2017-04-12 22:00:00', '2017-04-13 18:52:43', '2017-04-13 18:52:43'),
(681, NULL, '400.00', 'سلفة كيرلس من مرتب شهر ابريل', NULL, NULL, 9, NULL, 3, 0, NULL, 1, '2017-04-12 22:00:00', '2017-04-13 21:41:09', '2017-04-13 21:53:41'),
(682, NULL, '300.00', 'سلفة حنا من مرتب شهر ابريل', NULL, NULL, 11, NULL, 3, 0, NULL, 1, '2017-04-12 22:00:00', '2017-04-13 21:54:08', '2017-04-13 21:54:08'),
(683, NULL, '200.00', 'عيدية حنا', NULL, NULL, NULL, NULL, 5, 0, NULL, 1, '2017-04-12 22:00:00', '2017-04-13 21:54:32', '2017-04-13 21:54:32'),
(684, NULL, '100.00', 'عيدية كيرلس', NULL, NULL, NULL, NULL, 5, 0, NULL, 1, '2017-04-12 22:00:00', '2017-04-13 21:54:50', '2017-04-13 21:54:50'),
(685, NULL, '500.00', 'سلفة محمود من مرتب شهر ابريل', NULL, NULL, 10, NULL, 3, 0, NULL, 1, '2017-04-12 22:00:00', '2017-04-13 21:55:46', '2017-04-13 21:55:46'),
(686, NULL, '400.00', 'سلفة جرجس من مرتب شهر ابريل', NULL, NULL, 7, NULL, 3, 0, NULL, 1, '2017-04-12 22:00:00', '2017-04-13 21:56:18', '2017-04-13 21:56:18'),
(687, NULL, '100.00', 'عيدية جرجس', NULL, NULL, NULL, NULL, 5, 0, NULL, 1, '2017-04-12 22:00:00', '2017-04-13 21:56:35', '2017-04-13 21:56:35'),
(688, NULL, '500.00', 'سلفة احمد من مرتب شهر ابريل', NULL, NULL, 6, NULL, 3, 0, NULL, 1, '2017-04-12 22:00:00', '2017-04-13 21:57:00', '2017-04-13 21:57:00'),
(689, NULL, '500.00', 'سلفة ياسر من مرتب شهر ابريل', NULL, NULL, 8, NULL, 3, 0, NULL, 1, '2017-04-12 22:00:00', '2017-04-13 21:57:21', '2017-04-13 21:57:21'),
(690, '0.00', '2000.00', 'سلفة مستديمة شهر 4 سنة 2017', 0, 0, 4, 0, 4, 0, '2017-04-14 00:04:43', 1, '2017-04-13 22:04:43', '2017-04-13 22:04:43', '2017-04-13 22:04:43');

-- --------------------------------------------------------

--
-- Table structure for table `employees`
--

DROP TABLE IF EXISTS `employees`;
CREATE TABLE `employees` (
  `id` int(10) UNSIGNED NOT NULL,
  `emp_id` int(11) UNSIGNED DEFAULT NULL,
  `name` varchar(255) COLLATE utf8_unicode_ci NOT NULL,
  `ssn` varchar(14) COLLATE utf8_unicode_ci NOT NULL,
  `gender` enum('m','f') COLLATE utf8_unicode_ci NOT NULL,
  `martial_status` enum('single','married','widowed','divorced') COLLATE utf8_unicode_ci NOT NULL,
  `birth_date` date NOT NULL,
  `department` varchar(255) COLLATE utf8_unicode_ci NOT NULL,
  `hiring_date` date NOT NULL,
  `daily_salary` double NOT NULL,
  `working_hours` int(11) NOT NULL,
  `job_title` varchar(50) COLLATE utf8_unicode_ci NOT NULL,
  `telephone` varchar(14) COLLATE utf8_unicode_ci DEFAULT NULL,
  `mobile` varchar(14) COLLATE utf8_unicode_ci NOT NULL,
  `facility_id` int(10) UNSIGNED NOT NULL,
  `can_not_use_program` tinyint(1) NOT NULL,
  `borrow_system` tinyint(1) NOT NULL,
  `deleted_at_id` int(10) UNSIGNED DEFAULT NULL,
  `deleted_at` timestamp NULL DEFAULT NULL,
  `created_at` timestamp NULL DEFAULT NULL,
  `updated_at` timestamp NULL DEFAULT NULL
) ENGINE=InnoDB DEFAULT CHARSET=utf8 COLLATE=utf8_unicode_ci ROW_FORMAT=DYNAMIC;

--
-- Dumping data for table `employees`
--

INSERT INTO `employees` (`id`, `emp_id`, `name`, `ssn`, `gender`, `martial_status`, `birth_date`, `department`, `hiring_date`, `daily_salary`, `working_hours`, `job_title`, `telephone`, `mobile`, `facility_id`, `can_not_use_program`, `borrow_system`, `deleted_at_id`, `deleted_at`, `created_at`, `updated_at`) VALUES
(1, 1, 'استاذ بيشوي', '28100010500755', 'm', 'married', '1980-02-09', '', '2001-01-01', 200, 8, 'مدير', '', '01200000000', 1, 0, 0, NULL, NULL, NULL, '2016-11-12 17:58:14'),
(4, 2, 'عماد ظريف سعيد جرجس', '28210112401113', 'm', 'married', '1982-10-11', 'المرج', '2005-02-02', 125, 10, 'رئيس عمال', '25252525', '01225524231', 1, 1, 1, NULL, NULL, '2017-03-14 08:39:58', '2017-03-15 14:09:55'),
(5, 3, 'عمر سيد عويس عطيه', '28803140102475', 'm', 'single', '1988-03-14', 'مصر القديمة', '2013-01-02', 80, 10, 'عامل', '25252525', '01148209148', 1, 1, 1, NULL, NULL, '2017-03-14 08:46:53', '2017-03-15 14:10:56'),
(6, 4, 'احمد محمود عبد العظيم  طمان', '27803130101639', 'm', 'married', '1978-03-13', 'المرج', '2014-12-14', 80, 10, 'مشرف', '53012912', '01220909014', 1, 1, 1, NULL, NULL, '2017-03-14 08:49:16', '2017-03-15 14:11:34'),
(7, 5, 'جرجس عزيز باسيلى بطرس', '28906010102558', 'm', 'single', '1989-06-01', 'منشية ناصر', '2015-12-12', 80, 10, 'عامل', '15252525', '01270928768', 1, 1, 0, NULL, NULL, '2017-03-14 08:51:50', '2017-03-15 14:11:57'),
(8, 6, 'ياسر صلاح عبد الحميد عثمان', '28702070101297', 'm', 'single', '1987-02-07', 'عين شمس', '2016-02-01', 85, 10, 'عامل', '25252525', '01211096247', 1, 1, 1, NULL, NULL, '2017-03-14 08:54:15', '2017-03-30 19:06:02'),
(9, 7, 'كيرلس رأفت فريز جرجس', '29208080101651', 'm', 'married', '1992-08-08', 'المطرية', '2017-03-07', 60, 10, 'عامل', '22555584', '01223332780', 1, 1, 0, NULL, NULL, '2017-03-14 08:57:34', '2017-03-15 14:12:37'),
(10, 8, 'محمود قاسم احمد محمد', '29009272401558', 'm', 'single', '1990-09-27', 'سمالوط _ المنيا', '2017-03-14', 120, 10, 'عامل', '77121510', '01155591981', 1, 1, 0, NULL, NULL, '2017-03-14 09:10:37', '2017-04-05 12:33:12'),
(11, 9, 'يوحنا ابراهيم بدروس', '28003210103192', 'm', 'single', '1980-03-21', 'عين شمس', '2017-02-01', 57.75, 10, 'محاسب', '22461800', '01282508848', 1, 0, 1, NULL, NULL, '2017-03-14 09:13:17', '2017-04-06 09:50:53'),
(12, 10, 'عادل حنا جيد حنا', '29909011411212', 'm', 'single', '1999-09-01', 'شبرا  الخيمة أول', '2017-03-18', 60, 10, 'عامل', '25252525', '01273964415', 1, 1, 0, NULL, NULL, '2017-03-18 12:22:09', '2017-03-18 12:22:09');

-- --------------------------------------------------------

--
-- Table structure for table `employee_borrows`
--

DROP TABLE IF EXISTS `employee_borrows`;
CREATE TABLE `employee_borrows` (
  `id` int(10) UNSIGNED NOT NULL,
  `employee_id` int(10) UNSIGNED NOT NULL,
  `amount` double NOT NULL,
  `borrow_reason` varchar(255) COLLATE utf8_unicode_ci DEFAULT NULL,
  `pay_amount` varchar(255) COLLATE utf8_unicode_ci DEFAULT NULL,
  `is_active` tinyint(1) NOT NULL,
  `created_at` timestamp NULL DEFAULT NULL,
  `updated_at` timestamp NULL DEFAULT NULL
) ENGINE=InnoDB DEFAULT CHARSET=utf8 COLLATE=utf8_unicode_ci ROW_FORMAT=DYNAMIC;

--
-- Dumping data for table `employee_borrows`
--

INSERT INTO `employee_borrows` (`id`, `employee_id`, `amount`, `borrow_reason`, `pay_amount`, `is_active`, `created_at`, `updated_at`) VALUES
(2, 8, 1000, 'قرض', '250', 1, '2017-03-30 19:06:57', '2017-03-30 19:06:57'),
(3, 11, 4500, 'قرض', '500', 1, '2017-04-02 16:59:37', '2017-04-02 16:59:37'),
(4, 4, 2000, 'اربعين والدة', '250', 1, '2017-04-13 22:04:43', '2017-04-13 22:04:43');

-- --------------------------------------------------------

--
-- Table structure for table `employee_borrow_billing`
--

DROP TABLE IF EXISTS `employee_borrow_billing`;
CREATE TABLE `employee_borrow_billing` (
  `id` int(10) UNSIGNED NOT NULL,
  `employee_borrow_id` int(10) UNSIGNED DEFAULT NULL,
  `pay_amount` decimal(11,3) DEFAULT NULL,
  `due_date` date DEFAULT NULL,
  `is_paid` tinyint(4) DEFAULT NULL,
  `created_at` timestamp NULL DEFAULT NULL,
  `updated_at` timestamp NULL DEFAULT NULL
) ENGINE=InnoDB DEFAULT CHARSET=utf8 COLLATE=utf8_unicode_ci ROW_FORMAT=DYNAMIC;

--
-- Dumping data for table `employee_borrow_billing`
--

INSERT INTO `employee_borrow_billing` (`id`, `employee_borrow_id`, `pay_amount`, `due_date`, `is_paid`, `created_at`, `updated_at`) VALUES
(116, 2, '250.000', '2017-04-30', 0, '2017-03-30 19:06:58', '2017-03-30 19:06:58'),
(117, 2, '250.000', '2017-05-30', 0, '2017-03-30 19:06:58', '2017-03-30 19:06:58'),
(118, 2, '250.000', '2017-06-30', 0, '2017-03-30 19:06:58', '2017-03-30 19:06:58'),
(119, 2, '250.000', '2017-07-30', 0, '2017-03-30 19:06:58', '2017-03-30 19:06:58'),
(120, 3, '500.000', '2017-04-02', 0, '2017-04-02 16:59:37', '2017-04-02 16:59:37'),
(121, 3, '500.000', '2017-05-02', 0, '2017-04-02 16:59:37', '2017-04-02 16:59:37'),
(122, 3, '500.000', '2017-06-02', 0, '2017-04-02 16:59:37', '2017-04-02 16:59:37'),
(123, 3, '500.000', '2017-07-02', 0, '2017-04-02 16:59:37', '2017-04-02 16:59:37'),
(124, 3, '500.000', '2017-08-02', 0, '2017-04-02 16:59:37', '2017-04-02 16:59:37'),
(125, 3, '500.000', '2017-09-02', 0, '2017-04-02 16:59:37', '2017-04-02 16:59:37'),
(126, 3, '500.000', '2017-10-02', 0, '2017-04-02 16:59:38', '2017-04-02 16:59:38'),
(127, 3, '500.000', '2017-11-02', 0, '2017-04-02 16:59:38', '2017-04-02 16:59:38'),
(128, 3, '500.000', '2017-12-02', 0, '2017-04-02 16:59:38', '2017-04-02 16:59:38'),
(129, 4, '250.000', '2017-04-14', 0, '2017-04-13 22:04:43', '2017-04-13 22:04:43'),
(130, 4, '250.000', '2017-05-14', 0, '2017-04-13 22:04:43', '2017-04-13 22:04:43'),
(131, 4, '250.000', '2017-06-14', 0, '2017-04-13 22:04:43', '2017-04-13 22:04:43'),
(132, 4, '250.000', '2017-07-14', 0, '2017-04-13 22:04:43', '2017-04-13 22:04:43'),
(133, 4, '250.000', '2017-08-14', 0, '2017-04-13 22:04:43', '2017-04-13 22:04:43'),
(134, 4, '250.000', '2017-09-14', 0, '2017-04-13 22:04:44', '2017-04-13 22:04:44'),
(135, 4, '250.000', '2017-10-14', 0, '2017-04-13 22:04:44', '2017-04-13 22:04:44'),
(136, 4, '250.000', '2017-11-14', 0, '2017-04-13 22:04:44', '2017-04-13 22:04:44');

-- --------------------------------------------------------

--
-- Table structure for table `expenses`
--

DROP TABLE IF EXISTS `expenses`;
CREATE TABLE `expenses` (
  `id` int(10) UNSIGNED NOT NULL,
  `name` varchar(255) COLLATE utf8_unicode_ci NOT NULL,
  `created_at` timestamp NULL DEFAULT NULL,
  `updated_at` timestamp NULL DEFAULT NULL
) ENGINE=InnoDB DEFAULT CHARSET=utf8 COLLATE=utf8_unicode_ci ROW_FORMAT=DYNAMIC;

--
-- Dumping data for table `expenses`
--

INSERT INTO `expenses` (`id`, `name`, `created_at`, `updated_at`) VALUES
(1, 'ايجار', '2017-03-18 15:17:54', '2017-03-18 15:17:54'),
(2, 'كهرباء', '2017-03-18 15:18:21', '2017-03-18 15:18:21'),
(3, 'المياه', '2017-03-18 15:18:47', '2017-03-18 15:18:47'),
(4, 'عدد وادوات للمصنع', '2017-03-18 15:19:34', '2017-03-18 15:19:34'),
(5, 'صيانة ومصروفات اخرى', '2017-03-18 15:20:06', '2017-03-18 15:20:06'),
(6, 'ادوات مكتبية واجهزة', '2017-03-18 15:20:48', '2017-03-18 15:20:48'),
(7, 'مصروفات السيارة السوزوكى', '2017-03-18 17:09:52', '2017-03-18 17:09:52'),
(8, 'تليفونات ونت', '2017-03-18 18:45:18', '2017-03-18 18:45:18'),
(9, 'شقة الاستاز بيشوى عين شمس', '2017-03-18 18:54:27', '2017-03-18 18:54:27'),
(10, 'جمعية وائل من شهر فبراير وحتى شهر يناير 2018', '2017-03-18 18:57:32', '2017-03-18 18:57:32'),
(11, 'الضرائب العامة', '2017-03-22 09:48:14', '2017-03-22 09:48:14'),
(12, 'الضرائب على المبيعات', '2017-03-22 09:49:06', '2017-03-22 09:49:06'),
(13, 'السيارة الملاكى', '2017-03-23 20:11:30', '2017-03-23 20:11:30'),
(14, 'أ / ميلاد جبرائيل عازر المحاسب القانونى للشركة', '2017-04-05 19:23:25', '2017-04-05 19:23:25');

-- --------------------------------------------------------

--
-- Table structure for table `facilities`
--

DROP TABLE IF EXISTS `facilities`;
CREATE TABLE `facilities` (
  `id` int(10) UNSIGNED NOT NULL,
  `name` varchar(255) COLLATE utf8_unicode_ci NOT NULL,
  `manager_id` int(10) UNSIGNED NOT NULL,
  `type` enum('individual','joint','partnership','limited_partnership','stock') COLLATE utf8_unicode_ci NOT NULL,
  `tax_file` varchar(255) COLLATE utf8_unicode_ci DEFAULT NULL,
  `tax_card` varchar(255) COLLATE utf8_unicode_ci DEFAULT NULL,
  `trade_record` varchar(255) COLLATE utf8_unicode_ci DEFAULT NULL,
  `sales_tax` int(255) DEFAULT NULL,
  `opening_amount` decimal(10,0) DEFAULT NULL,
  `country_sales_tax` tinyint(4) DEFAULT NULL,
  `logo` varchar(255) COLLATE utf8_unicode_ci DEFAULT NULL,
  `country` varchar(255) COLLATE utf8_unicode_ci DEFAULT NULL,
  `city` varchar(255) COLLATE utf8_unicode_ci DEFAULT NULL,
  `region` varchar(255) COLLATE utf8_unicode_ci DEFAULT NULL,
  `address` varchar(255) COLLATE utf8_unicode_ci DEFAULT NULL,
  `email` varchar(255) COLLATE utf8_unicode_ci DEFAULT NULL,
  `website` varchar(255) COLLATE utf8_unicode_ci DEFAULT NULL,
  `created_at` timestamp NULL DEFAULT NULL,
  `updated_at` timestamp NULL DEFAULT NULL
) ENGINE=InnoDB DEFAULT CHARSET=utf8 COLLATE=utf8_unicode_ci ROW_FORMAT=DYNAMIC;

--
-- Dumping data for table `facilities`
--

INSERT INTO `facilities` (`id`, `name`, `manager_id`, `type`, `tax_file`, `tax_card`, `trade_record`, `sales_tax`, `opening_amount`, `country_sales_tax`, `logo`, `country`, `city`, `region`, `address`, `email`, `website`, `created_at`, `updated_at`) VALUES
(1, 'B2bAdv', 1, 'stock', '11200', '23000', '98100', 13, '459', NULL, 'Q254GxNKrjKryjnN46zRKgloE00ID0DkGvmDajL6.png', 'مصر', 'القاهرة', 'عين شمس', '12 ش محمد متولي', 'info@b2b-adv.com', 'http://www.b2b-adv.com/', NULL, '2017-03-16 15:32:06');

-- --------------------------------------------------------

--
-- Table structure for table `feasibility_study`
--

DROP TABLE IF EXISTS `feasibility_study`;
CREATE TABLE `feasibility_study` (
  `id` int(10) UNSIGNED NOT NULL,
  `process_name` varchar(255) COLLATE utf8_unicode_ci NOT NULL,
  `client_id` int(11) NOT NULL,
  `rent_per_month` int(11) NOT NULL,
  `rent_time` int(11) NOT NULL,
  `waste_percentage` int(11) NOT NULL,
  `profit_percentage` int(11) NOT NULL,
  `created_at` timestamp NULL DEFAULT NULL,
  `updated_at` timestamp NULL DEFAULT NULL
) ENGINE=InnoDB DEFAULT CHARSET=utf8 COLLATE=utf8_unicode_ci ROW_FORMAT=DYNAMIC;

-- --------------------------------------------------------

--
-- Table structure for table `jobs`
--

DROP TABLE IF EXISTS `jobs`;
CREATE TABLE `jobs` (
  `id` bigint(20) UNSIGNED NOT NULL,
  `queue` varchar(255) COLLATE utf8_unicode_ci NOT NULL,
  `payload` longtext COLLATE utf8_unicode_ci NOT NULL,
  `attempts` tinyint(3) UNSIGNED NOT NULL,
  `reserved` tinyint(3) UNSIGNED NOT NULL,
  `reserved_at` int(10) UNSIGNED DEFAULT NULL,
  `available_at` int(10) UNSIGNED NOT NULL,
  `created_at` int(10) UNSIGNED NOT NULL
) ENGINE=InnoDB DEFAULT CHARSET=utf8 COLLATE=utf8_unicode_ci ROW_FORMAT=DYNAMIC;

-- --------------------------------------------------------

--
-- Table structure for table `migrations`
--

DROP TABLE IF EXISTS `migrations`;
CREATE TABLE `migrations` (
  `migration` varchar(255) COLLATE utf8_unicode_ci NOT NULL,
  `batch` int(11) NOT NULL
) ENGINE=InnoDB DEFAULT CHARSET=utf8 COLLATE=utf8_unicode_ci ROW_FORMAT=DYNAMIC;

--
-- Dumping data for table `migrations`
--

INSERT INTO `migrations` (`migration`, `batch`) VALUES
('2016_06_03_190028_create_users_table', 1),
('2016_06_03_190241_create_employees_table', 1),
('2016_06_03_191029_create_password_resets_table', 1),
('2016_06_09_163017_create_facilities_table', 1),
('2016_06_09_163447_entrust_setup_tables', 1),
('2016_06_10_152145_create_phones_table', 1),
('2016_06_24_143843_create_suppliers_table', 1),
('2016_06_25_050147_create_clients_table', 1),
('2016_07_06_141421_create_client_processes_table', 1),
('2016_07_06_141432_create_supplier_processes_table', 1),
('2016_07_06_143327_create_client_process_items_table', 1),
('2016_07_08_073008_create_authorized_people_table', 1),
('2016_10_24_211331_alter_supplier_processess_table', 2),
('2016_10_24_213936_create_supplier_process_item_table', 2),
('2016_10_30_221510_create_expenses_table', 2),
('2016_11_02_092325_alter_suppliers_table', 4),
('2016_11_02_085201_create_deposit_withdraw_table', 5),
('2016_11_04_173731_create_employee_borrow_table', 6),
('2016_12_10_143420_Alter_employee_borrow_table', 7),
('2016_12_10_171055_create_feasibility_study_table', 7),
('2016_12_10_174410_create_fs_related_tables', 7),
('2017_01_22_110601_create_jobs_table', 8);

-- --------------------------------------------------------

--
-- Table structure for table `migrations_copy`
--

DROP TABLE IF EXISTS `migrations_copy`;
CREATE TABLE `migrations_copy` (
  `migration` varchar(255) COLLATE utf8_unicode_ci NOT NULL,
  `batch` int(11) NOT NULL
) ENGINE=InnoDB DEFAULT CHARSET=utf8 COLLATE=utf8_unicode_ci;

-- --------------------------------------------------------

--
-- Table structure for table `opening_amounts`
--

DROP TABLE IF EXISTS `opening_amounts`;
CREATE TABLE `opening_amounts` (
  `id` int(11) NOT NULL,
  `amount` decimal(10,0) DEFAULT NULL,
  `deposit_date` datetime DEFAULT NULL,
  `reason` varchar(1000) DEFAULT NULL,
  `facility_id` int(11) DEFAULT NULL,
  `updated_at` datetime DEFAULT NULL,
  `created_at` datetime DEFAULT NULL
) ENGINE=InnoDB DEFAULT CHARSET=utf8 ROW_FORMAT=DYNAMIC;

--
-- Dumping data for table `opening_amounts`
--

INSERT INTO `opening_amounts` (`id`, `amount`, `deposit_date`, `reason`, `facility_id`, `updated_at`, `created_at`) VALUES
(1, '459', '2017-03-14 00:00:00', 'ظبط الحساب وبد الحسابات المنطظمة', NULL, '2017-04-03 19:33:29', '2017-03-16 17:29:55');

-- --------------------------------------------------------

--
-- Table structure for table `password_resets`
--

DROP TABLE IF EXISTS `password_resets`;
CREATE TABLE `password_resets` (
  `email` varchar(255) COLLATE utf8_unicode_ci NOT NULL,
  `token` varchar(255) COLLATE utf8_unicode_ci NOT NULL,
  `created_at` timestamp NOT NULL DEFAULT CURRENT_TIMESTAMP ON UPDATE CURRENT_TIMESTAMP
) ENGINE=InnoDB DEFAULT CHARSET=utf8 COLLATE=utf8_unicode_ci ROW_FORMAT=DYNAMIC;

-- --------------------------------------------------------

--
-- Table structure for table `password_resets_copy`
--

DROP TABLE IF EXISTS `password_resets_copy`;
CREATE TABLE `password_resets_copy` (
  `email` varchar(255) COLLATE utf8_unicode_ci NOT NULL,
  `token` varchar(255) COLLATE utf8_unicode_ci NOT NULL,
  `created_at` timestamp NOT NULL DEFAULT CURRENT_TIMESTAMP ON UPDATE CURRENT_TIMESTAMP
) ENGINE=InnoDB DEFAULT CHARSET=utf8 COLLATE=utf8_unicode_ci;

-- --------------------------------------------------------

--
-- Table structure for table `permissions`
--

DROP TABLE IF EXISTS `permissions`;
CREATE TABLE `permissions` (
  `id` int(10) UNSIGNED NOT NULL,
  `name` varchar(255) COLLATE utf8_unicode_ci NOT NULL,
  `display_name` varchar(255) COLLATE utf8_unicode_ci DEFAULT NULL,
  `description` varchar(255) COLLATE utf8_unicode_ci DEFAULT NULL,
  `created_at` timestamp NULL DEFAULT NULL,
  `updated_at` timestamp NULL DEFAULT NULL
) ENGINE=InnoDB DEFAULT CHARSET=utf8 COLLATE=utf8_unicode_ci ROW_FORMAT=DYNAMIC;

--
-- Dumping data for table `permissions`
--

INSERT INTO `permissions` (`id`, `name`, `display_name`, `description`, `created_at`, `updated_at`) VALUES
(1, 'facility-info', 'بيانات المنشأة', NULL, '2016-07-30 21:36:53', '2016-07-30 21:36:53'),
(2, 'employees-permissions', 'صلاحيات الموظفين', NULL, '2016-07-30 21:36:53', '2016-07-30 21:36:53'),
(3, 'deposit-withdraw', 'وارد و منصرف', NULL, '2016-07-30 21:36:53', '2016-07-30 21:36:53'),
(4, 'new-process-client', 'عملية جديدة عميل', NULL, '2016-07-30 21:36:53', '2016-07-30 21:36:53'),
(5, 'new-process-supplier', 'عملية جديدة مورد', NULL, '2016-07-30 21:36:53', '2016-07-30 21:36:53'),
(6, 'new-client', 'عميل جديد', NULL, '2016-07-30 21:36:53', '2016-07-30 21:36:53'),
(7, 'new-supplier', 'مورد جديد', NULL, '2016-07-30 21:36:53', '2016-07-30 21:36:53'),
(8, 'new-outgoing', 'مصروف جديد', NULL, '2016-07-30 21:36:53', '2016-07-30 21:36:53'),
(9, 'attendance', 'حضور وانصراف', NULL, '2016-07-30 21:36:53', '2016-07-30 21:36:53'),
(10, 'query-client', 'استعلام عميل', NULL, '2016-07-30 21:36:53', '2016-07-30 21:36:53'),
(11, 'query-supplier', 'استعلام مورد', NULL, '2016-07-30 21:36:53', '2016-07-30 21:36:53'),
(12, 'query-cost-center', 'استعلام مركز تكلفة', NULL, '2016-07-30 21:36:53', '2016-07-30 21:36:53'),
(13, 'query-invoice', 'استعلام عن فاتورة', NULL, '2016-07-30 21:36:53', '2016-07-30 21:36:53'),
(14, 'database', 'قاعدة بيانات', NULL, '2016-07-30 21:36:53', '2016-07-30 21:36:53'),
(15, 'deposit-withdraw-edit', 'تعديل وارد و منصرف', NULL, NULL, NULL),
(16, 'attendance-edit', 'تعديل حضور و انصراف الموظفين', NULL, NULL, NULL);

-- --------------------------------------------------------

--
-- Table structure for table `permission_role`
--

DROP TABLE IF EXISTS `permission_role`;
CREATE TABLE `permission_role` (
  `permission_id` int(10) UNSIGNED NOT NULL,
  `role_id` int(10) UNSIGNED NOT NULL
) ENGINE=InnoDB DEFAULT CHARSET=utf8 COLLATE=utf8_unicode_ci ROW_FORMAT=DYNAMIC;

--
-- Dumping data for table `permission_role`
--

INSERT INTO `permission_role` (`permission_id`, `role_id`) VALUES
(1, 1),
(2, 1),
(4, 1),
(5, 1),
(6, 1),
(7, 1),
(8, 1),
(9, 1),
(10, 1),
(11, 1),
(12, 1),
(13, 1),
(14, 1),
(15, 1),
(16, 1),
(3, 12),
(4, 12),
(5, 12),
(6, 12),
(7, 12),
(9, 12),
(10, 12),
(11, 12),
(13, 12),
(16, 12);

-- --------------------------------------------------------

--
-- Table structure for table `phones`
--

DROP TABLE IF EXISTS `phones`;
CREATE TABLE `phones` (
  `id` int(10) UNSIGNED NOT NULL,
  `facility_id` int(10) UNSIGNED NOT NULL,
  `type` enum('hotline','fax','landline','mobile') COLLATE utf8_unicode_ci NOT NULL,
  `created_at` timestamp NULL DEFAULT NULL,
  `updated_at` timestamp NULL DEFAULT NULL
) ENGINE=InnoDB DEFAULT CHARSET=utf8 COLLATE=utf8_unicode_ci ROW_FORMAT=DYNAMIC;

-- --------------------------------------------------------

--
-- Table structure for table `raw_material`
--

DROP TABLE IF EXISTS `raw_material`;
CREATE TABLE `raw_material` (
  `id` int(10) UNSIGNED NOT NULL,
  `fs_id` int(10) UNSIGNED NOT NULL,
  `name` varchar(255) COLLATE utf8_unicode_ci NOT NULL,
  `quantity` int(11) NOT NULL,
  `price` int(11) NOT NULL
) ENGINE=InnoDB DEFAULT CHARSET=utf8 COLLATE=utf8_unicode_ci ROW_FORMAT=DYNAMIC;

-- --------------------------------------------------------

--
-- Table structure for table `roles`
--

DROP TABLE IF EXISTS `roles`;
CREATE TABLE `roles` (
  `id` int(10) UNSIGNED NOT NULL,
  `name` varchar(255) COLLATE utf8_unicode_ci NOT NULL,
  `display_name` varchar(255) COLLATE utf8_unicode_ci DEFAULT NULL,
  `description` varchar(255) COLLATE utf8_unicode_ci DEFAULT NULL,
  `created_at` timestamp NULL DEFAULT NULL,
  `updated_at` timestamp NULL DEFAULT NULL
) ENGINE=InnoDB DEFAULT CHARSET=utf8 COLLATE=utf8_unicode_ci ROW_FORMAT=DYNAMIC;

--
-- Dumping data for table `roles`
--

INSERT INTO `roles` (`id`, `name`, `display_name`, `description`, `created_at`, `updated_at`) VALUES
(1, 'admin', 'Administrator', NULL, '2016-07-30 21:36:53', '2016-07-30 21:36:53'),
(2, 'role_2', NULL, NULL, '2017-03-03 13:17:41', '2017-03-03 13:17:41'),
(5, 'role_4', NULL, NULL, '2017-03-14 08:39:58', '2017-03-14 08:39:58'),
(6, 'role_5', NULL, NULL, '2017-03-14 08:46:53', '2017-03-14 08:46:53'),
(7, 'role_6', NULL, NULL, '2017-03-14 08:49:16', '2017-03-14 08:49:16'),
(8, 'role_7', NULL, NULL, '2017-03-14 08:51:50', '2017-03-14 08:51:50'),
(9, 'role_8', NULL, NULL, '2017-03-14 08:54:15', '2017-03-14 08:54:15'),
(10, 'role_9', NULL, NULL, '2017-03-14 08:57:34', '2017-03-14 08:57:34'),
(11, 'role_10', NULL, NULL, '2017-03-14 09:10:37', '2017-03-14 09:10:37'),
(12, 'role_11', NULL, NULL, '2017-03-14 09:13:17', '2017-03-14 09:13:17'),
(13, 'role_12', NULL, NULL, '2017-03-18 12:22:10', '2017-03-18 12:22:10');

-- --------------------------------------------------------

--
-- Table structure for table `role_user`
--

DROP TABLE IF EXISTS `role_user`;
CREATE TABLE `role_user` (
  `user_id` int(10) UNSIGNED NOT NULL,
  `role_id` int(10) UNSIGNED NOT NULL
) ENGINE=InnoDB DEFAULT CHARSET=utf8 COLLATE=utf8_unicode_ci ROW_FORMAT=DYNAMIC;

--
-- Dumping data for table `role_user`
--

INSERT INTO `role_user` (`user_id`, `role_id`) VALUES
(1, 1),
(2, 1),
(10, 5),
(11, 6),
(12, 7),
(13, 8),
(14, 9),
(15, 10),
(16, 11),
(17, 12),
(18, 13);

-- --------------------------------------------------------

--
-- Table structure for table `suppliers`
--

DROP TABLE IF EXISTS `suppliers`;
CREATE TABLE `suppliers` (
  `id` int(10) UNSIGNED NOT NULL,
  `name` varchar(255) COLLATE utf8_unicode_ci NOT NULL,
  `address` varchar(255) COLLATE utf8_unicode_ci NOT NULL,
  `telephone` varchar(255) COLLATE utf8_unicode_ci DEFAULT NULL,
  `mobile` varchar(255) COLLATE utf8_unicode_ci NOT NULL,
  `debit_limit` varchar(255) COLLATE utf8_unicode_ci NOT NULL,
  `created_at` timestamp NULL DEFAULT NULL,
  `updated_at` timestamp NULL DEFAULT NULL,
  `deleted_at` timestamp NULL DEFAULT NULL
) ENGINE=InnoDB DEFAULT CHARSET=utf8 COLLATE=utf8_unicode_ci ROW_FORMAT=DYNAMIC;

--
-- Dumping data for table `suppliers`
--

INSERT INTO `suppliers` (`id`, `name`, `address`, `telephone`, `mobile`, `debit_limit`, `created_at`, `updated_at`, `deleted_at`) VALUES
(1, 'B2B LASER', 'عين شمس', '24934917', '01220909012', '50000', '2017-03-18 10:40:18', '2017-03-18 10:40:18', NULL),
(2, 'B2B LASER STEL', 'عين شمس', '24934917', '01220909020', '50000', '2017-03-18 12:50:54', '2017-03-18 12:50:54', NULL),
(3, 'محمد صلاح امين', 'عين شمس', '24618000', '01066851157', '50000', '2017-03-18 12:59:42', '2017-03-18 12:59:42', NULL),
(4, 'محمد سواق نقل', 'عين شمس', '22461800', '01028129123', '2000', '2017-03-18 17:58:18', '2017-03-25 16:13:18', NULL),
(5, 'راضى النجار', 'مصر القديمة', '24618000', '01069636265', '50000', '2017-03-19 10:34:40', '2017-03-19 10:34:40', NULL),
(6, 'جرجس  وليم', 'عين شمس', '25252525', '01270566700', '10000', '2017-03-19 13:10:24', '2017-03-19 13:10:24', NULL),
(7, 'هانى جولد', 'شبرا الخيمة الشارع الجديد محطة الفيلا', '0242238006', '01016139349', '20000', '2017-03-19 15:59:19', '2017-03-19 15:59:19', NULL),
(8, 'جورج النجار', 'ش البترول مؤسسة الزكاة', '25252525', '01282370001', '20000', '2017-03-20 09:17:43', '2017-03-20 09:17:43', NULL),
(9, 'أحمد نقل  حمد', 'عين شمس', '22461800', '01206031019', '10000', '2017-03-21 14:14:08', '2017-03-21 14:14:08', NULL),
(10, 'اكرامى', 'الهرم', '25252525', '01208782666', '100000', '2017-03-26 17:30:25', '2017-03-26 17:40:31', NULL),
(11, 'محمد حمد', 'عين شمس', '25252525', '01224993110', '1000', '2017-04-03 20:39:03', '2017-04-03 20:39:03', NULL),
(12, 'الحاج صبحى عمران', 'قليوب', '25252525', '01099226464', '100000', '2017-04-06 13:16:55', '2017-04-06 13:16:55', NULL),
(13, 'احمد الدكش', 'المطرية', '25252525', '01210013342', '100000', '2017-04-08 18:18:05', '2017-04-08 18:18:05', NULL);

-- --------------------------------------------------------

--
-- Table structure for table `supplier_processes`
--

DROP TABLE IF EXISTS `supplier_processes`;
CREATE TABLE `supplier_processes` (
  `id` int(10) UNSIGNED NOT NULL,
  `name` varchar(255) COLLATE utf8_unicode_ci DEFAULT NULL,
  `client_process_id` int(10) NOT NULL,
  `supplier_id` int(10) UNSIGNED NOT NULL,
  `employee_id` int(10) UNSIGNED NOT NULL,
  `status` enum('active','temporary_closed','closed') COLLATE utf8_unicode_ci NOT NULL,
  `notes` varchar(255) COLLATE utf8_unicode_ci DEFAULT NULL,
  `has_discount` tinyint(1) DEFAULT NULL,
  `discount_percentage` decimal(11,3) DEFAULT NULL,
  `discount_value` decimal(11,3) DEFAULT NULL,
  `discount_reason` varchar(255) COLLATE utf8_unicode_ci DEFAULT NULL,
  `has_source_discount` tinyint(1) DEFAULT NULL,
  `source_discount_percentage` decimal(11,3) DEFAULT NULL,
  `source_discount_value` decimal(11,3) DEFAULT NULL,
  `require_invoice` tinyint(1) NOT NULL,
  `taxes_value` decimal(11,3) DEFAULT NULL,
  `total_price_taxes` decimal(11,3) DEFAULT NULL,
  `total_price` decimal(11,3) NOT NULL,
  `deleted_at` timestamp NULL DEFAULT NULL,
  `updated_at` timestamp NULL DEFAULT NULL,
  `created_at` timestamp NULL DEFAULT NULL
) ENGINE=InnoDB DEFAULT CHARSET=utf8 COLLATE=utf8_unicode_ci ROW_FORMAT=DYNAMIC;

--
-- Dumping data for table `supplier_processes`
--

INSERT INTO `supplier_processes` (`id`, `name`, `client_process_id`, `supplier_id`, `employee_id`, `status`, `notes`, `has_discount`, `discount_percentage`, `discount_value`, `discount_reason`, `has_source_discount`, `source_discount_percentage`, `source_discount_value`, `require_invoice`, `taxes_value`, `total_price_taxes`, `total_price`, `deleted_at`, `updated_at`, `created_at`) VALUES
(1, 'نيم تاج وعينات قديمة', 10, 1, 1, 'closed', 'بدون مكسب نهائى', 0, NULL, NULL, NULL, 0, '0.000', '0.000', 0, '0.000', '575.000', '575.000', NULL, '2017-04-01 17:35:24', '2017-03-18 10:42:31'),
(2, 'بو كيت اكريلك', 12, 1, 1, 'closed', 'لا يوجد', 1, '0.705', '19.000', 'تقفيل الحساب', 0, '0.000', '0.000', 0, '0.000', '2676.000', '2695.000', NULL, '2017-04-02 18:34:23', '2017-03-18 12:32:19'),
(3, 'المستشفى الدولى للكلى فرع المهندسين', 3, 2, 1, 'active', 'السعر تقريبى لحين الرجوع الى أ/ بيمن', 0, NULL, NULL, NULL, 0, '0.000', '0.000', 1, '0.000', '400.000', '400.000', '2017-03-21 01:05:55', '2017-03-21 01:05:55', '2017-03-18 12:56:44'),
(4, 'لوجو استكانة', 2, 3, 1, 'closed', 'تمت المحاسبة فى 3 / 4 خالص', 0, NULL, NULL, NULL, 0, '0.000', '0.000', 0, '0.000', '500.000', '500.000', NULL, '2017-04-03 14:10:37', '2017-03-18 13:03:50'),
(5, 'AL KARMA', 13, 3, 6, 'closed', 'تمت المحاسبة فى 3 / 4 خالص', 0, NULL, NULL, NULL, 0, '0.000', '0.000', 0, '0.000', '910.000', '910.000', NULL, '2017-04-08 14:27:32', '2017-03-18 14:15:15'),
(6, 'ديبوند فرع المرغنى مول مصر مول العرب', 1, 3, 6, 'closed', 'تمت المحاسبة فى 3 / 4 خالص', 0, NULL, NULL, NULL, 0, '0.000', '0.000', 0, '0.000', '250.000', '250.000', NULL, '2017-04-05 13:10:14', '2017-03-18 14:17:33'),
(7, 'لوجو بتروجت الكونتر', 15, 3, 6, 'closed', 'تمت المحاسبة فى 3 / 4 خالص', 0, NULL, NULL, NULL, 0, '0.000', '0.000', 0, '0.000', '280.000', '280.000', NULL, '2017-04-05 13:11:56', '2017-03-18 14:20:10'),
(8, 'لوحات ارشادية حلوانى', 16, 4, 1, 'closed', 'لايوجد ملاحظات', 0, NULL, NULL, NULL, 0, '0.000', '0.000', 0, '0.000', '300.000', '300.000', NULL, '2017-04-05 17:28:23', '2017-03-18 17:59:41'),
(9, 'ديبوند فرع المرغنى مول مصر مول العرب', 1, 4, 1, 'closed', 'لا يوجد', 0, NULL, NULL, NULL, 0, '0.000', '0.000', 0, '0.000', '450.000', '450.000', NULL, '2017-04-05 17:28:36', '2017-03-18 18:00:45'),
(10, 'محمصات حازم', 5, 4, 1, 'closed', 'لايوجد', 0, NULL, NULL, NULL, 0, '0.000', '0.000', 0, '0.000', '200.000', '200.000', NULL, '2017-04-05 17:52:46', '2017-03-18 18:01:31'),
(11, 'deel mce', 4, 4, 1, 'closed', 'لايوجد ملاحظات', 0, NULL, NULL, NULL, 0, '0.000', '0.000', 0, '0.000', '300.000', '300.000', NULL, '2017-04-05 17:56:36', '2017-03-18 18:02:48'),
(12, 'لافتة زجاج التجمع الخامس المدخل الرئيسى', 11, 4, 1, 'closed', 'لا يوجد', 0, NULL, NULL, NULL, 0, '0.000', '0.000', 0, '0.000', '550.000', '550.000', NULL, '2017-03-23 18:40:45', '2017-03-18 18:03:53'),
(13, 'غرب الجولف', 17, 4, 1, 'closed', 'لا يوجد', 0, NULL, NULL, NULL, 0, '0.000', '0.000', 0, '0.000', '200.000', '200.000', NULL, '2017-04-05 17:57:29', '2017-03-18 18:06:07'),
(14, 'ستاند مارلوبورو', 18, 5, 1, 'closed', 'لايوجد', 1, '58.333', '3500.000', 'دفعة قبل البرنامج', 0, '0.000', '0.000', 0, '0.000', '2500.000', '6000.000', NULL, '2017-03-19 11:38:38', '2017-03-19 10:54:44'),
(15, 'بو كيت اكريلك', 12, 6, 1, 'active', 'لا يوجد', 0, NULL, NULL, NULL, 0, '0.000', '0.000', 0, '0.000', '300.000', '300.000', NULL, '2017-03-19 15:09:41', '2017-03-19 15:09:41'),
(16, 'deel mce', 4, 7, 1, 'closed', 'لا يوجد', 0, NULL, NULL, NULL, 0, '0.000', '0.000', 0, '0.000', '2000.000', '2000.000', NULL, '2017-03-21 15:38:44', '2017-03-20 06:08:03'),
(17, 'لوجو استكانة', 2, 2, 1, 'closed', 'لا يوجد', 0, NULL, NULL, NULL, 0, '0.000', '0.000', 0, '0.000', '250.000', '250.000', NULL, '2017-03-30 17:50:58', '2017-03-20 11:53:05'),
(18, 'المستشفى الدولى للكلى فرع المهندسين', 3, 2, 1, 'active', 'لا يوجد', 0, NULL, NULL, NULL, 0, '0.000', '0.000', 0, '0.000', '600.000', '600.000', NULL, '2017-03-20 11:58:58', '2017-03-20 11:55:35'),
(19, 'AL KARMA', 13, 2, 1, 'active', NULL, 0, NULL, NULL, NULL, 0, '0.000', '0.000', 0, '0.000', '100.000', '100.000', NULL, '2017-03-20 11:57:32', '2017-03-20 11:57:32'),
(20, 'المستشفى الدولى للكلى فرع المهندسين', 3, 3, 1, 'closed', 'تمت المحاسبة فى 3 / 4 خالص', 0, NULL, NULL, NULL, 0, NULL, '0.000', 0, '0.000', '910.000', '910.000', NULL, '2017-04-05 13:12:51', '2017-03-22 07:15:23'),
(21, 'مول المشير', 7, 4, 1, 'closed', 'لا يوجد', 0, NULL, NULL, NULL, 0, NULL, '0.000', 0, '0.000', '400.000', '400.000', NULL, '2017-04-12 19:21:28', '2017-03-23 16:53:52'),
(22, 'italian eyewear', 19, 7, 1, 'active', 'مؤقتآ لحين ظبط السعر', 0, NULL, NULL, NULL, 0, NULL, '0.000', 0, '0.000', '1500.000', '1500.000', NULL, '2017-03-26 18:47:47', '2017-03-23 20:37:52'),
(23, 'مول المشير', 7, 10, 1, 'active', 'لحين تعديل بينات المورد', 0, NULL, NULL, NULL, 0, NULL, '0.000', 0, '0.000', '50000.000', '50000.000', NULL, '2017-03-26 17:31:34', '2017-03-26 17:31:34'),
(24, 'بو كيت اكريلك', 12, 4, 1, 'closed', 'لا يوجد', 0, NULL, NULL, NULL, 0, NULL, '0.000', 0, '0.000', '250.000', '250.000', NULL, '2017-04-05 17:58:19', '2017-03-26 20:01:50'),
(25, 'لوجو استكانة', 2, 4, 1, 'closed', 'لا يوجد', 0, NULL, NULL, NULL, 0, NULL, '0.000', 0, '0.000', '500.000', '500.000', NULL, '2017-04-12 19:22:27', '2017-03-26 20:09:21'),
(26, 'المستشفى الدولى للكلى فرع المهندسين', 3, 1, 1, 'active', 'لا يوجد', 1, '0.572', '0.800', 'تقفيل الحساب', 0, NULL, '0.000', 0, '0.000', '139.000', '139.800', NULL, '2017-04-02 18:44:06', '2017-03-29 11:05:44'),
(27, 'لوجو استكانة', 2, 1, 1, 'closed', 'لا يوجد', 0, NULL, NULL, NULL, 0, NULL, '0.000', 0, '0.000', '36.000', '36.000', NULL, '2017-04-01 17:38:17', '2017-03-29 11:08:19'),
(28, 'ديبوند فرع المرغنى مول مصر مول العرب', 1, 1, 1, 'closed', 'لا يوجد', 0, NULL, NULL, NULL, 0, NULL, '0.000', 0, '0.000', '12.000', '12.000', NULL, '2017-04-01 17:38:56', '2017-03-29 11:39:32'),
(29, 'italian eyewear', 19, 1, 1, 'closed', 'لا يوجد', 0, NULL, NULL, NULL, 0, NULL, '0.000', 0, '0.000', '165.000', '165.000', NULL, '2017-04-02 18:00:16', '2017-03-29 12:02:42'),
(30, 'بو كيت اكريلك', 12, 1, 1, 'active', 'لا يوجد', 0, NULL, NULL, NULL, 0, NULL, '0.000', 0, '0.000', '2695.000', '2695.000', '2017-04-02 17:48:05', '2017-04-02 17:48:05', '2017-03-29 12:07:52'),
(31, 'ستاند مارلوبورو', 18, 1, 1, 'active', 'لا يوجد', 1, '0.267', '0.500', 'تقفيل الحساب', 0, NULL, '0.000', 0, '0.000', '187.000', '187.500', NULL, '2017-04-02 18:02:23', '2017-03-29 12:09:14'),
(32, 'AL KARMA', 13, 1, 1, 'active', 'لا يوجد', 0, NULL, NULL, NULL, 0, NULL, '0.000', 0, '0.000', '962.000', '962.000', '2017-04-02 18:16:37', '2017-04-02 18:16:37', '2017-03-29 12:15:01'),
(33, 'فورنارى', 20, 1, 1, 'closed', 'لايوجد', 0, NULL, NULL, NULL, 0, NULL, '0.000', 0, '0.000', '273.000', '273.000', NULL, '2017-04-02 18:34:53', '2017-04-02 18:07:48'),
(34, 'لوجو بتروجت الكونتر', 15, 1, 1, 'closed', 'لا يوجد', 0, NULL, NULL, NULL, 0, NULL, '0.000', 0, '0.000', '30.000', '30.000', NULL, '2017-04-02 18:35:16', '2017-04-02 18:09:51'),
(35, 'AL KARMA', 13, 1, 1, 'closed', 'لا يوجد', 0, NULL, NULL, NULL, 0, NULL, '0.000', 0, '0.000', '962.000', '962.000', NULL, '2017-04-02 18:35:39', '2017-04-02 18:24:31'),
(36, 'deel mce', 4, 3, 1, 'active', 'لا يوجد', 0, NULL, NULL, NULL, 0, NULL, '0.000', 0, '0.000', '840.000', '840.000', NULL, '2017-04-03 11:00:48', '2017-04-03 11:00:48'),
(37, 'بيجو العبور', 25, 8, 1, 'active', 'لا يوجد', 0, NULL, NULL, NULL, 0, NULL, '0.000', 0, '0.000', '8000.000', '8000.000', NULL, '2017-04-03 14:09:23', '2017-04-03 14:09:23'),
(38, 'المستشفى الدولى للكلى فرع المهندسين', 3, 11, 1, 'closed', 'لا يوجد', 0, NULL, NULL, NULL, 0, NULL, '0.000', 0, '0.000', '600.000', '600.000', NULL, '2017-04-03 21:30:30', '2017-04-03 20:42:33'),
(39, 'ديبوند محل فولت', 23, 11, 1, 'closed', 'لا يوجد', 0, NULL, NULL, NULL, 0, NULL, '0.000', 0, '0.000', '350.000', '350.000', NULL, '2017-04-03 21:30:10', '2017-04-03 20:44:11'),
(40, 'المستشفى الدولى للكلى فرع المهندسين', 3, 4, 1, 'closed', 'لا يوجد', 0, NULL, NULL, NULL, 0, NULL, '0.000', 0, '0.000', '300.000', '300.000', NULL, '2017-04-05 17:58:52', '2017-04-03 22:15:36'),
(41, 'محمصات حازم', 5, 9, 1, 'active', 'لا يوجد', 0, NULL, NULL, NULL, 0, NULL, '0.000', 0, '0.000', '400.000', '400.000', NULL, '2017-04-04 09:46:10', '2017-04-04 09:46:10'),
(42, 'بو كيت اكريلك', 12, 9, 1, 'active', 'لا يوجد', 0, NULL, NULL, NULL, 0, NULL, '0.000', 0, '0.000', '500.000', '500.000', NULL, '2017-04-04 09:54:50', '2017-04-04 09:54:50'),
(43, 'AL KARMA', 13, 9, 1, 'active', 'لا يوجد', 0, NULL, NULL, NULL, 0, NULL, '0.000', 0, '0.000', '80.000', '80.000', NULL, '2017-04-04 09:57:55', '2017-04-04 09:57:55'),
(44, 'المستشفى الدولى للكلى فرع المهندسين', 3, 9, 1, 'active', 'لا يوجد', 0, NULL, NULL, NULL, 0, NULL, '0.000', 0, '0.000', '470.000', '470.000', NULL, '2017-04-04 10:02:08', '2017-04-04 10:02:08'),
(45, 'مول المشير', 7, 9, 1, 'active', 'لا يوجد', 0, NULL, NULL, NULL, 0, NULL, '0.000', 0, '0.000', '930.000', '930.000', NULL, '2017-04-04 10:06:31', '2017-04-04 10:06:31'),
(46, 'ستاند مارلوبورو', 18, 9, 1, 'active', 'لا يوجد', 0, NULL, NULL, NULL, 0, NULL, '0.000', 0, '0.000', '60.000', '60.000', NULL, '2017-04-04 10:09:49', '2017-04-04 10:09:49'),
(47, 'لوجو بتروجت الكونتر', 15, 9, 1, 'active', 'لا يوجد', 0, NULL, NULL, NULL, 0, NULL, '0.000', 0, '0.000', '300.000', '300.000', NULL, '2017-04-04 10:10:57', '2017-04-04 10:10:57'),
(48, 'italian eyewear', 19, 9, 1, 'active', 'لا يوجد', 0, NULL, NULL, NULL, 0, NULL, '0.000', 0, '0.000', '350.000', '350.000', NULL, '2017-04-04 10:12:50', '2017-04-04 10:12:50'),
(49, 'ديبوند محل فولت', 23, 4, 1, 'closed', 'لا يوجد', 0, NULL, NULL, NULL, 0, NULL, '0.000', 0, '0.000', '200.000', '200.000', NULL, '2017-04-12 19:23:00', '2017-04-05 10:46:53'),
(50, 'ستاند مارلوبورو', 18, 8, 1, 'active', 'لا يوجد', 0, NULL, NULL, NULL, 0, NULL, '0.000', 0, '0.000', '15000.000', '15000.000', NULL, '2017-04-05 15:11:00', '2017-04-05 15:11:00'),
(51, 'صيانة يافطة محل بورى', 28, 11, 1, 'closed', 'لا يوجد', 0, NULL, NULL, NULL, 0, NULL, '0.000', 0, '0.000', '600.000', '600.000', NULL, '2017-04-06 12:44:38', '2017-04-05 16:22:37'),
(52, 'عملية ميجا', 29, 12, 1, 'active', 'السعر مؤقت لحين التعديل', 0, NULL, NULL, NULL, 0, NULL, '0.000', 0, '0.000', '50000.000', '50000.000', NULL, '2017-04-06 13:17:44', '2017-04-06 13:17:44'),
(53, 'ديبوند فرع المرغنى مول مصر مول العرب', 1, 13, 1, 'active', 'لم يتم المحاسبة', 0, NULL, NULL, NULL, 0, NULL, '0.000', 0, '0.000', '23440.000', '23440.000', NULL, '2017-04-08 18:23:12', '2017-04-08 18:23:12'),
(54, 'ديبوند محل فولت', 23, 13, 1, 'active', 'لم يتم الحاسبة', 0, NULL, NULL, NULL, 0, NULL, '0.000', 0, '0.000', '15812.500', '15812.500', NULL, '2017-04-08 18:29:14', '2017-04-08 18:29:14'),
(55, 'فورنارى', 20, 13, 1, 'active', 'لم تتم المحاسبة', 0, NULL, NULL, NULL, 0, NULL, '0.000', 0, '0.000', '10440.000', '10440.000', NULL, '2017-04-08 18:30:45', '2017-04-08 18:30:45'),
(56, 'ديبوند محل فولت', 23, 9, 1, 'active', 'لم تتم المحاسبة', 0, NULL, NULL, NULL, 0, NULL, '0.000', 0, '0.000', '740.000', '740.000', NULL, '2017-04-11 09:23:19', '2017-04-10 09:54:31');

-- --------------------------------------------------------

--
-- Table structure for table `supplier_process_items`
--

DROP TABLE IF EXISTS `supplier_process_items`;
CREATE TABLE `supplier_process_items` (
  `id` int(10) UNSIGNED NOT NULL,
  `process_id` int(10) UNSIGNED NOT NULL,
  `description` varchar(255) COLLATE utf8_unicode_ci NOT NULL,
  `quantity` int(10) UNSIGNED NOT NULL,
  `unit_price` decimal(8,2) UNSIGNED NOT NULL,
  `deleted_at` timestamp NULL DEFAULT NULL,
  `created_at` timestamp NULL DEFAULT NULL,
  `updated_at` timestamp NULL DEFAULT NULL
) ENGINE=InnoDB DEFAULT CHARSET=utf8 COLLATE=utf8_unicode_ci ROW_FORMAT=DYNAMIC;

--
-- Dumping data for table `supplier_process_items`
--

INSERT INTO `supplier_process_items` (`id`, `process_id`, `description`, `quantity`, `unit_price`, `deleted_at`, `created_at`, `updated_at`) VALUES
(1, 1, 'نيم تاج مغناطيس', 5, '25.00', NULL, '2017-03-18 10:42:31', '2017-03-18 10:42:31'),
(2, 1, 'نيم تاج دبوس', 5, '15.00', NULL, '2017-03-18 10:42:31', '2017-03-18 10:42:31'),
(3, 1, 'عينات علبة فير', 2, '187.50', NULL, '2017-03-18 10:42:31', '2017-03-18 10:42:31'),
(4, 2, 'بوكيت اكريلك شفاف +فينيل مصنفر', 35, '65.00', NULL, '2017-03-18 12:32:19', '2017-04-02 14:10:56'),
(5, 3, 'تقطيع ليزر معادن', 2, '200.00', '2017-03-21 01:05:55', '2017-03-18 12:56:44', '2017-03-21 01:05:55'),
(6, 4, 'لحام وبرد لوجو استاليس', 1, '500.00', NULL, '2017-03-18 13:03:50', '2017-04-03 10:11:12'),
(7, 5, 'لافتة الخارجية للنادى لحام استاليس', 1, '910.00', NULL, '2017-03-18 14:15:15', '2017-04-04 13:49:58'),
(8, 6, 'تقفيل ديبوند 200سم', 1, '250.00', NULL, '2017-03-18 14:17:33', '2017-03-18 14:17:33'),
(9, 7, 'لحام لوجو استاليس مقاس 100سم', 4, '70.00', NULL, '2017-03-18 14:20:10', '2017-03-18 14:20:10'),
(10, 8, 'نقل اللوحات', 1, '300.00', NULL, '2017-03-18 17:59:41', '2017-03-18 17:59:41'),
(11, 9, 'نقل العدة', 1, '100.00', NULL, '2017-03-18 18:00:45', '2017-03-18 18:00:45'),
(12, 10, 'نقل العدة', 1, '200.00', NULL, '2017-03-18 18:01:31', '2017-03-18 18:01:31'),
(13, 11, 'نقل العدة ثانى مرة', 1, '150.00', NULL, '2017-03-18 18:02:48', '2017-03-18 18:02:48'),
(14, 12, 'نقل العدة الى مدينة نصر', 1, '100.00', NULL, '2017-03-18 18:03:53', '2017-03-18 18:03:53'),
(15, 13, 'فك ونقل الحروف الصاج غرب الجولف', 1, '200.00', NULL, '2017-03-18 18:06:07', '2017-03-18 18:06:07'),
(16, 14, 'استاند مارلوبورو', 3, '2000.00', NULL, '2017-03-19 10:54:44', '2017-03-19 10:54:44'),
(17, 15, 'تصنيع بوكتات اكلريلك', 12, '25.00', NULL, '2017-03-19 15:09:41', '2017-03-19 15:09:41'),
(18, 16, 'تقطيع بلاستيك لوح 2*2.6', 1, '1820.00', NULL, '2017-03-20 06:08:03', '2017-03-20 06:08:03'),
(19, 16, 'تقطيغ ليزر', 1, '130.00', NULL, '2017-03-20 06:08:03', '2017-03-20 06:08:03'),
(20, 16, 'نقل من شبرا لى المنع', 1, '50.00', NULL, '2017-03-20 06:08:03', '2017-03-20 06:08:03'),
(21, 17, 'تقطيع ستانلس  لوجو استكانة', 1, '150.00', NULL, '2017-03-20 11:53:05', '2017-03-20 11:53:05'),
(22, 18, 'تقطيع 2 لوح صاج مستشفى الكلى', 2, '300.00', NULL, '2017-03-20 11:55:35', '2017-03-20 11:55:35'),
(23, 19, 'تقطيع دوائر صاج', 4, '25.00', NULL, '2017-03-20 11:57:32', '2017-03-20 11:57:32'),
(24, 20, 'لحام وتفصيل الصاج', 10, '91.00', NULL, '2017-03-22 07:15:23', '2017-04-04 13:52:37'),
(25, 12, 'نقل العدة الى بتروجيت التجمع 22 / 3', 1, '200.00', NULL, '2017-03-23 16:47:20', '2017-03-23 16:47:20'),
(26, 12, 'الذهاب من المصنع الى التمع + ياسر 22 / 3', 1, '200.00', NULL, '2017-03-23 16:47:20', '2017-03-23 16:47:20'),
(27, 12, 'نقل العدة من بتروجيت الى المصنع ( من اصل مشوار مول المشير )', 1, '50.00', NULL, '2017-03-23 16:47:20', '2017-03-23 16:47:20'),
(28, 21, 'نقل الى مول المشير عدة + عمال ( يوم سفر عماد البلد ) 18 / 3', 1, '200.00', NULL, '2017-03-23 16:53:52', '2017-03-23 16:53:52'),
(29, 21, 'نقل علب الصاج الى مول المشير  23 / 3', 1, '200.00', NULL, '2017-03-23 16:53:52', '2017-03-23 16:53:52'),
(30, 9, 'نقل العدة + 2 يافطة اورانج مول العرب', 1, '350.00', NULL, '2017-03-23 18:07:15', '2017-03-23 18:07:15'),
(31, 11, 'نفل يافطة deel mce من عند هانى جولد', 1, '150.00', NULL, '2017-03-23 18:10:32', '2017-03-23 18:10:32'),
(32, 22, 'تقطيع بلاستيك صينى 3مم + 10مم شفاف ( خامة + تقطيع )', 1, '1500.00', NULL, '2017-03-23 20:37:52', '2017-03-23 20:37:52'),
(33, 23, 'ديبوند  مول المشير', 1, '50000.00', NULL, '2017-03-26 17:31:34', '2017-03-26 17:31:34'),
(34, 24, 'توصيل عدد وانتظار طول اليوم', 1, '250.00', NULL, '2017-03-26 20:01:50', '2017-03-26 20:01:50'),
(35, 25, 'نقل اليافطة الى المهندسين', 1, '200.00', NULL, '2017-03-26 20:09:21', '2017-03-26 20:09:21'),
(36, 26, 'مكت مستشفى الكلى الدولى', 12, '11.65', NULL, '2017-03-29 11:05:44', '2017-04-02 18:44:06'),
(37, 27, 'مكت  يافطة استكانة عدد 2', 3, '12.00', NULL, '2017-03-29 11:08:19', '2017-03-29 11:37:21'),
(38, 28, 'مكت اورانج مول العرب احمد', 1, '12.00', NULL, '2017-03-29 11:39:32', '2017-03-29 11:39:32'),
(39, 2, 'تقطيع علب مضيئة 12 علبة', 12, '28.25', NULL, '2017-03-29 11:58:32', '2017-04-02 17:47:44'),
(40, 29, 'تقطيع بلاستيك 74 دقيقة', 74, '1.50', NULL, '2017-03-29 12:02:42', '2017-03-29 12:02:42'),
(41, 29, 'تقطيع مكت 2.30 * .61', 2, '12.00', NULL, '2017-03-29 12:02:42', '2017-04-02 13:51:05'),
(42, 30, 'تقطيع وتشطيب جرابات شفاف', 35, '65.00', '2017-04-02 17:48:05', '2017-03-29 12:07:52', '2017-04-02 17:48:05'),
(43, 30, 'تقطيع علب مضيئة 12 علبة', 226, '1.50', '2017-04-02 17:48:05', '2017-03-29 12:07:52', '2017-04-02 17:48:05'),
(44, 30, 'تقطيع رومارك فضى  28 * 6.5', 3, '27.00', '2017-04-02 17:48:05', '2017-03-29 12:07:52', '2017-04-02 17:48:05'),
(45, 31, 'تقطيع بلاستيك عينات مارلبورو', 125, '1.50', NULL, '2017-03-29 12:09:14', '2017-03-29 12:09:14'),
(46, 29, 'تقيع ليزر القطاع المضئ', 20, '1.50', NULL, '2017-03-29 12:13:11', '2017-03-29 12:13:11'),
(47, 32, 'تقطيع ليزر العلب الكبيرة', 417, '1.50', '2017-04-02 18:16:37', '2017-03-29 12:15:01', '2017-04-02 18:16:37'),
(48, 17, 'تقطيع خلفية اللوجو', 1, '100.00', NULL, '2017-03-30 16:36:48', '2017-03-30 16:36:48'),
(49, 25, 'نقل اليافطة الى المهندسين + انتظار', 1, '300.00', NULL, '2017-03-30 18:02:19', '2017-03-30 18:02:19'),
(50, 2, 'تقطيع رومارك فضى  28 * 6.5', 3, '27.00', NULL, '2017-04-02 17:47:44', '2017-04-02 17:47:44'),
(52, 32, 'تقطيع بوكيت صغير', 101, '1.50', '2017-04-02 18:16:37', '2017-04-02 18:05:08', '2017-04-02 18:16:37'),
(53, 32, 'تشطيب البوكيت الصغير', 37, '5.00', '2017-04-02 18:16:37', '2017-04-02 18:05:08', '2017-04-02 18:16:37'),
(54, 33, 'تقطيع بلاستك', 90, '1.50', NULL, '2017-04-02 18:07:48', '2017-04-02 18:07:48'),
(55, 33, 'ماكيت ورق', 12, '12.00', NULL, '2017-04-02 18:07:48', '2017-04-02 18:07:48'),
(56, 34, 'ماكيتات ورق', 3, '12.00', NULL, '2017-04-02 18:09:51', '2017-04-02 18:09:51'),
(57, 35, 'تقطيع العلب الكبيرة', 417, '1.50', NULL, '2017-04-02 18:24:31', '2017-04-02 18:24:31'),
(58, 35, 'تقطيع بوكيت صغير', 101, '1.50', NULL, '2017-04-02 18:24:31', '2017-04-02 18:24:31'),
(59, 35, 'تشطيب البوكيت الصغير', 37, '5.00', NULL, '2017-04-02 18:24:31', '2017-04-02 18:24:31'),
(60, 36, 'لف جوانب استانلس deel mce', 12, '70.00', NULL, '2017-04-03 11:00:48', '2017-04-03 11:00:48'),
(61, 37, 'حائط خشبى 4.5 * 4.8', 1, '8000.00', NULL, '2017-04-03 14:09:23', '2017-04-03 14:09:23'),
(62, 38, 'نقل اليافطة الكبيرة + انتظار 30 /3', 1, '300.00', NULL, '2017-04-03 20:42:33', '2017-04-03 20:42:33'),
(63, 38, 'نقل العدة + الحروف المستبدلة + سهرة صباحآ 2/4', 1, '300.00', NULL, '2017-04-03 20:42:33', '2017-04-03 20:42:33'),
(64, 39, 'تحميل ديبوند من العبور الى مول المشير + نقل العدة والحديد الى محل فولت + انتظار', 1, '350.00', NULL, '2017-04-03 20:44:12', '2017-04-03 20:44:12'),
(65, 40, 'نقل اليافطة الى المهندسين + انتظار', 1, '300.00', NULL, '2017-04-03 22:15:36', '2017-04-03 22:15:36'),
(66, 41, 'نقل الى مدينة نصر + انتظار حتى 7 صباحآ', 1, '250.00', NULL, '2017-04-04 09:46:10', '2017-04-04 09:46:10'),
(67, 41, 'نقل اليافطة الدائرة الى مدينة نصر مع عماد', 1, '150.00', NULL, '2017-04-04 09:46:10', '2017-04-04 09:46:10'),
(68, 42, 'مشوار التجمع مع عمرو ومحمود بتروجيت', 1, '180.00', NULL, '2017-04-04 09:54:50', '2017-04-04 09:54:50'),
(69, 42, 'مشوار شبرا الخيمة الى التجمع نقل عدد 2 لوح اكريلك', 1, '320.00', NULL, '2017-04-04 09:54:50', '2017-04-04 09:54:50'),
(70, 43, 'نقل من سبيرو الى المصنع بلاستيك كرما', 1, '80.00', NULL, '2017-04-04 09:57:55', '2017-04-04 09:57:55'),
(71, 44, 'مشوار العبور لشراء 2 لوح صاج', 1, '140.00', NULL, '2017-04-04 10:02:08', '2017-04-04 10:02:08'),
(72, 44, 'نقل من سبيرو الى المصنع 2 لوح بلاستيك الى المستشفى', 1, '80.00', NULL, '2017-04-04 10:02:08', '2017-04-04 10:02:08'),
(73, 44, 'نقل الى المهندسين من العصر الى الساعة 10.30', 1, '250.00', NULL, '2017-04-04 10:02:08', '2017-04-04 10:02:08'),
(74, 45, 'نقل الى التجمع من 4م الى 11م', 1, '200.00', NULL, '2017-04-04 10:06:31', '2017-04-04 10:06:31'),
(75, 45, 'نقل من العبور الى مول المشير', 1, '30.00', NULL, '2017-04-04 10:06:31', '2017-04-04 10:06:31'),
(76, 45, 'نقل من المصنع الى بتروجيت الى مول المسير', 1, '250.00', NULL, '2017-04-04 10:06:32', '2017-04-04 10:06:32'),
(77, 45, 'نقل العبور الى مول المشير ثم تغير الديبوند من الألف مسكن والعودة مرة اخرى الى مول المشير والعودة للمصنع بعلب الحديد', 1, '450.00', NULL, '2017-04-04 10:06:32', '2017-04-04 10:06:32'),
(78, 46, 'نقل الأستاندات الى جورج النجار', 1, '30.00', NULL, '2017-04-04 10:09:50', '2017-04-04 10:09:50'),
(79, 46, 'نقل من الأستورجى الى المصنع', 1, '30.00', NULL, '2017-04-04 10:09:50', '2017-04-04 10:09:50'),
(80, 47, 'نقل من جورج الى ش الأربعين الى جورج الى المصنع الى عبدالله رفاعى الى التجمع', 1, '300.00', NULL, '2017-04-04 10:10:57', '2017-04-04 10:10:57'),
(81, 48, 'نقل اليافطة الى المعادى ثم ذهاب الى منشية ناصر الى الكلية الحربية يوم كامل من 10ص الى 8 م', 1, '350.00', NULL, '2017-04-04 10:12:50', '2017-04-04 10:12:50'),
(82, 49, 'نقل عدة الى محل فولت', 1, '200.00', NULL, '2017-04-05 10:46:53', '2017-04-05 10:46:53'),
(83, 50, 'تصنيع 6 استاند مارلبورو', 6, '2500.00', NULL, '2017-04-05 15:11:01', '2017-04-05 15:11:01'),
(84, 51, 'مشوار الى بورسعيد صيانة يافطة محل بورى', 1, '600.00', NULL, '2017-04-05 16:22:38', '2017-04-06 12:44:38'),
(85, 52, 'عملية ميجا', 1, '50000.00', NULL, '2017-04-06 13:17:44', '2017-04-06 13:17:44'),
(86, 53, 'عدد 15 لوح صغير سعودى ( اورانج المرغنى )', 15, '1280.00', NULL, '2017-04-08 18:23:13', '2017-04-08 18:23:13'),
(87, 53, 'عدد 2 لوح صغير سعودى ( اورانج المرغنى )', 2, '1280.00', NULL, '2017-04-08 18:23:13', '2017-04-08 18:23:13'),
(88, 53, 'عدد 1 لوح صغير سعودى ( اورانج المرغنى )', 1, '1280.00', NULL, '2017-04-08 18:23:13', '2017-04-08 18:23:13'),
(89, 53, 'نقل الديبوند الى اروانج المرغنى', 2, '200.00', NULL, '2017-04-08 18:23:13', '2017-04-08 18:23:13'),
(90, 54, 'عدد 4 لوح ديبوند كبير', 4, '1312.50', NULL, '2017-04-08 18:29:14', '2017-04-08 18:29:14'),
(91, 54, 'عدد 8 لوح ديبوند صغير', 8, '1000.00', NULL, '2017-04-08 18:29:15', '2017-04-08 18:29:15'),
(92, 54, 'عدد 1 لوح ديبوند كبير', 1, '1312.50', NULL, '2017-04-08 18:29:15', '2017-04-08 18:29:15'),
(93, 54, 'عدد 1 لوح صغير ديبوند', 1, '1000.00', NULL, '2017-04-08 18:29:15', '2017-04-08 18:29:15'),
(94, 54, 'نقل الى التجمع محل فولت', 1, '250.00', NULL, '2017-04-08 18:29:15', '2017-04-08 18:29:15'),
(95, 55, 'عدد 8 لوح ديبوند صغير', 8, '1280.00', NULL, '2017-04-08 18:30:45', '2017-04-08 18:30:45'),
(96, 55, 'نقل الى المصنع', 1, '200.00', NULL, '2017-04-08 18:30:45', '2017-04-08 18:30:45'),
(97, 56, 'نقل ديبوند الى محل فولت', 1, '180.00', NULL, '2017-04-10 09:54:31', '2017-04-10 09:54:31'),
(98, 56, 'ننقل لوح ديبوند + انتظار ( يوم العودة بلوح الديبوند لعدم امكانية ادخالة المول )', 1, '280.00', NULL, '2017-04-10 09:54:31', '2017-04-10 09:54:31'),
(99, 56, 'نقل لوح ديبوند تانى مرة + انتظار', 1, '280.00', NULL, '2017-04-11 09:23:19', '2017-04-11 09:23:19');

-- --------------------------------------------------------

--
-- Table structure for table `test_timers`
--

DROP TABLE IF EXISTS `test_timers`;
CREATE TABLE `test_timers` (
  `id` int(11) NOT NULL,
  `name` varchar(255) DEFAULT NULL
) ENGINE=InnoDB DEFAULT CHARSET=utf8 ROW_FORMAT=DYNAMIC;

-- --------------------------------------------------------

--
-- Table structure for table `users`
--

DROP TABLE IF EXISTS `users`;
CREATE TABLE `users` (
  `id` int(10) UNSIGNED NOT NULL,
  `name` varchar(255) COLLATE utf8_unicode_ci DEFAULT NULL,
  `username` varchar(255) COLLATE utf8_unicode_ci NOT NULL,
  `email` varchar(255) COLLATE utf8_unicode_ci DEFAULT NULL,
  `employee_id` int(11) UNSIGNED DEFAULT NULL,
  `password` varchar(255) COLLATE utf8_unicode_ci NOT NULL,
  `remember_token` varchar(100) COLLATE utf8_unicode_ci DEFAULT NULL,
  `created_at` timestamp NULL DEFAULT NULL,
  `updated_at` timestamp NULL DEFAULT NULL
) ENGINE=InnoDB DEFAULT CHARSET=utf8 COLLATE=utf8_unicode_ci ROW_FORMAT=DYNAMIC;

--
-- Dumping data for table `users`
--

INSERT INTO `users` (`id`, `name`, `username`, `email`, `employee_id`, `password`, `remember_token`, `created_at`, `updated_at`) VALUES
(1, 'Admin', 'admin', 'info@b2b-adv.com', NULL, '$2y$10$H1kgkb1p2GbsLAd6RMW4Vujs7hbHVW76EIspIT/EAXNDabzznaknm', 'lqEe6uUA8SUMEg4WgvGLGffHdyoQgYBDrUV6Gt77yhkXX1t6e02FgRmjDKW9', NULL, '2016-11-12 19:58:51'),
(2, 'beshoy', 'beshoy', 'info@b2b-adv.com', 1, '$2y$10$H1kgkb1p2GbsLAd6RMW4Vujs7hbHVW76EIspIT/EAXNDabzznaknm', 'YO5b67Di3eikGZdvu30J7TTiXkcSo79x8UFyuYZJLnfw9Mcrz799FUkq71qP', NULL, '2017-01-21 12:59:43'),
(10, NULL, 'عماد ظريف', NULL, 4, '$2y$10$nmCDgz7Y2yCQjdT/kZc86ut.QQJyitz7rP3IQOJ.A3Jz1KfJvnSqq', NULL, '2017-03-14 08:39:58', '2017-03-14 08:39:58'),
(11, NULL, 'عمر سيد', NULL, 5, '$2y$10$QyKxm8Q9jAxLwYs2KgTEte68jUPDHf.XtYF6enIwNYt59dzwB4hpS', NULL, '2017-03-14 08:46:53', '2017-03-14 08:46:53'),
(12, NULL, 'احمد طمان', NULL, 6, '$2y$10$gy4r/kIYDkDpoA/dUgj7d.7hska7oRGbzCwXAbjBhxjX13ndgDYQ2', NULL, '2017-03-14 08:49:16', '2017-03-14 08:49:16'),
(13, NULL, 'جرجس', NULL, 7, '$2y$10$hu5G11XVMIX/sjMzFb10vOZuXI78CUId2o8c6IlgBwGZewr7tdbdK', NULL, '2017-03-14 08:51:50', '2017-03-14 08:51:50'),
(14, NULL, 'ياسر', NULL, 8, '$2y$10$q7KBvolWMrwc2OM7672jv.7Sx3oFi.Rx6L.3ooKDpR1G.G0DdcUmS', NULL, '2017-03-14 08:54:15', '2017-03-14 08:54:15'),
(15, NULL, 'كيرلس', NULL, 9, '$2y$10$sVkCqkuXAqttE/N7Mfr4.er7f9xYr1vAkORss9ANhE88uhw0FfiHi', NULL, '2017-03-14 08:57:34', '2017-03-14 08:57:34'),
(16, NULL, 'محمود', NULL, 10, '$2y$10$ewWoBKoeuGzgq26a001M5eBl3G.QvtE75E.hsHSqSWPZ4bZBcFB0e', NULL, '2017-03-14 09:10:37', '2017-03-14 09:10:37'),
(17, NULL, 'حنا', NULL, 11, '$2y$10$lza9DrMbyk44B0Q5bcRGC.aVRfkUJjm4dEpkqcn0yFnLBF/GtEAAW', 'huyw3quYTQvujFHRDE1OTn5XePAffhJjuwN5y1RUmFCZbibthg6mdwczuyNy', '2017-03-14 09:13:17', '2017-03-14 09:13:17'),
(18, NULL, 'user_jSl7r', NULL, 12, '$2y$10$l4/5STXnPnCPjeBDao4ZheNlut5M8LRvDI3DZJJ.KZVJH0y2kJDii', NULL, '2017-03-18 12:22:10', '2017-03-18 12:22:10');

-- --------------------------------------------------------

--
-- Table structure for table `users_copy`
--

DROP TABLE IF EXISTS `users_copy`;
CREATE TABLE `users_copy` (
  `id` int(10) UNSIGNED NOT NULL,
  `username` varchar(255) COLLATE utf8_unicode_ci NOT NULL,
  `email` varchar(255) COLLATE utf8_unicode_ci DEFAULT NULL,
  `password` varchar(255) COLLATE utf8_unicode_ci NOT NULL,
  `remember_token` varchar(100) COLLATE utf8_unicode_ci DEFAULT NULL,
  `created_at` timestamp NULL DEFAULT NULL,
  `updated_at` timestamp NULL DEFAULT NULL
) ENGINE=InnoDB DEFAULT CHARSET=utf8 COLLATE=utf8_unicode_ci;

-- --------------------------------------------------------

--
-- Table structure for table `work_force`
--

DROP TABLE IF EXISTS `work_force`;
CREATE TABLE `work_force` (
  `id` int(10) UNSIGNED NOT NULL,
  `fs_id` int(10) UNSIGNED NOT NULL,
  `name` varchar(255) COLLATE utf8_unicode_ci NOT NULL,
  `time` int(11) NOT NULL,
  `cost` int(11) NOT NULL
) ENGINE=InnoDB DEFAULT CHARSET=utf8 COLLATE=utf8_unicode_ci ROW_FORMAT=DYNAMIC;

--
-- Indexes for dumped tables
--

--
-- Indexes for table `absent_types`
--
ALTER TABLE `absent_types`
  ADD PRIMARY KEY (`id`);

--
-- Indexes for table `attendances`
--
ALTER TABLE `attendances`
  ADD PRIMARY KEY (`id`),
  ADD UNIQUE KEY `unique_attend` (`date`,`employee_id`,`shift`);

--
-- Indexes for table `authorized_people`
--
ALTER TABLE `authorized_people`
  ADD PRIMARY KEY (`id`);

--
-- Indexes for table `clients`
--
ALTER TABLE `clients`
  ADD PRIMARY KEY (`id`);

--
-- Indexes for table `client_processes`
--
ALTER TABLE `client_processes`
  ADD PRIMARY KEY (`id`),
  ADD KEY `client_processes_client_id_index` (`client_id`),
  ADD KEY `client_processes_employee_id_index` (`employee_id`);

--
-- Indexes for table `client_process_items`
--
ALTER TABLE `client_process_items`
  ADD PRIMARY KEY (`id`),
  ADD KEY `client_process_items_process_id_index` (`process_id`);

--
-- Indexes for table `deposit_withdraws`
--
ALTER TABLE `deposit_withdraws`
  ADD PRIMARY KEY (`id`);

--
-- Indexes for table `employees`
--
ALTER TABLE `employees`
  ADD PRIMARY KEY (`id`),
  ADD KEY `employees_user_id_index` (`id`),
  ADD KEY `employees_facility_id_index` (`facility_id`);

--
-- Indexes for table `employee_borrows`
--
ALTER TABLE `employee_borrows`
  ADD PRIMARY KEY (`id`),
  ADD KEY `employee_borrows_employee_id_index` (`employee_id`);

--
-- Indexes for table `employee_borrow_billing`
--
ALTER TABLE `employee_borrow_billing`
  ADD PRIMARY KEY (`id`),
  ADD KEY `employee_borrows_employee_id_index` (`employee_borrow_id`);

--
-- Indexes for table `expenses`
--
ALTER TABLE `expenses`
  ADD PRIMARY KEY (`id`);

--
-- Indexes for table `facilities`
--
ALTER TABLE `facilities`
  ADD PRIMARY KEY (`id`),
  ADD UNIQUE KEY `facilities_name_unique` (`name`),
  ADD KEY `facilities_manager_id_index` (`manager_id`);

--
-- Indexes for table `feasibility_study`
--
ALTER TABLE `feasibility_study`
  ADD PRIMARY KEY (`id`),
  ADD UNIQUE KEY `feasibility_study_process_name_unique` (`process_name`);

--
-- Indexes for table `jobs`
--
ALTER TABLE `jobs`
  ADD PRIMARY KEY (`id`),
  ADD KEY `jobs_queue_reserved_reserved_at_index` (`queue`,`reserved`,`reserved_at`);

--
-- Indexes for table `opening_amounts`
--
ALTER TABLE `opening_amounts`
  ADD PRIMARY KEY (`id`);

--
-- Indexes for table `password_resets`
--
ALTER TABLE `password_resets`
  ADD KEY `password_resets_email_index` (`email`),
  ADD KEY `password_resets_token_index` (`token`);

--
-- Indexes for table `password_resets_copy`
--
ALTER TABLE `password_resets_copy`
  ADD KEY `password_resets_email_index` (`email`),
  ADD KEY `password_resets_token_index` (`token`);

--
-- Indexes for table `permissions`
--
ALTER TABLE `permissions`
  ADD PRIMARY KEY (`id`),
  ADD UNIQUE KEY `permissions_name_unique` (`name`);

--
-- Indexes for table `permission_role`
--
ALTER TABLE `permission_role`
  ADD PRIMARY KEY (`permission_id`,`role_id`),
  ADD KEY `permission_role_role_id_foreign` (`role_id`);

--
-- Indexes for table `phones`
--
ALTER TABLE `phones`
  ADD PRIMARY KEY (`id`),
  ADD KEY `phones_facility_id_index` (`facility_id`);

--
-- Indexes for table `raw_material`
--
ALTER TABLE `raw_material`
  ADD PRIMARY KEY (`id`),
  ADD KEY `raw_material_fs_id_foreign` (`fs_id`);

--
-- Indexes for table `roles`
--
ALTER TABLE `roles`
  ADD PRIMARY KEY (`id`),
  ADD UNIQUE KEY `roles_name_unique` (`name`);

--
-- Indexes for table `role_user`
--
ALTER TABLE `role_user`
  ADD PRIMARY KEY (`user_id`,`role_id`),
  ADD KEY `role_user_role_id_foreign` (`role_id`);

--
-- Indexes for table `suppliers`
--
ALTER TABLE `suppliers`
  ADD PRIMARY KEY (`id`);

--
-- Indexes for table `supplier_processes`
--
ALTER TABLE `supplier_processes`
  ADD PRIMARY KEY (`id`),
  ADD KEY `supplier_processes_supplier_id_index` (`supplier_id`),
  ADD KEY `supplier_processes_employee_id_index` (`employee_id`);

--
-- Indexes for table `supplier_process_items`
--
ALTER TABLE `supplier_process_items`
  ADD PRIMARY KEY (`id`),
  ADD KEY `supplier_process_items_process_id_index` (`process_id`);

--
-- Indexes for table `test_timers`
--
ALTER TABLE `test_timers`
  ADD PRIMARY KEY (`id`);

--
-- Indexes for table `users`
--
ALTER TABLE `users`
  ADD PRIMARY KEY (`id`),
  ADD UNIQUE KEY `users_username_unique` (`username`),
  ADD KEY `employee_id` (`employee_id`),
  ADD KEY `employee_id_2` (`employee_id`);

--
-- Indexes for table `users_copy`
--
ALTER TABLE `users_copy`
  ADD PRIMARY KEY (`id`),
  ADD UNIQUE KEY `users_username_unique` (`username`);

--
-- Indexes for table `work_force`
--
ALTER TABLE `work_force`
  ADD PRIMARY KEY (`id`),
  ADD KEY `work_force_fs_id_foreign` (`fs_id`);

--
-- AUTO_INCREMENT for dumped tables
--

--
-- AUTO_INCREMENT for table `absent_types`
--
ALTER TABLE `absent_types`
  MODIFY `id` tinyint(3) UNSIGNED NOT NULL AUTO_INCREMENT, AUTO_INCREMENT=3;
--
-- AUTO_INCREMENT for table `attendances`
--
ALTER TABLE `attendances`
  MODIFY `id` int(11) UNSIGNED NOT NULL AUTO_INCREMENT, AUTO_INCREMENT=396;
--
-- AUTO_INCREMENT for table `authorized_people`
--
ALTER TABLE `authorized_people`
  MODIFY `id` int(10) UNSIGNED NOT NULL AUTO_INCREMENT, AUTO_INCREMENT=13;
--
-- AUTO_INCREMENT for table `clients`
--
ALTER TABLE `clients`
  MODIFY `id` int(10) UNSIGNED NOT NULL AUTO_INCREMENT, AUTO_INCREMENT=18;
--
-- AUTO_INCREMENT for table `client_processes`
--
ALTER TABLE `client_processes`
  MODIFY `id` int(10) UNSIGNED NOT NULL AUTO_INCREMENT, AUTO_INCREMENT=31;
--
-- AUTO_INCREMENT for table `client_process_items`
--
ALTER TABLE `client_process_items`
  MODIFY `id` int(10) UNSIGNED NOT NULL AUTO_INCREMENT, AUTO_INCREMENT=59;
--
-- AUTO_INCREMENT for table `deposit_withdraws`
--
ALTER TABLE `deposit_withdraws`
  MODIFY `id` int(10) UNSIGNED NOT NULL AUTO_INCREMENT, AUTO_INCREMENT=691;
--
-- AUTO_INCREMENT for table `employees`
--
ALTER TABLE `employees`
  MODIFY `id` int(10) UNSIGNED NOT NULL AUTO_INCREMENT, AUTO_INCREMENT=13;
--
-- AUTO_INCREMENT for table `employee_borrows`
--
ALTER TABLE `employee_borrows`
  MODIFY `id` int(10) UNSIGNED NOT NULL AUTO_INCREMENT, AUTO_INCREMENT=5;
--
-- AUTO_INCREMENT for table `employee_borrow_billing`
--
ALTER TABLE `employee_borrow_billing`
  MODIFY `id` int(10) UNSIGNED NOT NULL AUTO_INCREMENT, AUTO_INCREMENT=137;
--
-- AUTO_INCREMENT for table `expenses`
--
ALTER TABLE `expenses`
  MODIFY `id` int(10) UNSIGNED NOT NULL AUTO_INCREMENT, AUTO_INCREMENT=15;
--
-- AUTO_INCREMENT for table `facilities`
--
ALTER TABLE `facilities`
  MODIFY `id` int(10) UNSIGNED NOT NULL AUTO_INCREMENT, AUTO_INCREMENT=2;
--
-- AUTO_INCREMENT for table `feasibility_study`
--
ALTER TABLE `feasibility_study`
  MODIFY `id` int(10) UNSIGNED NOT NULL AUTO_INCREMENT;
--
-- AUTO_INCREMENT for table `jobs`
--
ALTER TABLE `jobs`
  MODIFY `id` bigint(20) UNSIGNED NOT NULL AUTO_INCREMENT;
--
-- AUTO_INCREMENT for table `opening_amounts`
--
ALTER TABLE `opening_amounts`
  MODIFY `id` int(11) NOT NULL AUTO_INCREMENT, AUTO_INCREMENT=2;
--
-- AUTO_INCREMENT for table `permissions`
--
ALTER TABLE `permissions`
  MODIFY `id` int(10) UNSIGNED NOT NULL AUTO_INCREMENT, AUTO_INCREMENT=17;
--
-- AUTO_INCREMENT for table `phones`
--
ALTER TABLE `phones`
  MODIFY `id` int(10) UNSIGNED NOT NULL AUTO_INCREMENT;
--
-- AUTO_INCREMENT for table `raw_material`
--
ALTER TABLE `raw_material`
  MODIFY `id` int(10) UNSIGNED NOT NULL AUTO_INCREMENT;
--
-- AUTO_INCREMENT for table `roles`
--
ALTER TABLE `roles`
  MODIFY `id` int(10) UNSIGNED NOT NULL AUTO_INCREMENT, AUTO_INCREMENT=14;
--
-- AUTO_INCREMENT for table `suppliers`
--
ALTER TABLE `suppliers`
  MODIFY `id` int(10) UNSIGNED NOT NULL AUTO_INCREMENT, AUTO_INCREMENT=14;
--
-- AUTO_INCREMENT for table `supplier_processes`
--
ALTER TABLE `supplier_processes`
  MODIFY `id` int(10) UNSIGNED NOT NULL AUTO_INCREMENT, AUTO_INCREMENT=57;
--
-- AUTO_INCREMENT for table `supplier_process_items`
--
ALTER TABLE `supplier_process_items`
  MODIFY `id` int(10) UNSIGNED NOT NULL AUTO_INCREMENT, AUTO_INCREMENT=100;
--
-- AUTO_INCREMENT for table `test_timers`
--
ALTER TABLE `test_timers`
  MODIFY `id` int(11) NOT NULL AUTO_INCREMENT;
--
-- AUTO_INCREMENT for table `users`
--
ALTER TABLE `users`
  MODIFY `id` int(10) UNSIGNED NOT NULL AUTO_INCREMENT, AUTO_INCREMENT=19;
--
-- AUTO_INCREMENT for table `users_copy`
--
ALTER TABLE `users_copy`
  MODIFY `id` int(10) UNSIGNED NOT NULL AUTO_INCREMENT;
--
-- AUTO_INCREMENT for table `work_force`
--
ALTER TABLE `work_force`
  MODIFY `id` int(10) UNSIGNED NOT NULL AUTO_INCREMENT;
--
-- Constraints for dumped tables
--

--
-- Constraints for table `permission_role`
--
ALTER TABLE `permission_role`
  ADD CONSTRAINT `permission_role_permission_id_foreign` FOREIGN KEY (`permission_id`) REFERENCES `permissions` (`id`) ON DELETE CASCADE ON UPDATE CASCADE,
  ADD CONSTRAINT `permission_role_role_id_foreign` FOREIGN KEY (`role_id`) REFERENCES `roles` (`id`) ON DELETE CASCADE ON UPDATE CASCADE;

--
-- Constraints for table `role_user`
--
ALTER TABLE `role_user`
  ADD CONSTRAINT `role_user_role_id_foreign` FOREIGN KEY (`role_id`) REFERENCES `roles` (`id`) ON DELETE CASCADE ON UPDATE CASCADE,
  ADD CONSTRAINT `role_user_user_id_foreign` FOREIGN KEY (`user_id`) REFERENCES `users` (`id`) ON DELETE CASCADE ON UPDATE CASCADE;

--
-- Constraints for table `work_force`
--
ALTER TABLE `work_force`
  ADD CONSTRAINT `work_force_fs_id_foreign` FOREIGN KEY (`fs_id`) REFERENCES `feasibility_study` (`id`) ON DELETE CASCADE;

SET FOREIGN_KEY_CHECKS = 1;
/*!40101 SET CHARACTER_SET_CLIENT=@OLD_CHARACTER_SET_CLIENT */;
/*!40101 SET CHARACTER_SET_RESULTS=@OLD_CHARACTER_SET_RESULTS */;
/*!40101 SET COLLATION_CONNECTION=@OLD_COLLATION_CONNECTION */;