-- phpMyAdmin SQL Dump
-- version 4.0.10.18
-- https://www.phpmyadmin.net
--
-- Host: localhost:3306
-- Generation Time: Mar 11, 2017 at 04:49 PM
-- Server version: 5.6.35
-- PHP Version: 5.6.30
SET FOREIGN_KEY_CHECKS = 0;

SET SQL_MODE = "NO_AUTO_VALUE_ON_ZERO";
SET time_zone = "+00:00";


/*!40101 SET @OLD_CHARACTER_SET_CLIENT=@@CHARACTER_SET_CLIENT */;
/*!40101 SET @OLD_CHARACTER_SET_RESULTS=@@CHARACTER_SET_RESULTS */;
/*!40101 SET @OLD_COLLATION_CONNECTION=@@COLLATION_CONNECTION */;
/*!40101 SET NAMES utf8 */;

--
-- Database: `bbadvcom_lara`
--

-- --------------------------------------------------------

--
-- Table structure for table `absent_types`
--

DROP TABLE IF EXISTS `absent_types`;
CREATE TABLE IF NOT EXISTS `absent_types` (
  `id` tinyint(3) unsigned NOT NULL AUTO_INCREMENT,
  `name` varchar(255) DEFAULT NULL,
  `salary_deduction` smallint(4) DEFAULT NULL,
  `editable_deduction` tinyint(1) DEFAULT NULL,
  `created_at` timestamp NULL DEFAULT NULL,
  `updated_at` timestamp NULL DEFAULT NULL,
  PRIMARY KEY (`id`)
) ENGINE=InnoDB  DEFAULT CHARSET=utf8 ROW_FORMAT=DYNAMIC AUTO_INCREMENT=3 ;

--
-- Dumping data for table `absent_types`
--

INSERT INTO `absent_types` (`id`, `name`, `salary_deduction`, `editable_deduction`, `created_at`, `updated_at`) VALUES
(1, 'غياب بإذن', 0, 0, NULL, NULL),
(2, 'غياب بدون إذن', 100, 0, NULL, NULL);

-- --------------------------------------------------------

--
-- Table structure for table `attendances`
--

DROP TABLE IF EXISTS `attendances`;
CREATE TABLE IF NOT EXISTS `attendances` (
  `id` int(11) unsigned NOT NULL AUTO_INCREMENT,
  `date` date DEFAULT NULL,
  `shift` tinyint(4) DEFAULT NULL,
  `check_in` timestamp NULL DEFAULT NULL,
  `check_out` timestamp NULL DEFAULT NULL,
  `absent_check` tinyint(1) DEFAULT NULL,
  `absent_type_id` tinyint(4) DEFAULT '1',
  `absent_deduction` double DEFAULT NULL,
  `salary_deduction` double DEFAULT NULL,
  `mokaf` double DEFAULT NULL,
  `notes` varchar(1000) DEFAULT NULL,
  `employee_id` int(11) DEFAULT NULL,
  `process_id` int(11) DEFAULT NULL,
  `created_at` timestamp NULL DEFAULT NULL,
  `updated_at` timestamp NULL DEFAULT NULL,
  PRIMARY KEY (`id`),
  UNIQUE KEY `unique_attend` (`date`,`employee_id`,`shift`)
) ENGINE=InnoDB  DEFAULT CHARSET=utf8 ROW_FORMAT=DYNAMIC AUTO_INCREMENT=215 ;

--
-- Dumping data for table `attendances`
--

INSERT INTO `attendances` (`id`, `date`, `shift`, `check_in`, `check_out`, `absent_check`, `absent_type_id`, `absent_deduction`, `salary_deduction`, `mokaf`, `notes`, `employee_id`, `process_id`, `created_at`, `updated_at`) VALUES
(1, '2017-02-01', 1, '2017-02-01 08:00:00', '2017-02-01 18:00:00', NULL, NULL, NULL, NULL, NULL, NULL, 2, NULL, '2017-02-27 11:20:14', '2017-02-27 11:20:54'),
(3, '2017-02-28', 1, '2017-02-28 01:00:00', NULL, NULL, NULL, NULL, NULL, NULL, NULL, 1, NULL, '2017-02-27 23:04:16', '2017-02-27 23:04:16'),
(4, '2016-12-01', 1, '2016-12-01 09:00:00', '2016-12-01 19:00:00', NULL, NULL, NULL, NULL, NULL, NULL, 2, NULL, '2017-02-28 00:40:32', '2017-02-28 00:40:32'),
(5, '2017-02-05', 1, '2017-02-05 08:15:00', '2017-02-05 18:40:00', NULL, NULL, NULL, NULL, NULL, NULL, 3, NULL, '2017-02-28 07:42:40', '2017-02-28 15:40:46'),
(6, '2017-02-01', 1, '2017-02-01 08:00:00', '2017-02-01 18:00:00', NULL, NULL, NULL, NULL, NULL, NULL, 4, NULL, '2017-02-28 11:32:04', '2017-02-28 11:32:27'),
(7, '2017-02-02', 1, '2017-02-02 08:00:00', '2017-02-02 18:00:00', NULL, NULL, NULL, NULL, NULL, NULL, 4, NULL, '2017-02-28 11:32:50', '2017-02-28 11:36:58'),
(8, '2017-02-28', 1, '2017-02-28 08:15:00', '2017-02-28 18:00:00', NULL, NULL, NULL, NULL, NULL, NULL, 4, NULL, '2017-02-28 11:33:56', '2017-02-28 15:56:13'),
(9, '2017-02-04', 1, '2017-02-04 08:20:00', '2017-02-04 18:00:00', NULL, NULL, NULL, NULL, NULL, NULL, 5, NULL, '2017-02-28 12:55:08', '2017-02-28 12:56:13'),
(10, '2017-02-01', 1, '2017-02-01 08:30:00', '2017-02-01 18:00:00', NULL, NULL, NULL, NULL, NULL, NULL, 6, NULL, '2017-02-28 14:03:51', '2017-03-06 15:11:07'),
(11, '2017-02-02', 1, '2017-02-02 08:45:00', '2017-02-02 18:05:00', NULL, NULL, NULL, NULL, NULL, NULL, 6, NULL, '2017-02-28 14:04:45', '2017-03-06 15:11:27'),
(12, '2017-02-04', 1, '2017-02-04 09:30:00', '2017-02-04 18:00:00', NULL, NULL, NULL, NULL, NULL, NULL, 6, NULL, '2017-02-28 14:05:59', '2017-03-06 15:11:52'),
(13, '2017-02-05', 1, '2017-02-05 09:30:00', '2017-02-06 00:00:00', NULL, 0, 0, 40, NULL, 'تأخير', 6, NULL, '2017-02-28 14:06:52', '2017-03-07 09:21:02'),
(16, '2017-02-02', 1, '2017-02-02 08:00:00', '2017-02-02 18:00:00', NULL, NULL, NULL, NULL, NULL, NULL, 2, NULL, '2017-02-28 15:25:03', '2017-02-28 15:25:24'),
(17, '2017-02-04', 1, '2017-02-04 08:00:00', '2017-02-04 18:00:00', NULL, NULL, NULL, NULL, NULL, NULL, 2, NULL, '2017-02-28 15:26:44', '2017-02-28 15:27:29'),
(18, '2017-02-01', 1, '2017-02-01 08:00:00', '2017-02-01 18:00:00', NULL, NULL, NULL, NULL, NULL, NULL, 1, NULL, '2017-02-28 15:27:37', '2017-02-28 15:27:37'),
(19, '2017-02-05', 1, '2017-02-05 08:00:00', '2017-02-05 18:00:00', NULL, NULL, NULL, NULL, NULL, NULL, 2, NULL, '2017-02-28 15:27:54', '2017-02-28 15:32:02'),
(20, '2017-02-06', 1, '2017-02-06 08:00:00', '2017-02-06 18:50:00', NULL, NULL, NULL, NULL, NULL, NULL, 2, NULL, '2017-02-28 15:28:41', '2017-02-28 15:29:08'),
(21, '2017-02-07', 1, '2017-02-07 08:00:00', '2017-02-07 18:00:00', NULL, NULL, NULL, NULL, NULL, NULL, 2, NULL, '2017-02-28 15:29:33', '2017-02-28 15:29:54'),
(22, '2017-02-08', 1, '2017-02-08 08:00:00', '2017-02-08 19:10:00', NULL, NULL, NULL, NULL, NULL, NULL, 2, NULL, '2017-02-28 15:30:19', '2017-02-28 15:30:40'),
(23, '2017-02-09', 1, '2017-02-09 08:00:00', '2017-02-09 19:30:00', NULL, NULL, NULL, NULL, NULL, NULL, 2, NULL, '2017-02-28 15:31:09', '2017-02-28 15:31:35'),
(24, '2017-02-11', 1, '2017-02-11 08:00:00', '2017-02-11 20:00:00', NULL, NULL, NULL, NULL, NULL, NULL, 2, NULL, '2017-02-28 15:32:35', '2017-02-28 15:32:59'),
(25, '2017-02-12', 1, '2017-02-12 08:00:00', '2017-02-12 18:00:00', NULL, NULL, NULL, NULL, NULL, NULL, 2, NULL, '2017-02-28 15:33:18', '2017-02-28 15:33:39'),
(26, '2017-02-01', 1, '2017-02-01 08:00:00', '2017-02-01 18:00:00', NULL, NULL, NULL, NULL, NULL, NULL, 7, NULL, '2017-02-28 15:38:11', '2017-02-28 15:38:11'),
(27, '2017-02-04', 1, '2017-02-04 08:00:00', '2017-02-04 18:00:00', NULL, NULL, NULL, NULL, NULL, NULL, 4, NULL, '2017-02-28 15:52:32', '2017-02-28 15:52:32'),
(28, '2017-02-13', 1, '2017-02-13 08:00:00', '2017-02-13 18:45:00', NULL, NULL, NULL, NULL, NULL, NULL, 2, NULL, '2017-02-28 16:03:04', '2017-02-28 16:03:32'),
(29, '2017-02-14', 1, '2017-02-14 08:00:00', '2017-02-14 15:30:00', NULL, NULL, NULL, NULL, NULL, NULL, 2, NULL, '2017-02-28 16:03:53', '2017-02-28 16:04:21'),
(30, '2017-02-15', 1, '2017-02-15 08:00:00', '2017-02-15 18:30:00', NULL, NULL, NULL, NULL, NULL, NULL, 2, NULL, '2017-02-28 16:04:41', '2017-02-28 16:06:36'),
(31, '2017-02-16', 1, '2017-02-16 08:00:00', '2017-02-16 18:00:00', NULL, NULL, NULL, NULL, NULL, NULL, 2, NULL, '2017-02-28 16:05:32', '2017-02-28 16:08:55'),
(32, '2017-02-18', 1, '2017-02-18 08:00:00', '2017-02-18 18:00:00', NULL, NULL, NULL, NULL, NULL, NULL, 2, NULL, '2017-02-28 16:09:34', '2017-02-28 16:09:55'),
(33, '2017-02-19', 1, '2017-02-19 08:00:00', '2017-02-19 18:30:00', NULL, NULL, NULL, NULL, NULL, NULL, 2, NULL, '2017-02-28 16:10:18', '2017-02-28 16:10:51'),
(34, '2017-02-20', 1, '2017-02-20 08:00:00', '2017-02-20 19:20:00', NULL, NULL, NULL, NULL, NULL, NULL, 2, NULL, '2017-02-28 16:11:14', '2017-02-28 16:11:49'),
(35, '2017-02-21', 1, '2017-02-21 08:00:00', '2017-02-21 18:00:00', NULL, NULL, NULL, NULL, NULL, NULL, 2, NULL, '2017-02-28 16:12:12', '2017-02-28 16:12:30'),
(36, '2017-02-22', 1, '2017-02-22 08:00:00', '2017-02-22 18:00:00', NULL, NULL, NULL, NULL, NULL, NULL, 2, NULL, '2017-02-28 16:13:10', '2017-02-28 16:13:35'),
(37, '2017-02-23', 1, '2017-02-23 08:00:00', '2017-02-23 18:00:00', NULL, NULL, NULL, NULL, NULL, NULL, 2, NULL, '2017-02-28 16:14:03', '2017-02-28 16:14:24'),
(38, '2017-02-25', 1, '2017-02-25 08:00:00', '2017-02-25 19:20:00', NULL, NULL, NULL, NULL, NULL, NULL, 2, NULL, '2017-02-28 16:14:52', '2017-02-28 16:15:18'),
(39, '2017-02-26', 1, '2017-02-26 06:30:00', '2017-02-26 18:10:00', NULL, NULL, NULL, NULL, NULL, NULL, 2, NULL, '2017-02-28 16:15:59', '2017-02-28 16:16:21'),
(40, '2017-02-27', 1, '2017-02-27 06:30:00', '2017-02-27 17:30:00', NULL, NULL, NULL, NULL, NULL, NULL, 2, NULL, '2017-02-28 16:16:47', '2017-02-28 16:17:10'),
(41, '2017-02-28', 1, '2017-02-28 08:00:00', '2017-02-28 19:45:00', NULL, NULL, NULL, NULL, NULL, NULL, 2, NULL, '2017-02-28 16:18:01', '2017-03-01 10:35:57'),
(42, '2017-02-02', 1, '2017-02-02 08:00:00', '2017-02-02 18:00:00', NULL, NULL, NULL, NULL, NULL, NULL, 7, NULL, '2017-02-28 16:21:23', '2017-02-28 16:21:42'),
(43, '2017-02-04', 1, '2017-02-04 08:00:00', '2017-02-04 18:00:00', NULL, NULL, NULL, NULL, NULL, NULL, 7, NULL, '2017-02-28 16:22:07', '2017-02-28 16:22:37'),
(44, '2017-02-05', 1, '2017-02-05 08:00:00', '2017-02-05 18:40:00', NULL, NULL, NULL, NULL, NULL, NULL, 7, NULL, '2017-02-28 16:22:56', '2017-02-28 16:23:17'),
(45, '2017-02-06', 1, '2017-02-06 08:00:00', '2017-02-06 21:55:00', NULL, NULL, NULL, NULL, NULL, NULL, 7, NULL, '2017-02-28 16:23:36', '2017-02-28 16:26:40'),
(46, '2017-02-07', 1, '2017-02-07 09:40:00', '2017-02-07 21:05:00', NULL, NULL, NULL, NULL, NULL, NULL, 7, NULL, '2017-02-28 16:27:02', '2017-02-28 16:27:35'),
(47, '2017-02-08', 1, '2017-02-08 06:00:00', '2017-02-08 20:30:00', NULL, NULL, NULL, NULL, NULL, NULL, 7, NULL, '2017-02-28 16:27:55', '2017-02-28 16:28:15'),
(48, '2017-02-09', 1, '2017-02-09 06:00:00', '2017-02-09 18:00:00', NULL, NULL, NULL, NULL, NULL, NULL, 7, NULL, '2017-02-28 16:28:38', '2017-02-28 16:32:16'),
(49, '2017-02-11', 1, '2017-02-11 08:00:00', '2017-02-11 18:00:00', NULL, NULL, NULL, NULL, NULL, NULL, 7, NULL, '2017-02-28 16:32:40', '2017-02-28 16:32:59'),
(50, '2017-02-12', 1, '2017-02-12 08:00:00', '2017-02-12 18:00:00', NULL, NULL, NULL, NULL, NULL, NULL, 7, NULL, '2017-02-28 16:33:17', '2017-02-28 16:33:34'),
(51, '2017-02-13', 1, '2017-02-13 08:00:00', '2017-02-13 20:30:00', NULL, NULL, NULL, NULL, NULL, NULL, 7, NULL, '2017-02-28 16:33:50', '2017-02-28 16:34:51'),
(52, '2017-02-14', 1, '2017-02-14 04:05:00', '2017-02-14 18:00:00', NULL, NULL, NULL, NULL, NULL, NULL, 7, NULL, '2017-02-28 16:36:02', '2017-02-28 16:36:26'),
(53, '2017-02-15', 1, '2017-02-15 08:00:00', '2017-02-15 18:30:00', NULL, NULL, NULL, NULL, NULL, NULL, 7, NULL, '2017-02-28 16:36:58', '2017-02-28 16:37:32'),
(54, '2017-02-16', 1, '2017-02-16 08:25:00', '2017-02-16 18:00:00', NULL, NULL, NULL, NULL, NULL, NULL, 7, NULL, '2017-02-28 16:38:06', '2017-02-28 16:38:26'),
(55, '2017-02-18', 1, '2017-02-18 08:00:00', '2017-02-18 20:00:00', NULL, NULL, NULL, NULL, NULL, NULL, 7, NULL, '2017-02-28 16:38:55', '2017-02-28 16:39:15'),
(56, '2017-02-19', 1, '2017-02-19 08:00:00', '2017-02-19 21:00:00', NULL, NULL, NULL, NULL, NULL, NULL, 7, NULL, '2017-02-28 16:39:40', '2017-02-28 16:40:27'),
(57, '2017-02-20', 1, '2017-02-20 08:10:00', '2017-02-20 21:55:00', NULL, NULL, NULL, NULL, NULL, NULL, 7, NULL, '2017-02-28 16:40:50', '2017-02-28 16:42:11'),
(58, '2017-02-21', 1, '2017-02-21 05:55:00', '2017-02-21 21:55:00', NULL, NULL, NULL, NULL, NULL, NULL, 7, NULL, '2017-02-28 16:43:14', '2017-02-28 16:43:47'),
(59, '2017-02-22', 1, '2017-02-22 06:00:00', '2017-02-22 16:00:00', NULL, NULL, NULL, NULL, NULL, NULL, 7, NULL, '2017-02-28 16:44:07', '2017-02-28 16:44:43'),
(60, '2017-02-23', 1, '2017-02-23 07:55:00', '2017-02-23 21:55:00', NULL, NULL, NULL, NULL, NULL, NULL, 7, NULL, '2017-02-28 16:45:27', '2017-02-28 16:45:58'),
(61, '2017-02-24', 1, '2017-02-24 08:30:00', '2017-02-24 21:55:00', NULL, NULL, NULL, NULL, NULL, NULL, 7, NULL, '2017-02-28 16:46:46', '2017-02-28 16:47:14'),
(62, '2017-02-25', 1, '2017-02-25 08:05:00', '2017-02-25 18:30:00', NULL, NULL, NULL, NULL, NULL, NULL, 7, NULL, '2017-02-28 16:47:49', '2017-02-28 16:48:21'),
(63, '2017-02-26', 1, '2017-02-26 07:55:00', '2017-02-26 21:55:00', NULL, NULL, NULL, NULL, NULL, NULL, 7, NULL, '2017-02-28 16:48:59', '2017-02-28 16:49:26'),
(64, '2017-02-27', 1, '2017-02-27 08:35:00', '2017-02-27 18:30:00', NULL, NULL, NULL, NULL, NULL, NULL, 7, NULL, '2017-02-28 16:49:52', '2017-02-28 16:50:32'),
(65, '2017-02-28', 1, '2017-02-28 08:00:00', '2017-02-28 19:30:00', NULL, NULL, NULL, NULL, NULL, NULL, 7, NULL, '2017-02-28 16:51:41', '2017-03-01 10:38:30'),
(66, '2017-02-07', 1, '2017-02-07 08:00:00', '2017-02-07 17:30:00', NULL, NULL, NULL, NULL, NULL, NULL, 3, NULL, '2017-02-28 16:52:26', '2017-02-28 16:52:54'),
(67, '2017-02-08', 1, '2017-02-08 07:00:00', '2017-02-08 19:10:00', NULL, NULL, NULL, NULL, NULL, NULL, 3, NULL, '2017-02-28 16:53:20', '2017-02-28 16:54:09'),
(68, '2017-02-09', 1, '2017-02-09 08:45:00', '2017-02-09 17:00:00', NULL, NULL, NULL, NULL, NULL, NULL, 3, NULL, '2017-02-28 16:54:33', '2017-02-28 16:54:54'),
(69, '2017-02-11', 1, '2017-02-10 22:00:00', '2017-02-11 08:00:00', NULL, NULL, NULL, NULL, NULL, NULL, 3, NULL, '2017-02-28 16:55:27', '2017-02-28 16:57:24'),
(70, '2017-02-12', 1, '2017-02-12 08:00:00', '2017-02-12 19:00:00', NULL, NULL, NULL, NULL, NULL, NULL, 3, NULL, '2017-02-28 16:57:47', '2017-02-28 16:58:08'),
(71, '2017-02-13', 1, '2017-02-13 08:00:00', '2017-02-13 18:30:00', NULL, NULL, NULL, NULL, NULL, NULL, 3, NULL, '2017-02-28 16:58:28', '2017-02-28 16:58:51'),
(72, '2017-02-14', 1, '2017-02-14 08:15:00', '2017-02-14 19:45:00', NULL, NULL, NULL, NULL, NULL, NULL, 3, NULL, '2017-02-28 16:59:17', '2017-02-28 16:59:41'),
(73, '2017-02-15', 1, '2017-02-15 10:00:00', '2017-02-15 18:30:00', NULL, NULL, NULL, NULL, NULL, NULL, 3, NULL, '2017-02-28 17:00:05', '2017-02-28 17:00:29'),
(74, '2017-02-16', 1, '2017-02-16 08:00:00', '2017-02-16 18:00:00', NULL, NULL, NULL, NULL, NULL, NULL, 3, NULL, '2017-02-28 17:00:56', '2017-02-28 17:01:16'),
(75, '2017-02-18', 1, '2017-02-18 11:30:00', '2017-02-18 20:00:00', NULL, 0, 0, 40, NULL, 'تأخير', 3, NULL, '2017-02-28 17:01:56', '2017-03-08 16:37:01'),
(76, '2017-02-19', 1, '2017-02-19 08:25:00', '2017-02-19 21:45:00', NULL, NULL, NULL, NULL, NULL, NULL, 3, NULL, '2017-02-28 17:02:45', '2017-02-28 17:03:05'),
(79, '2017-02-20', NULL, NULL, NULL, 1, 1, 0, NULL, NULL, NULL, 3, -1, '2017-02-28 17:25:44', '2017-02-28 17:25:44'),
(80, '2017-02-21', NULL, NULL, NULL, 1, 1, 0, NULL, NULL, NULL, 3, NULL, '2017-02-28 17:26:10', '2017-02-28 17:26:10'),
(82, '2017-02-05', 1, '2017-02-05 08:05:00', '2017-02-05 18:40:00', NULL, NULL, NULL, NULL, NULL, NULL, 4, NULL, '2017-03-01 06:27:01', '2017-03-01 06:27:34'),
(83, '2017-02-06', 1, '2017-02-06 08:20:00', '2017-02-06 21:55:00', NULL, NULL, NULL, NULL, NULL, NULL, 4, NULL, '2017-03-01 06:28:08', '2017-03-01 06:29:58'),
(84, '2017-02-07', 1, '2017-02-07 04:55:00', '2017-02-07 18:45:00', NULL, NULL, NULL, NULL, NULL, NULL, 4, NULL, '2017-03-01 06:30:30', '2017-03-01 06:30:55'),
(85, '2017-02-08', 1, '2017-02-08 06:00:00', '2017-02-08 18:30:00', NULL, NULL, NULL, NULL, NULL, NULL, 4, NULL, '2017-03-01 06:31:26', '2017-03-01 06:32:01'),
(86, '2017-02-11', 1, '2017-02-11 08:00:00', '2017-02-11 18:00:00', NULL, NULL, NULL, NULL, NULL, NULL, 4, NULL, '2017-03-01 06:32:39', '2017-03-01 06:33:12'),
(87, '2017-02-12', 1, '2017-02-12 08:00:00', '2017-02-12 18:00:00', NULL, NULL, NULL, NULL, NULL, NULL, 4, NULL, '2017-03-01 06:33:38', '2017-03-01 06:34:50'),
(88, '2017-02-13', NULL, NULL, NULL, 1, 2, 80, NULL, NULL, NULL, 4, NULL, '2017-03-01 06:41:40', '2017-03-01 07:25:19'),
(89, '2017-02-14', NULL, NULL, NULL, 1, 2, 80, NULL, NULL, NULL, 4, NULL, '2017-03-01 06:42:14', '2017-03-01 11:44:17'),
(90, '2017-02-05', 1, '2017-02-05 08:00:00', '2017-02-05 18:40:00', NULL, NULL, NULL, NULL, NULL, NULL, 5, NULL, '2017-03-01 07:04:18', '2017-03-01 07:04:41'),
(91, '2017-02-01', 1, '2017-02-01 08:00:00', '2017-02-01 18:00:00', NULL, NULL, NULL, NULL, NULL, NULL, 5, NULL, '2017-03-01 07:11:13', '2017-03-01 07:11:25'),
(92, NULL, NULL, NULL, NULL, NULL, 1, 0, NULL, NULL, NULL, NULL, NULL, '2017-03-01 07:11:13', '2017-03-01 07:11:13'),
(93, '2017-02-02', 1, '2017-02-02 08:00:00', '2017-02-02 18:00:00', NULL, NULL, NULL, NULL, NULL, NULL, 5, NULL, '2017-03-01 07:12:59', '2017-03-01 07:13:42'),
(94, '2017-02-15', 1, '2017-02-15 08:40:00', '2017-02-15 17:00:00', NULL, 0, 0, 40, NULL, 'تاخير', 4, NULL, '2017-03-01 07:20:10', '2017-03-01 11:45:17'),
(95, '2017-02-16', 1, '2017-02-16 09:05:00', '2017-02-16 18:00:00', NULL, 0, 0, 40, NULL, 'تاخير', 4, NULL, '2017-03-01 07:21:35', '2017-03-01 07:23:55'),
(96, '2017-02-06', 1, '2017-02-06 08:00:00', '2017-02-07 01:00:00', NULL, NULL, NULL, NULL, NULL, NULL, 5, NULL, '2017-03-01 07:40:41', '2017-03-01 07:41:20'),
(97, '2017-02-07', 1, '2017-02-07 09:30:00', '2017-02-07 18:45:00', NULL, NULL, NULL, NULL, NULL, NULL, 5, NULL, '2017-03-01 07:43:18', '2017-03-01 07:44:03'),
(98, '2017-02-08', 1, '2017-02-08 06:00:00', '2017-02-08 18:45:00', NULL, NULL, NULL, NULL, NULL, NULL, 5, NULL, '2017-03-01 07:44:41', '2017-03-01 07:45:10'),
(99, '2017-02-09', 1, '2017-02-09 08:00:00', '2017-02-09 18:00:00', NULL, NULL, NULL, NULL, NULL, NULL, 5, NULL, '2017-03-01 07:46:27', '2017-03-01 07:46:51'),
(100, '2017-02-11', 1, '2017-02-11 08:00:00', '2017-02-11 18:00:00', NULL, NULL, NULL, NULL, NULL, NULL, 5, NULL, '2017-03-01 09:29:03', '2017-03-01 09:29:52'),
(101, '2017-02-12', 1, '2017-02-12 08:00:00', '2017-02-12 18:00:00', NULL, NULL, NULL, NULL, NULL, NULL, 5, NULL, '2017-03-01 09:31:23', '2017-03-01 09:31:43'),
(102, '2017-02-13', 1, '2017-02-13 08:00:00', '2017-02-13 18:30:00', NULL, NULL, NULL, NULL, NULL, NULL, 5, NULL, '2017-03-01 09:32:11', '2017-03-01 09:32:36'),
(103, '2017-02-14', 1, '2017-02-14 08:00:00', '2017-02-14 18:00:00', NULL, NULL, NULL, NULL, NULL, NULL, 5, NULL, '2017-03-01 09:33:17', '2017-03-01 09:33:40'),
(104, '2017-02-15', 1, '2017-02-15 08:00:00', '2017-02-15 18:00:00', NULL, NULL, NULL, NULL, NULL, NULL, 5, NULL, '2017-03-01 09:34:08', '2017-03-01 09:34:34'),
(105, '2017-02-16', 1, '2017-02-16 08:20:00', '2017-02-16 13:00:00', NULL, NULL, NULL, NULL, NULL, NULL, 5, NULL, '2017-03-01 09:35:03', '2017-03-01 09:35:39'),
(106, '2017-02-18', 1, '2017-02-18 08:00:00', '2017-02-18 18:00:00', NULL, NULL, NULL, NULL, NULL, NULL, 5, NULL, '2017-03-01 09:36:16', '2017-03-01 09:36:39'),
(107, '2017-02-19', 1, '2017-02-19 08:10:00', '2017-02-19 21:00:00', NULL, NULL, NULL, NULL, NULL, NULL, 5, NULL, '2017-03-01 09:57:45', '2017-03-01 09:58:49'),
(108, '2017-02-20', 1, '2017-02-20 08:20:00', '2017-02-21 05:30:00', NULL, NULL, NULL, NULL, NULL, NULL, 5, NULL, '2017-03-01 09:59:21', '2017-03-01 10:00:34'),
(109, '2017-02-21', 1, '2017-02-21 14:30:00', '2017-02-21 18:00:00', NULL, NULL, NULL, NULL, NULL, NULL, 5, NULL, '2017-03-01 10:01:21', '2017-03-01 10:03:12'),
(110, '2017-02-22', 1, '2017-02-22 08:25:00', '2017-02-23 02:35:00', NULL, NULL, NULL, NULL, NULL, NULL, 5, NULL, '2017-03-01 10:03:40', '2017-03-01 10:04:19'),
(111, '2017-02-23', 1, '2017-02-23 10:00:00', '2017-02-23 22:00:00', NULL, NULL, NULL, NULL, NULL, NULL, 5, NULL, '2017-03-01 10:04:49', '2017-03-01 10:05:11'),
(112, '2017-02-25', 1, '2017-02-25 08:15:00', '2017-02-25 18:30:00', NULL, NULL, NULL, NULL, NULL, NULL, 5, NULL, '2017-03-01 10:45:43', '2017-03-01 10:46:10'),
(113, '2017-02-26', 1, '2017-02-26 08:15:00', '2017-02-26 13:00:00', NULL, NULL, NULL, NULL, NULL, NULL, 5, NULL, '2017-03-01 10:46:44', '2017-03-01 10:48:35'),
(114, '2017-02-27', 1, '2017-02-27 09:00:00', '2017-02-27 18:30:00', NULL, NULL, NULL, NULL, NULL, NULL, 5, NULL, '2017-03-01 10:47:44', '2017-03-01 10:50:01'),
(115, '2017-02-28', 1, '2017-02-28 08:15:00', '2017-02-28 19:30:00', NULL, NULL, NULL, NULL, NULL, NULL, 5, NULL, '2017-03-01 10:50:27', '2017-03-01 10:50:57'),
(116, '2017-02-18', 1, '2017-02-18 08:00:00', '2017-02-18 18:00:00', NULL, NULL, NULL, NULL, NULL, NULL, 4, NULL, '2017-03-01 10:52:21', '2017-03-01 10:52:47'),
(117, '2017-02-19', 1, '2017-02-19 08:00:00', '2017-02-19 21:00:00', NULL, NULL, NULL, NULL, NULL, NULL, 4, NULL, '2017-03-01 10:53:23', '2017-03-01 10:53:50'),
(118, '2017-02-20', 1, '2017-02-20 08:30:00', '2017-02-21 05:30:00', NULL, NULL, NULL, NULL, NULL, NULL, 4, NULL, '2017-03-01 10:54:16', '2017-03-01 10:54:53'),
(119, '2017-02-21', 1, '2017-02-21 14:00:00', '2017-02-21 22:30:00', NULL, NULL, NULL, NULL, NULL, NULL, 4, NULL, '2017-03-01 10:55:31', '2017-03-01 10:56:06'),
(120, '2017-02-22', 1, '2017-02-22 09:00:00', '2017-02-23 02:35:00', NULL, NULL, NULL, NULL, NULL, NULL, 4, NULL, '2017-03-01 11:19:23', '2017-03-01 11:37:01'),
(121, '2017-02-23', 1, '2017-02-23 09:20:00', '2017-02-23 22:00:00', NULL, NULL, NULL, NULL, NULL, NULL, 4, NULL, '2017-03-01 11:37:29', '2017-03-01 11:38:03'),
(122, '2017-02-24', 1, '2017-02-24 08:20:00', '2017-02-25 16:00:00', NULL, NULL, NULL, NULL, NULL, NULL, 4, NULL, '2017-03-01 11:38:36', '2017-03-01 11:39:33'),
(123, '2017-02-26', 1, '2017-02-26 09:30:00', '2017-02-26 22:00:00', NULL, NULL, NULL, NULL, NULL, NULL, 4, NULL, '2017-03-01 11:40:23', '2017-03-01 11:40:59'),
(124, '2017-02-27', 1, '2017-02-27 08:00:00', '2017-02-27 19:30:00', NULL, 0, 0, NULL, NULL, NULL, 4, NULL, '2017-03-01 11:41:32', '2017-03-01 11:46:54'),
(125, '2017-02-06', 1, '2017-02-06 13:30:00', '2017-02-06 18:00:00', NULL, NULL, NULL, NULL, NULL, NULL, 6, NULL, '2017-03-01 14:43:16', '2017-03-06 15:12:56'),
(126, '2017-02-07', 1, '2017-02-07 08:50:00', '2017-02-07 18:00:00', NULL, NULL, NULL, NULL, NULL, NULL, 6, NULL, '2017-03-01 14:44:22', '2017-03-06 15:13:17'),
(127, '2017-02-08', 1, '2017-02-08 08:25:00', '2017-02-08 21:00:00', NULL, NULL, NULL, NULL, NULL, NULL, 6, NULL, '2017-03-01 14:45:20', '2017-03-06 15:13:50'),
(128, '2017-02-09', 1, '2017-02-09 07:30:00', '2017-02-09 18:00:00', NULL, NULL, NULL, NULL, NULL, NULL, 6, NULL, '2017-03-01 14:47:06', '2017-03-06 15:14:13'),
(129, '2017-02-11', NULL, '2017-02-11 10:00:00', '2017-02-11 10:00:00', 1, 2, 80, NULL, NULL, NULL, 6, NULL, '2017-03-01 14:48:17', '2017-03-01 14:50:55'),
(130, '2017-02-12', 1, '2017-02-12 08:25:00', '2017-02-12 18:00:00', NULL, NULL, NULL, NULL, NULL, NULL, 6, NULL, '2017-03-01 14:51:56', '2017-03-06 15:14:43'),
(131, '2017-02-13', NULL, '2017-02-13 10:00:00', '2017-02-13 10:00:00', 1, 2, 80, NULL, NULL, NULL, 6, NULL, '2017-03-01 14:53:06', '2017-03-04 08:17:26'),
(132, '2017-03-01', 1, '2017-03-01 08:00:00', '2017-03-01 18:00:00', NULL, NULL, NULL, NULL, NULL, NULL, 7, NULL, '2017-03-03 11:50:44', '2017-03-03 11:51:18'),
(133, '2017-03-04', 1, '2017-03-04 08:00:00', NULL, NULL, NULL, NULL, NULL, NULL, NULL, 1, NULL, '2017-03-04 06:43:28', '2017-03-04 06:43:28'),
(134, '2017-02-14', 1, '2017-02-14 08:45:00', '2017-02-14 18:00:00', NULL, NULL, NULL, NULL, NULL, NULL, 6, NULL, '2017-03-04 08:18:01', '2017-03-06 15:15:08'),
(135, '2017-02-15', 1, '2017-02-15 08:25:00', '2017-02-15 18:00:00', NULL, NULL, NULL, NULL, NULL, NULL, 6, NULL, '2017-03-04 08:18:48', '2017-03-06 15:15:28'),
(136, '2017-02-16', 1, '2017-02-16 08:40:00', '2017-02-16 18:00:00', NULL, NULL, NULL, NULL, NULL, NULL, 6, NULL, '2017-03-04 08:19:38', '2017-03-06 15:15:45'),
(139, '2017-02-01', 1, '2017-02-01 08:00:00', '2017-02-01 18:00:00', NULL, NULL, NULL, NULL, NULL, NULL, 8, NULL, '2017-03-04 08:49:29', '2017-03-04 08:49:47'),
(140, '2017-02-02', 1, '2017-02-02 08:00:00', '2017-02-02 18:00:00', NULL, NULL, NULL, NULL, NULL, NULL, 8, NULL, '2017-03-04 08:50:04', '2017-03-04 08:50:20'),
(141, '2017-02-04', 1, '2017-02-04 08:00:00', '2017-02-04 18:00:00', NULL, NULL, NULL, NULL, NULL, NULL, 8, NULL, '2017-03-04 08:50:45', '2017-03-04 08:52:18'),
(142, '2017-02-05', 1, '2017-02-05 09:30:00', '2017-02-06 00:00:00', NULL, NULL, NULL, NULL, NULL, NULL, 8, NULL, '2017-03-04 08:52:39', '2017-03-04 08:53:12'),
(143, '2017-02-06', 1, '2017-02-06 08:00:00', '2017-02-06 18:00:00', NULL, NULL, NULL, NULL, NULL, NULL, 8, NULL, '2017-03-04 08:53:38', '2017-03-04 08:54:02'),
(144, '2017-02-09', 1, '2017-02-09 09:30:00', '2017-02-09 18:00:00', NULL, NULL, NULL, NULL, NULL, NULL, 8, NULL, '2017-03-04 08:54:41', '2017-03-04 08:55:12'),
(145, '2017-02-11', 1, '2017-02-11 08:00:00', '2017-02-11 18:00:00', NULL, NULL, NULL, NULL, NULL, NULL, 8, NULL, '2017-03-04 08:55:34', '2017-03-04 08:56:41'),
(146, '2017-02-12', 1, '2017-02-12 08:00:00', '2017-02-12 18:00:00', NULL, NULL, NULL, NULL, NULL, NULL, 8, NULL, '2017-03-04 08:57:10', '2017-03-04 08:57:37'),
(147, '2017-02-13', 1, '2017-02-13 08:15:00', '2017-02-13 18:45:00', NULL, NULL, NULL, NULL, NULL, NULL, 8, NULL, '2017-03-04 08:58:28', '2017-03-04 08:58:58'),
(148, '2017-02-14', 1, '2017-02-14 10:30:00', '2017-02-14 18:00:00', NULL, NULL, NULL, NULL, NULL, NULL, 8, NULL, '2017-03-04 08:59:33', '2017-03-04 09:00:00'),
(149, '2017-02-19', 1, '2017-02-19 08:20:00', '2017-02-19 18:00:00', NULL, NULL, NULL, NULL, NULL, NULL, 8, NULL, '2017-03-04 09:01:07', '2017-03-04 09:02:36'),
(150, '2017-02-20', 1, '2017-02-20 11:20:00', '2017-02-20 22:30:00', NULL, NULL, NULL, NULL, NULL, NULL, 8, NULL, '2017-03-04 09:02:04', '2017-03-04 09:03:58'),
(151, '2017-02-21', 1, '2017-02-21 10:30:00', '2017-02-21 21:00:00', NULL, NULL, NULL, NULL, NULL, NULL, 8, NULL, '2017-03-04 09:04:27', '2017-03-04 09:05:14'),
(152, '2017-02-22', 1, '2017-02-22 10:15:00', '2017-02-22 23:45:00', NULL, NULL, NULL, NULL, NULL, NULL, 8, NULL, '2017-03-04 09:05:43', '2017-03-04 09:06:13'),
(153, '2017-02-23', 1, '2017-02-23 10:00:00', '2017-02-23 22:00:00', NULL, NULL, NULL, NULL, NULL, NULL, 8, NULL, '2017-03-04 09:06:35', '2017-03-04 09:07:04'),
(154, '2017-02-24', 1, '2017-02-24 14:00:00', '2017-02-24 21:00:00', NULL, NULL, NULL, NULL, NULL, NULL, 8, NULL, '2017-03-04 09:12:14', '2017-03-04 09:12:53'),
(155, '2017-02-26', 1, '2017-02-26 08:15:00', '2017-02-26 15:05:00', NULL, NULL, NULL, NULL, NULL, NULL, 8, NULL, '2017-03-04 09:14:01', '2017-03-04 09:16:16'),
(156, '2017-02-27', 1, '2017-02-27 08:00:00', '2017-02-27 18:30:00', NULL, NULL, NULL, NULL, NULL, NULL, 8, NULL, '2017-03-04 09:17:29', '2017-03-04 09:18:41'),
(157, '2017-02-28', 1, '2017-02-28 09:15:00', '2017-02-28 18:00:00', NULL, NULL, NULL, NULL, NULL, NULL, 8, NULL, '2017-03-04 09:19:13', '2017-03-04 09:19:59'),
(158, '2017-03-01', 1, '2017-03-01 08:00:00', '2017-03-01 18:30:00', NULL, NULL, NULL, NULL, NULL, NULL, 2, NULL, '2017-03-06 07:23:19', '2017-03-06 07:23:40'),
(159, '2017-03-02', 1, '2017-03-02 06:00:00', '2017-03-02 19:30:00', NULL, NULL, NULL, NULL, NULL, NULL, 2, NULL, '2017-03-06 07:24:04', '2017-03-06 07:24:38'),
(160, '2017-03-04', 1, '2017-03-04 08:00:00', '2017-03-04 18:20:00', NULL, NULL, NULL, NULL, NULL, NULL, 2, NULL, '2017-03-06 07:25:12', '2017-03-06 07:25:35'),
(161, '2017-03-05', 1, '2017-03-05 08:00:00', '2017-03-05 18:00:00', NULL, NULL, NULL, NULL, NULL, NULL, 2, NULL, '2017-03-06 07:25:57', '2017-03-06 07:26:27'),
(162, '2017-03-06', 1, '2017-03-06 08:00:00', '2017-03-06 19:00:00', NULL, NULL, NULL, NULL, NULL, NULL, 2, NULL, '2017-03-06 07:27:03', '2017-03-07 08:15:35'),
(163, '2017-03-01', 1, '2017-03-01 05:00:00', '2017-03-01 18:30:00', NULL, NULL, NULL, NULL, NULL, NULL, 4, NULL, '2017-03-06 07:28:07', '2017-03-06 07:28:29'),
(164, '2017-03-02', 1, '2017-03-02 08:00:00', '2017-03-02 22:00:00', NULL, NULL, NULL, NULL, NULL, NULL, 4, NULL, '2017-03-06 07:28:49', '2017-03-06 07:29:17'),
(165, '2017-03-03', 1, '2017-03-03 05:00:00', '2017-03-04 01:00:00', NULL, NULL, NULL, NULL, NULL, NULL, 4, NULL, '2017-03-06 07:29:44', '2017-03-06 07:30:10'),
(166, '2017-03-04', 1, '2017-03-04 08:00:00', '2017-03-04 22:00:00', NULL, NULL, NULL, NULL, NULL, NULL, 4, NULL, '2017-03-06 07:30:49', '2017-03-07 11:01:39'),
(167, '2017-03-01', 1, '2017-03-01 05:00:00', '2017-03-01 18:00:00', NULL, NULL, NULL, NULL, NULL, NULL, 5, NULL, '2017-03-06 07:32:02', '2017-03-06 07:32:23'),
(169, '2017-03-02', 1, '2017-03-02 08:00:00', '2017-03-02 22:00:00', NULL, NULL, NULL, NULL, NULL, NULL, 5, NULL, '2017-03-06 07:35:00', '2017-03-06 07:35:35'),
(170, '2017-03-03', 1, '2017-03-03 05:00:00', '2017-03-04 01:00:00', NULL, NULL, NULL, NULL, NULL, NULL, 5, NULL, '2017-03-06 07:36:01', '2017-03-06 07:36:23'),
(171, '2017-03-04', 1, '2017-03-04 09:35:00', '2017-03-04 22:00:00', NULL, NULL, NULL, NULL, NULL, NULL, 5, NULL, '2017-03-06 07:36:50', '2017-03-07 10:58:17'),
(172, '2017-03-02', 1, '2017-03-02 08:00:00', '2017-03-02 22:00:00', NULL, NULL, NULL, NULL, NULL, NULL, 7, NULL, '2017-03-06 07:38:04', '2017-03-06 07:38:21'),
(173, '2017-03-03', 1, '2017-03-03 05:00:00', '2017-03-04 01:00:00', NULL, NULL, NULL, NULL, NULL, NULL, 7, NULL, '2017-03-06 07:38:43', '2017-03-06 07:39:09'),
(174, '2017-03-04', 1, '2017-03-04 10:00:00', '2017-03-04 22:00:00', NULL, NULL, NULL, NULL, NULL, NULL, 7, NULL, '2017-03-06 07:40:38', '2017-03-07 10:44:37'),
(175, '2017-03-07', 1, '2017-03-07 08:00:00', NULL, NULL, NULL, NULL, NULL, NULL, NULL, 2, NULL, '2017-03-07 08:16:09', '2017-03-07 08:16:09'),
(176, '2017-02-22', 1, '2017-02-22 11:40:00', '2017-02-22 18:00:00', NULL, NULL, NULL, NULL, NULL, NULL, 3, NULL, '2017-03-07 09:11:10', '2017-03-07 09:11:11'),
(177, NULL, NULL, NULL, NULL, NULL, 1, 0, NULL, NULL, NULL, NULL, NULL, '2017-03-07 09:11:11', '2017-03-07 09:11:11'),
(178, '2017-02-23', 1, '2017-02-23 10:00:00', '2017-02-23 22:00:00', NULL, NULL, NULL, NULL, NULL, NULL, 3, NULL, '2017-03-07 09:14:02', '2017-03-07 10:34:23'),
(179, '2017-02-18', 1, '2017-02-18 09:30:00', '2017-02-18 20:00:00', NULL, NULL, NULL, 40, NULL, 'تأخير', 6, NULL, '2017-03-07 09:19:08', '2017-03-07 09:19:08'),
(180, '2017-02-19', 1, '2017-02-19 09:30:00', '2017-02-19 21:00:00', NULL, NULL, NULL, NULL, NULL, NULL, 6, NULL, '2017-03-07 09:22:32', '2017-03-07 09:24:39'),
(181, '2017-02-20', 1, '2017-02-20 08:40:00', '2017-02-21 05:30:00', NULL, NULL, NULL, NULL, NULL, NULL, 6, NULL, '2017-03-07 09:25:11', '2017-03-07 09:25:54'),
(182, '2017-02-21', 1, '2017-02-21 17:20:00', '2017-02-21 21:00:00', NULL, NULL, NULL, NULL, NULL, NULL, 6, NULL, '2017-03-07 09:27:34', '2017-03-07 09:29:03'),
(183, '2017-02-22', NULL, NULL, NULL, 1, 1, 0, NULL, NULL, NULL, 6, NULL, '2017-03-07 09:30:20', '2017-03-07 09:30:20'),
(185, '2017-02-23', 1, '2017-02-23 09:00:00', '2017-02-23 18:00:00', NULL, NULL, NULL, 40, NULL, 'تأخير', 6, NULL, '2017-03-07 09:42:06', '2017-03-07 09:42:06'),
(186, NULL, NULL, NULL, NULL, NULL, 1, 0, NULL, NULL, NULL, NULL, NULL, '2017-03-07 09:42:06', '2017-03-07 09:42:06'),
(187, '2017-02-24', 1, '2017-02-24 09:00:00', '2017-02-25 11:00:00', NULL, NULL, NULL, NULL, NULL, NULL, 6, NULL, '2017-03-07 10:22:39', '2017-03-07 10:23:59'),
(188, '2017-02-26', NULL, NULL, NULL, 1, 1, 0, NULL, NULL, NULL, 6, -1, '2017-03-07 10:24:53', '2017-03-07 10:24:53'),
(189, '2017-02-26', 1, NULL, NULL, 1, 1, 0, NULL, NULL, NULL, 6, NULL, '2017-03-07 10:26:36', '2017-03-07 10:26:36'),
(190, '2017-02-27', 1, '2017-02-27 09:00:00', '2017-02-27 18:30:00', NULL, NULL, NULL, 40, NULL, 'تأخير', 6, NULL, '2017-03-07 10:28:36', '2017-03-07 10:28:36'),
(191, '2017-02-28', 1, '2017-02-28 08:45:00', '2017-02-28 19:00:00', NULL, NULL, NULL, NULL, NULL, NULL, 6, NULL, '2017-03-07 10:29:49', '2017-03-07 10:29:49'),
(192, NULL, NULL, NULL, NULL, NULL, 1, 0, NULL, NULL, NULL, NULL, NULL, '2017-03-07 10:29:49', '2017-03-07 10:29:49'),
(194, '2017-02-25', 1, '2017-02-25 08:45:00', '2017-02-25 19:20:00', NULL, NULL, NULL, NULL, NULL, NULL, 3, NULL, '2017-03-07 10:38:19', '2017-03-07 10:38:46'),
(195, '2017-02-26', 1, '2017-02-26 08:30:00', '2017-02-26 18:00:00', NULL, NULL, NULL, NULL, NULL, NULL, 3, NULL, '2017-03-07 10:39:10', '2017-03-07 10:39:46'),
(196, '2017-02-27', 1, '2017-02-27 08:30:00', '2017-02-27 18:30:00', NULL, NULL, NULL, NULL, NULL, NULL, 3, NULL, '2017-03-07 10:40:14', '2017-03-07 10:40:39'),
(197, '2017-02-28', 1, '2017-02-28 08:20:00', '2017-02-28 19:45:00', NULL, NULL, NULL, NULL, NULL, NULL, 3, NULL, '2017-03-07 10:41:05', '2017-03-07 10:41:29'),
(198, '2017-03-05', 1, '2017-03-05 05:00:00', '2017-03-05 22:00:00', NULL, NULL, NULL, NULL, NULL, NULL, 7, NULL, '2017-03-07 10:45:06', '2017-03-07 10:45:39'),
(199, '2017-03-01', 1, '2017-03-01 07:00:00', '2017-03-01 18:30:00', NULL, NULL, NULL, NULL, NULL, NULL, 3, NULL, '2017-03-07 10:46:09', '2017-03-07 10:46:38'),
(202, '2017-03-04', 1, '2017-03-04 08:40:00', '2017-03-04 18:20:00', NULL, NULL, NULL, NULL, NULL, NULL, 3, NULL, '2017-03-07 10:51:51', '2017-03-07 10:53:19'),
(203, '2017-03-05', 1, '2017-03-05 08:10:00', '2017-03-05 18:00:00', NULL, NULL, NULL, NULL, NULL, NULL, 3, NULL, '2017-03-07 10:53:43', '2017-03-07 10:54:02'),
(204, '2017-03-06', 1, '2017-03-06 08:15:00', '2017-03-06 22:30:00', NULL, NULL, NULL, NULL, NULL, NULL, 3, NULL, '2017-03-07 10:54:28', '2017-03-07 10:54:58'),
(205, '2017-03-07', 1, '2017-03-07 09:00:00', NULL, NULL, NULL, NULL, NULL, NULL, NULL, 3, NULL, '2017-03-07 10:55:19', '2017-03-07 10:55:19'),
(206, '2017-03-01', 1, '2017-03-01 05:00:00', '2017-03-01 16:30:00', NULL, NULL, NULL, NULL, NULL, NULL, 6, NULL, '2017-03-07 10:55:49', '2017-03-07 10:56:12'),
(207, '2017-03-02', 1, '2017-03-02 08:00:00', '2017-03-02 22:00:00', NULL, NULL, NULL, NULL, NULL, NULL, 6, NULL, '2017-03-07 10:56:32', '2017-03-07 10:56:55'),
(208, '2017-03-05', 1, '2017-03-05 06:30:00', '2017-03-05 22:00:00', NULL, NULL, NULL, NULL, NULL, NULL, 5, NULL, '2017-03-07 10:58:42', '2017-03-07 10:59:12'),
(209, '2017-03-06', 1, '2017-03-06 06:30:00', '2017-03-06 22:00:00', NULL, NULL, NULL, NULL, NULL, NULL, 5, NULL, '2017-03-07 10:59:35', '2017-03-07 11:00:05'),
(210, '2017-03-07', 1, '2017-03-07 08:00:00', NULL, NULL, NULL, NULL, NULL, NULL, NULL, 5, NULL, '2017-03-07 11:00:25', '2017-03-07 11:00:25'),
(211, '2017-03-05', 1, '2017-03-05 05:00:00', '2017-03-05 22:00:00', NULL, NULL, NULL, NULL, NULL, NULL, 4, NULL, '2017-03-07 11:02:52', '2017-03-07 11:03:44'),
(212, '2017-03-06', 1, '2017-03-06 06:00:00', '2017-03-06 22:30:00', NULL, NULL, NULL, NULL, NULL, NULL, 4, NULL, '2017-03-07 11:04:23', '2017-03-07 11:04:56'),
(213, '2017-03-07', 1, '2017-03-07 05:00:00', NULL, NULL, NULL, NULL, NULL, NULL, NULL, 4, NULL, '2017-03-07 11:05:22', '2017-03-07 11:05:22'),
(214, '2017-03-08', NULL, NULL, NULL, 1, 1, 0, NULL, NULL, NULL, 1, NULL, '2017-03-08 09:56:37', '2017-03-08 09:56:37');

-- --------------------------------------------------------

--
-- Table structure for table `authorized_people`
--

DROP TABLE IF EXISTS `authorized_people`;
CREATE TABLE IF NOT EXISTS `authorized_people` (
  `id` int(10) unsigned NOT NULL AUTO_INCREMENT,
  `client_id` int(10) unsigned NOT NULL,
  `name` varchar(255) COLLATE utf8_unicode_ci DEFAULT NULL,
  `jobtitle` varchar(255) COLLATE utf8_unicode_ci DEFAULT NULL,
  `telephone` varchar(255) COLLATE utf8_unicode_ci DEFAULT NULL,
  `email` varchar(255) COLLATE utf8_unicode_ci DEFAULT NULL,
  `created_at` timestamp NULL DEFAULT NULL,
  `updated_at` timestamp NULL DEFAULT NULL,
  PRIMARY KEY (`id`)
) ENGINE=InnoDB DEFAULT CHARSET=utf8 COLLATE=utf8_unicode_ci ROW_FORMAT=DYNAMIC AUTO_INCREMENT=1 ;

-- --------------------------------------------------------

--
-- Table structure for table `clients`
--

DROP TABLE IF EXISTS `clients`;
CREATE TABLE IF NOT EXISTS `clients` (
  `id` int(10) unsigned NOT NULL AUTO_INCREMENT,
  `name` varchar(255) COLLATE utf8_unicode_ci NOT NULL,
  `address` varchar(255) COLLATE utf8_unicode_ci NOT NULL,
  `telephone` varchar(255) COLLATE utf8_unicode_ci DEFAULT NULL,
  `mobile` varchar(255) COLLATE utf8_unicode_ci NOT NULL,
  `referral_id` int(10) unsigned DEFAULT NULL,
  `referral_percentage` decimal(11,3) DEFAULT NULL,
  `credit_limit` varchar(255) COLLATE utf8_unicode_ci NOT NULL,
  `is_client_company` tinyint(1) NOT NULL,
  `deleted_at` timestamp NULL DEFAULT NULL,
  `created_at` timestamp NULL DEFAULT NULL,
  `updated_at` timestamp NULL DEFAULT NULL,
  PRIMARY KEY (`id`)
) ENGINE=InnoDB  DEFAULT CHARSET=utf8 COLLATE=utf8_unicode_ci ROW_FORMAT=DYNAMIC AUTO_INCREMENT=10 ;

--
-- Dumping data for table `clients`
--

INSERT INTO `clients` (`id`, `name`, `address`, `telephone`, `mobile`, `referral_id`, `referral_percentage`, `credit_limit`, `is_client_company`, `deleted_at`, `created_at`, `updated_at`) VALUES
(1, 'اما ليوبرنت', 'ابراج النايل سيتى البرج الشمالى كورنيش النيل الدور السادس', '24618000', '01000060180', NULL, NULL, '500000', 1, NULL, '2017-03-04 13:29:10', '2017-03-04 13:29:10'),
(2, 'فيجن', 'المهندسين', '25252525', '01220102525', NULL, NULL, '50000', 1, NULL, '2017-03-04 13:31:01', '2017-03-04 13:31:01'),
(3, 'بتروجيت تغير الواح ال داى اند نايت', 'التجمع الخامس', '25252525', '01010101010', NULL, NULL, '100000', 1, NULL, '2017-03-04 14:00:28', '2017-03-04 14:00:28'),
(4, 'بتروجيت', 'التجمع الخامس', '25252525', '01010101010', NULL, NULL, '500000', 1, NULL, '2017-03-08 10:28:12', '2017-03-08 10:28:12'),
(5, 'نادى سماش', 'صلاح سالم', '25252525', '01010101010', NULL, NULL, '500000', 1, NULL, '2017-03-08 10:40:54', '2017-03-08 10:40:54'),
(6, 'اسبكترم', 'الشيرتون', '25252525', '01010101010', NULL, NULL, '500000', 1, NULL, '2017-03-08 10:43:22', '2017-03-08 10:43:22'),
(7, 'بست برنت', 'صلاح الدين', '25252525', '01010101010', NULL, NULL, '500000', 1, NULL, '2017-03-08 10:44:40', '2017-03-08 10:44:40'),
(8, 'الشركة الهندسية للمقاولات', 'مدينة نصر', '25252525', '01010101010', NULL, NULL, '1000000', 1, NULL, '2017-03-08 10:50:54', '2017-03-08 10:50:54'),
(9, 'اوراسكوم', 'المعادى', '25252525', '01010101010', NULL, NULL, '500000', 1, NULL, '2017-03-09 08:31:48', '2017-03-09 08:31:48');

-- --------------------------------------------------------

--
-- Table structure for table `client_processes`
--

DROP TABLE IF EXISTS `client_processes`;
CREATE TABLE IF NOT EXISTS `client_processes` (
  `id` int(10) unsigned NOT NULL AUTO_INCREMENT,
  `name` varchar(255) COLLATE utf8_unicode_ci NOT NULL,
  `client_id` int(10) unsigned NOT NULL,
  `employee_id` int(10) unsigned NOT NULL,
  `status` enum('active','temporary_closed','closed') COLLATE utf8_unicode_ci NOT NULL,
  `notes` varchar(255) COLLATE utf8_unicode_ci DEFAULT NULL,
  `has_discount` tinyint(1) DEFAULT NULL,
  `discount_percentage` decimal(11,3) DEFAULT NULL,
  `discount_value` decimal(11,3) DEFAULT NULL,
  `discount_reason` varchar(255) COLLATE utf8_unicode_ci DEFAULT NULL,
  `require_invoice` tinyint(1) NOT NULL,
  `taxes_value` decimal(11,3) DEFAULT NULL,
  `total_price_taxes` decimal(11,3) DEFAULT NULL,
  `total_price` decimal(11,3) NOT NULL,
  `deleted_at` timestamp NULL DEFAULT NULL,
  `created_at` timestamp NULL DEFAULT NULL,
  `updated_at` timestamp NULL DEFAULT NULL,
  PRIMARY KEY (`id`),
  KEY `client_processes_client_id_index` (`client_id`),
  KEY `client_processes_employee_id_index` (`employee_id`)
) ENGINE=InnoDB  DEFAULT CHARSET=utf8 COLLATE=utf8_unicode_ci ROW_FORMAT=DYNAMIC AUTO_INCREMENT=11 ;

--
-- Dumping dainvoiceta for table `client_processes`
--

INSERT INTO `client_processes` (`id`, `name`, `client_id`, `employee_id`, `status`, `notes`, `has_discount`, `discount_percentage`, `discount_value`, `discount_reason`, `require_invoice`, `taxes_value`, `total_price_taxes`, `total_price`, `deleted_at`, `created_at`, `updated_at`) VALUES
(1, 'استاند مارلبورو', 2, 3, 'active', 'لا يوجد', 0, NULL, NULL, NULL, 0, '0.000', '12000.000', '12000.000', NULL, '2017-03-04 13:34:43', '2017-03-04 13:34:43'),
(2, 'اورانج مول مصر', 1, 3, 'closed', 'لا يوجد', 0, NULL, NULL, NULL, 0, '0.000', '0.000', '0.000', NULL, '2017-03-07 12:10:40', '2017-03-08 11:59:40'),
(3, 'ورانج المرغنى', 1, 3, 'active', 'لايوجد', 0, NULL, NULL, NULL, 1, '6500.000', '56500.000', '50000.000', NULL, '2017-03-07 15:44:38', '2017-03-07 15:44:38'),
(4, 'اللافتات النحاس', 4, 1, 'active', 'لا يوجد', 0, NULL, NULL, NULL, 1, '130.000', '1130.000', '1000.000', NULL, '2017-03-08 12:10:22', '2017-03-08 12:10:22'),
(5, 'ستون بارك', 6, 3, 'active', 'لايوجد', 0, NULL, NULL, NULL, 0, '0.000', '8000.000', '8000.000', NULL, '2017-03-08 13:47:21', '2017-03-08 13:47:21'),
(6, 'صيانة لافتات ( الأسكندرية )', 4, 3, 'active', 'لايوجد', 0, NULL, NULL, NULL, 0, '0.000', '20000.000', '20000.000', NULL, '2017-03-09 07:05:16', '2017-03-09 07:05:16'),
(7, 'نادى الكرما', 5, 3, 'active', 'لا يوجد', 0, NULL, NULL, NULL, 0, '0.000', '20000.000', '20000.000', NULL, '2017-03-09 07:59:55', '2017-03-09 07:59:55'),
(8, 'بوكتات الأبواب', 4, 3, 'active', 'لا يوجد', 0, NULL, NULL, NULL, 0, '0.000', '80000.000', '80000.000', NULL, '2017-03-09 08:42:40', '2017-03-09 08:42:40'),
(9, 'استانس', 9, 3, 'active', 'لا يوجد', 0, NULL, NULL, NULL, 0, '0.000', '20000.000', '20000.000', NULL, '2017-03-09 08:43:36', '2017-03-09 08:43:36'),
(10, 'صيانة اليفط الخارجية بالأسكندرية', 4, 3, 'active', 'لا يوجد', 0, NULL, NULL, NULL, 0, '0.000', '10000.000', '10000.000', '2017-03-11 10:51:23', '2017-03-11 10:47:53', '2017-03-11 10:51:23');

-- --------------------------------------------------------

--
-- Table structure for table `client_process_items`
--

DROP TABLE IF EXISTS `client_process_items`;
CREATE TABLE IF NOT EXISTS `client_process_items` (
  `id` int(10) unsigned NOT NULL AUTO_INCREMENT,
  `process_id` int(10) unsigned NOT NULL,
  `description` varchar(255) COLLATE utf8_unicode_ci NOT NULL,
  `quantity` int(10) unsigned NOT NULL,
  `unit_price` decimal(11,3) unsigned NOT NULL,
  `deleted_at` timestamp NULL DEFAULT NULL,
  `created_at` timestamp NULL DEFAULT NULL,
  `updated_at` timestamp NULL DEFAULT NULL,
  PRIMARY KEY (`id`),
  KEY `client_process_items_process_id_index` (`process_id`)
) ENGINE=InnoDB  DEFAULT CHARSET=utf8 COLLATE=utf8_unicode_ci ROW_FORMAT=DYNAMIC AUTO_INCREMENT=11 ;

--
-- Dumping data for table `client_process_items`
--

INSERT INTO `client_process_items` (`id`, `process_id`, `description`, `quantity`, `unit_price`, `deleted_at`, `created_at`, `updated_at`) VALUES
(1, 1, 'استاند خشب مارلبورو', 3, '4000.00', NULL, '2017-03-04 13:34:43', '2017-03-04 13:34:43'),
(2, 2, 'لا يوجد', 0, '0.00', NULL, '2017-03-07 12:10:40', '2017-03-07 12:10:40'),
(3, 3, 'تقفيل الديبوند', 50, '1000.00', NULL, '2017-03-07 15:44:38', '2017-03-07 15:44:38'),
(4, 4, 'عمل لافتات نحاس', 10, '100.00', NULL, '2017-03-08 12:10:22', '2017-03-08 12:10:22'),
(5, 5, 'يفط صاج', 2, '4000.00', NULL, '2017-03-08 13:47:21', '2017-03-08 13:47:21'),
(6, 6, 'صيانة لافتات', 2, '10000.00', NULL, '2017-03-09 07:05:16', '2017-03-09 07:05:16'),
(7, 7, 'نادى الكرما', 10, '2000.00', NULL, '2017-03-09 07:59:55', '2017-03-09 07:59:55'),
(8, 8, 'عمل بوكتات الأبواب', 1000, '80.00', NULL, '2017-03-09 08:42:40', '2017-03-09 08:42:40'),
(9, 9, 'تغير شرائط استانلس', 1000, '20.00', NULL, '2017-03-09 08:43:37', '2017-03-09 08:43:37'),
(10, 10, 'صيانة اليفط الخارجية', 10, '1000.00', '2017-03-11 10:51:23', '2017-03-11 10:47:53', '2017-03-11 10:51:23');

-- --------------------------------------------------------

--
-- Table structure for table `deposit_withdraws`
--

DROP TABLE IF EXISTS `deposit_withdraws`;
CREATE TABLE IF NOT EXISTS `deposit_withdraws` (
  `id` int(10) unsigned NOT NULL AUTO_INCREMENT,
  `depositValue` decimal(11,3) DEFAULT '0.00',
  `withdrawValue` decimal(11,3) DEFAULT '0.00',
  `recordDesc` varchar(255) COLLATE utf8_unicode_ci DEFAULT NULL,
  `cbo_processes` int(11) DEFAULT '0',
  `client_id` int(11) DEFAULT '0',
  `employee_id` int(11) DEFAULT '0',
  `supplier_id` int(11) DEFAULT '0',
  `expenses_id` int(11) DEFAULT '0',
  `payMethod` int(11) DEFAULT NULL,
  `notes` varchar(255) COLLATE utf8_unicode_ci DEFAULT '',
  `saveStatus` tinyint(4) DEFAULT '1' COMMENT '1: can edit, 2: can not edit ',
  `due_date` timestamp NULL DEFAULT NULL,
  `created_at` timestamp NULL DEFAULT NULL,
  `updated_at` timestamp NULL DEFAULT NULL,
  PRIMARY KEY (`id`)
) ENGINE=InnoDB  DEFAULT CHARSET=utf8 COLLATE=utf8_unicode_ci ROW_FORMAT=DYNAMIC AUTO_INCREMENT=109 ;

--
-- Dumping data for table `deposit_withdraws`
--

INSERT INTO `deposit_withdraws` (`id`, `depositValue`, `withdrawValue`, `recordDesc`, `cbo_processes`, `client_id`, `employee_id`, `supplier_id`, `expenses_id`, `payMethod`, `notes`, `saveStatus`, `due_date`, `created_at`, `updated_at`) VALUES
(3, NULL, '103000.00', 'تجربة', NULL, NULL, 1, NULL, 1, 0, 'اختبار 1', 2, '2017-02-01 22:00:00', '2017-03-01 10:46:10', '2017-03-01 10:50:23'),
(4, NULL, '927000.00', 'تجربة2', NULL, NULL, NULL, NULL, 4, 0, NULL, 1, '2017-01-31 22:00:00', '2017-03-01 10:53:43', '2017-03-01 10:54:18'),
(5, NULL, '2000.00', 'تجربة', NULL, NULL, NULL, NULL, 4, 0, NULL, 1, '2017-01-31 22:00:00', '2017-03-01 10:55:43', '2017-03-01 10:55:43'),
(8, NULL, '1000.00', 'سلفة مستديمة دفعة شهر 3 سنة 2017', NULL, NULL, 7, NULL, 1, 0, '2017-03-04 07:45:30', 1, '2017-03-03 22:00:00', '2017-03-04 05:45:30', '2017-03-04 11:51:49'),
(9, NULL, '8200.00', 'عهدة امير شراء الواح داى اند نايت', NULL, NULL, 8, NULL, 1, 0, NULL, 2, '2017-02-03 22:00:00', '2017-03-04 11:58:11', '2017-03-04 13:12:00'),
(10, '8200.00', NULL, 'رد عهدة أمير', NULL, NULL, 8, NULL, 2, 0, NULL, 2, '2017-02-03 22:00:00', '2017-03-04 12:54:55', '2017-03-04 13:12:00'),
(11, NULL, '335.00', 'شرائط ليد احمر 505 غير معزول', 1, NULL, NULL, 1, NULL, 0, NULL, 1, '2017-02-03 22:00:00', '2017-03-04 13:39:41', '2017-03-07 18:11:35'),
(12, NULL, '335.00', 'شرائط ليد ابيض 505 غير معزول', 1, NULL, NULL, 1, NULL, 0, NULL, 1, '2017-02-03 22:00:00', '2017-03-04 13:46:53', '2017-03-07 18:12:48'),
(13, NULL, '340.00', 'عدد2 ترانس 30وات معزول', 1, NULL, NULL, 1, NULL, 0, NULL, 1, '2017-02-03 22:00:00', '2017-03-04 13:47:36', '2017-03-07 18:16:25'),
(14, NULL, '6890.00', 'عدد 3 لوح داى اند نايت', 1, NULL, NULL, NULL, NULL, 0, NULL, 1, '2017-02-03 22:00:00', '2017-03-04 14:02:26', '2017-03-07 18:24:40'),
(17, '1000.00', NULL, 'رد عهدة عماد', NULL, NULL, 7, NULL, 2, 0, NULL, 1, '2017-02-03 22:00:00', '2017-03-04 14:12:17', '2017-03-07 18:19:47'),
(18, NULL, '100.00', 'مصاريف اكل', NULL, NULL, 5, NULL, NULL, 0, NULL, 1, '2017-02-03 22:00:00', '2017-03-04 14:15:27', '2017-03-04 14:17:05'),
(19, NULL, '50.00', 'مواصلات', NULL, NULL, 5, NULL, NULL, 0, NULL, 1, '2017-02-03 22:00:00', '2017-03-04 14:15:29', '2017-03-04 14:15:29'),
(20, NULL, '100.00', 'test', NULL, NULL, 1, NULL, NULL, 0, NULL, 1, '2017-02-03 22:00:00', '2017-03-07 06:28:32', '2017-03-07 06:28:44'),
(21, NULL, '507.00', 'فاتورة كهربا الورشة عن شهر يناير', NULL, NULL, NULL, NULL, 2, 0, NULL, 1, '2017-02-04 22:00:00', '2017-03-07 11:52:48', '2017-03-07 11:53:16'),
(22, NULL, '3.00', 'فاتورة كهراء السلم عن أشهر ديسمبر- يناير', NULL, NULL, NULL, NULL, 2, 0, NULL, 1, '2017-02-04 22:00:00', '2017-03-07 11:55:38', '2017-03-07 11:55:38'),
(23, NULL, '150.00', 'حساب نقل ( البدرى ) من المصنع الى العباسية', 2, NULL, NULL, NULL, NULL, 0, NULL, 1, '2017-02-04 22:00:00', '2017-03-07 12:15:51', '2017-03-07 12:15:51'),
(25, NULL, '4000.00', 'عهدة احمد طمان شراء فينيل', NULL, NULL, 3, NULL, 1, 0, NULL, 1, '2017-02-04 22:00:00', '2017-03-07 18:22:47', '2017-03-07 18:22:47'),
(27, NULL, '2750.00', 'عهده جرجس شراء ترانسات', NULL, NULL, 5, NULL, 1, 0, NULL, 1, '2017-02-04 22:00:00', '2017-03-08 11:34:23', '2017-03-08 11:34:23'),
(28, NULL, '7.00', 'مصروفات ضيافة أ/بيشوى', NULL, NULL, NULL, NULL, 4, 0, NULL, 1, '2017-02-04 22:00:00', '2017-03-08 11:35:06', '2017-03-08 11:35:06'),
(30, NULL, '1500.00', 'عربون شغل ( محمد للزجاج )', 4, 4, NULL, NULL, NULL, 0, NULL, 1, '2017-02-04 22:00:00', '2017-03-08 13:52:37', '2017-03-08 13:52:37'),
(31, '2750.00', NULL, 'تصفية عهدة جرجس', NULL, NULL, 5, NULL, 2, 0, NULL, 1, '2017-02-04 22:00:00', '2017-03-08 13:53:28', '2017-03-08 13:53:28'),
(32, NULL, '2650.00', 'عدد 5  ترانسات 150وات معزول', 5, 6, NULL, NULL, NULL, 0, NULL, 1, '2017-02-04 22:00:00', '2017-03-08 13:55:03', '2017-03-08 13:55:03'),
(33, '4000.00', NULL, 'تصفية عهدة احمد طمان', NULL, NULL, 3, NULL, 2, 0, NULL, 1, '2017-02-04 22:00:00', '2017-03-08 13:55:52', '2017-03-08 13:55:52'),
(34, NULL, '27.00', 'مواصلات احمد طمان', NULL, NULL, 3, NULL, NULL, 0, NULL, 1, '2017-02-04 22:00:00', '2017-03-08 15:12:44', '2017-03-08 15:14:59'),
(35, NULL, '280.00', 'لدات ابيض واحمر  70 لد', NULL, NULL, 3, NULL, NULL, 0, NULL, 1, '2017-02-04 22:00:00', '2017-03-08 15:15:39', '2017-03-08 15:15:39'),
(36, NULL, '100.00', 'سلفة ياسر من المرتب', NULL, NULL, 4, NULL, 3, 0, NULL, 1, '2017-02-04 22:00:00', '2017-03-08 15:23:48', '2017-03-08 15:24:48'),
(37, NULL, '100.00', 'سلفة من المرتب احمد طمان', NULL, NULL, 3, NULL, 3, 0, NULL, 1, '2017-02-04 22:00:00', '2017-03-08 15:25:03', '2017-03-08 15:25:03'),
(38, NULL, '100.00', 'سلفة من المرتب احمد طمان من أ/ بيشوى', NULL, NULL, 3, NULL, 3, 0, NULL, 1, '2017-02-08 22:00:00', '2017-03-08 15:30:11', '2017-03-08 15:30:11'),
(39, NULL, '20.00', 'سلفة من المرتب ياسر', NULL, NULL, 4, NULL, 3, 0, NULL, 1, '2017-02-08 22:00:00', '2017-03-08 15:30:36', '2017-03-08 15:30:36'),
(40, NULL, '335.00', 'سلفة من المرتب عماد ( تكملة ال 1000 جنية )', NULL, NULL, 7, NULL, 3, 0, NULL, 1, '2017-02-08 22:00:00', '2017-03-08 15:31:19', '2017-03-08 15:31:19'),
(41, NULL, '1000.00', 'سلفة احمد طمان من أ/ بيشوى', NULL, NULL, 3, NULL, 3, 0, NULL, 1, '2017-02-14 22:00:00', '2017-03-08 15:32:18', '2017-03-08 15:32:18'),
(42, NULL, '100.00', 'سلفة جرجس من أ/ بيشوى', NULL, NULL, 5, NULL, 3, 0, NULL, 1, '2017-02-17 22:00:00', '2017-03-08 15:33:14', '2017-03-08 15:33:14'),
(43, NULL, '100.00', 'سلفة من المرتب ياسر', NULL, NULL, 4, NULL, 3, 0, NULL, 1, '2017-02-19 22:00:00', '2017-03-08 15:34:25', '2017-03-08 15:34:25'),
(44, NULL, '200.00', 'سلفة من المرتب ياسر', NULL, NULL, 4, NULL, 3, 0, NULL, 1, '2017-02-21 22:00:00', '2017-03-08 15:35:19', '2017-03-08 15:35:19'),
(45, NULL, '1000.00', 'سلفة احمد طمان', NULL, NULL, 3, NULL, 3, 0, NULL, 1, '2017-02-21 22:00:00', '2017-03-08 15:35:42', '2017-03-08 15:35:42'),
(46, NULL, '200.00', 'سلفة من المرتب عماد', NULL, NULL, 7, NULL, 3, 0, NULL, 1, '2017-02-22 22:00:00', '2017-03-08 15:38:08', '2017-03-08 15:38:08'),
(47, NULL, '247.00', 'سلفة امير من المرتب ( باقى عهدة منتهية فى 1/', NULL, NULL, 8, NULL, 3, 0, NULL, 1, '2017-02-22 22:00:00', '2017-03-08 15:39:14', '2017-03-08 15:39:14'),
(48, NULL, '100.00', 'سلفة ياسر من المرتب فى 2/3', NULL, NULL, 4, NULL, 3, 0, NULL, 1, '2017-02-23 22:00:00', '2017-03-08 15:49:45', '2017-03-08 15:49:45'),
(49, NULL, '20.00', 'سلفة من المرتب ياسر', NULL, NULL, 4, NULL, 3, 0, NULL, 1, '2017-02-06 22:00:00', '2017-03-08 15:58:07', '2017-03-08 15:58:07'),
(50, NULL, '50.00', 'سلفة ياسر من المرتب بيد عماد', NULL, NULL, 4, NULL, 3, 0, NULL, 1, '2017-02-07 22:00:00', '2017-03-08 15:58:49', '2017-03-08 15:58:49'),
(52, NULL, '1000.00', 'عهدة عماد', NULL, NULL, 7, NULL, 1, 0, NULL, 1, '2017-02-04 22:00:00', '2017-03-08 16:27:32', '2017-03-08 16:27:32'),
(53, NULL, '20.00', 'مواصلات عمرو فيجين', 1, 2, NULL, NULL, NULL, 0, NULL, 1, '2017-02-04 22:00:00', '2017-03-09 06:47:18', '2017-03-09 06:47:18'),
(54, NULL, '1500.00', 'عهدة عماد سفر الأسكندرية', NULL, NULL, 7, NULL, 1, 0, NULL, 1, '2017-02-04 22:00:00', '2017-03-09 07:08:33', '2017-03-11 10:40:56'),
(55, '10000.00', NULL, 'دفعة من أ /بيشوى', NULL, NULL, 1, NULL, NULL, 0, NULL, 1, '2017-02-05 22:00:00', '2017-03-09 07:44:04', '2017-03-09 07:44:04'),
(56, NULL, '2000.00', 'عهدة احمد طمان', NULL, NULL, 3, NULL, 1, 0, NULL, 1, '2017-02-05 22:00:00', '2017-03-09 07:46:22', '2017-03-09 07:48:20'),
(57, '2000.00', NULL, 'رد عهدة احمد طمان', NULL, NULL, 3, NULL, 2, 0, NULL, 1, '2017-02-05 22:00:00', '2017-03-09 07:48:34', '2017-03-09 07:48:34'),
(58, NULL, '25.00', 'مواصلات تاكسى احمد طمان الى أ / بيشوى', NULL, NULL, 3, NULL, NULL, 0, NULL, 1, '2017-02-05 22:00:00', '2017-03-09 07:51:47', '2017-03-09 07:51:47'),
(59, NULL, '15.00', 'مواصلات احمد طمان الى مكتب العمل', NULL, NULL, 3, NULL, NULL, 0, NULL, 1, '2017-02-05 22:00:00', '2017-03-09 07:52:32', '2017-03-09 07:52:32'),
(60, NULL, '500.00', 'عهدة امير شراء فينيل واكريلك عملية سماش', NULL, NULL, 8, NULL, 1, 0, NULL, 1, '2017-02-05 22:00:00', '2017-03-09 07:53:46', '2017-03-09 07:53:46'),
(61, '500.00', NULL, 'رد عهدة امير لشراء فينيل واكريلك عملية سماش', NULL, NULL, 8, NULL, 2, 0, NULL, 1, '2017-02-05 22:00:00', '2017-03-09 07:54:40', '2017-03-09 07:54:40'),
(62, NULL, '2000.00', 'عهدة احمد طمان', NULL, NULL, 3, NULL, 1, 0, NULL, 1, '2017-02-05 22:00:00', '2017-03-09 07:56:01', '2017-03-09 10:27:25'),
(63, NULL, '282.00', 'بولى فاست ازرق غامق  50*130 عيمات عملية سماش الكرما', NULL, NULL, 8, NULL, NULL, 0, NULL, 1, '2017-02-05 22:00:00', '2017-03-09 07:58:10', '2017-03-09 07:58:10'),
(64, NULL, '781.00', 'مرتب امير عن شهر يناير خالص', NULL, NULL, 8, NULL, NULL, 0, NULL, 1, '2017-02-05 22:00:00', '2017-03-09 08:16:20', '2017-03-09 08:16:20'),
(65, '10000.00', NULL, 'دفعة من ا / بيشوى', NULL, NULL, 1, NULL, NULL, 0, NULL, 1, '2017-02-06 22:00:00', '2017-03-09 08:21:18', '2017-03-09 08:21:18'),
(66, NULL, '10650.00', 'باقى اكريلك بتروجيت داى اند نايت', -1, 3, NULL, NULL, NULL, 0, NULL, 1, '2017-02-06 22:00:00', '2017-03-09 08:23:19', '2017-03-09 08:23:19'),
(68, NULL, '2000.00', 'عهدة عماد شراء خشب ووصلات كهرباء ومسامير', 4, 4, NULL, NULL, NULL, 0, NULL, 1, '2017-02-06 22:00:00', '2017-03-09 08:25:34', '2017-03-09 08:25:34'),
(69, NULL, '150.00', 'عهدة جرجس ا/بيشوى', NULL, NULL, 5, NULL, 1, 0, NULL, 1, '2017-03-08 22:00:00', '2017-03-09 08:29:13', '2017-03-09 18:10:01'),
(70, NULL, '750.00', 'شراء وتقطيع استانلس 81 لميع', 9, 9, NULL, NULL, NULL, 0, NULL, 1, '2017-02-06 22:00:00', '2017-03-09 08:47:41', '2017-03-09 08:47:41'),
(71, NULL, '80.00', 'مواصلات ونقل استانلس 81 لميع جرجس', 9, 9, NULL, NULL, NULL, 0, NULL, 1, '2017-02-06 22:00:00', '2017-03-09 08:48:44', '2017-03-09 08:48:44'),
(72, NULL, '1000.00', 'فينيل واكريلك', 8, 4, NULL, NULL, NULL, 0, NULL, 1, '2017-02-07 22:00:00', '2017-03-09 08:50:27', '2017-03-09 08:50:27'),
(73, NULL, '25.00', 'مواصلات حنا الى احمد حسن / سبيكترم', NULL, NULL, 2, NULL, NULL, 0, NULL, 1, '2017-02-07 22:00:00', '2017-03-09 08:51:18', '2017-03-09 08:51:18'),
(74, NULL, '700.00', 'من مرتب ياسر عن شهر يناير', NULL, NULL, 4, NULL, NULL, 0, NULL, 1, '2017-02-07 22:00:00', '2017-03-09 10:18:11', '2017-03-09 10:18:11'),
(75, NULL, '500.00', 'من مرتب جرجس عن شهر يناير', NULL, NULL, 5, NULL, NULL, 0, NULL, 1, '2017-02-07 22:00:00', '2017-03-09 10:18:44', '2017-03-09 10:18:44'),
(76, NULL, '500.00', 'من مرتب جرجس عن شهر يناير', NULL, NULL, 5, NULL, NULL, 0, NULL, 1, '2017-02-08 22:00:00', '2017-03-09 10:22:54', '2017-03-09 10:22:54'),
(77, NULL, '20.00', 'مواصلات جرجس التجمع الخامس', 8, 4, NULL, NULL, NULL, 0, NULL, 1, '2017-02-08 22:00:00', '2017-03-09 10:24:09', '2017-03-09 10:24:09'),
(78, '2000.00', NULL, 'رد عهدة احمد طمان', NULL, NULL, 3, NULL, 2, 0, NULL, 1, '2017-02-08 22:00:00', '2017-03-09 10:30:01', '2017-03-09 10:30:01'),
(79, NULL, '16.00', 'عدد 2 حجر قلم للكاميرا', NULL, NULL, 3, NULL, NULL, 0, NULL, 1, '2017-02-08 22:00:00', '2017-03-09 10:31:36', '2017-03-09 10:31:36'),
(80, NULL, '20.00', 'مواصلات الجيزة لرفع مقاسات', NULL, NULL, 3, NULL, NULL, 0, NULL, 1, '2017-02-08 22:00:00', '2017-03-09 10:32:14', '2017-03-09 10:32:14'),
(81, NULL, '54.00', 'فتح ملف فى مكتب العمل', NULL, NULL, 3, NULL, NULL, 0, NULL, 1, '2017-02-08 22:00:00', '2017-03-09 10:32:47', '2017-03-09 10:35:13'),
(82, NULL, '5.00', 'مواصلات التحرير مكتب العمل', NULL, NULL, 3, NULL, NULL, 0, NULL, 1, '2017-02-08 22:00:00', '2017-03-09 10:33:19', '2017-03-09 10:35:19'),
(83, NULL, '1654.00', 'تأمين عمالة غير منتظمة', NULL, NULL, 3, NULL, NULL, 0, NULL, 1, '2017-02-08 22:00:00', '2017-03-09 10:36:13', '2017-03-09 10:36:13'),
(84, '0.00', '1963.33', 'دفع مرتب جرجس عزيز باسيلى بطرس', 0, 0, 5, 0, 5, 0, '2017-02-09 00:00:00', 1, '2017-03-09 22:00:00', '2017-03-10 07:57:01', '2017-03-10 07:57:01'),
(85, '0.00', '1317.33', 'دفع مرتب ياسر صلاح عبد الحميد عثمان', 0, 0, 4, 0, 5, 0, '2017-02-09 00:00:00', 1, '2017-03-09 22:00:00', '2017-03-10 07:57:57', '2017-03-10 07:57:57'),
(86, NULL, '11.00', 'تصوير اوراق خاصة ب تأمين العمال', NULL, NULL, 3, NULL, NULL, 1, NULL, 1, '2017-02-08 22:00:00', '2017-03-11 09:51:16', '2017-03-11 09:51:16'),
(87, NULL, '25.00', 'تاكسصى احمد طمان ذهاب الى أ / بيشوى', NULL, NULL, 3, NULL, NULL, 0, NULL, 1, '2017-02-08 22:00:00', '2017-03-11 09:52:24', '2017-03-11 09:53:13'),
(88, NULL, '12.00', 'مواصلات الى مكتب العمل بالتحرير', NULL, NULL, 3, NULL, NULL, 0, NULL, 1, '2017-02-08 22:00:00', '2017-03-11 09:53:27', '2017-03-11 09:53:27'),
(89, NULL, '20.00', 'مواصلا من التجمع الى المصنع ( احمد + عماد )', -1, 3, NULL, NULL, NULL, 0, NULL, 1, '2017-02-08 22:00:00', '2017-03-11 09:55:08', '2017-03-11 09:55:08'),
(90, NULL, '20.00', 'مواصلا من التجمع الى المصنع ( احمد + عماد )', NULL, NULL, 3, NULL, NULL, 0, NULL, 1, '2017-02-08 22:00:00', '2017-03-11 09:55:53', '2017-03-11 09:55:53'),
(91, NULL, '20.00', 'مواصلا ذهاب وعودة الضرائب ( حنا + احمد )', NULL, NULL, 3, NULL, NULL, 0, NULL, 1, '2017-02-08 22:00:00', '2017-03-11 09:57:44', '2017-03-11 10:00:26'),
(92, NULL, '200.00', 'عهدة امير شراء فينيل', NULL, NULL, 8, NULL, 1, 0, NULL, 1, '2017-02-08 22:00:00', '2017-03-11 09:59:55', '2017-03-11 10:00:33'),
(93, NULL, '450.00', 'حساب مجدى الفورش', 9, 9, NULL, NULL, NULL, 0, NULL, 1, '2017-02-08 22:00:00', '2017-03-11 10:01:37', '2017-03-11 10:01:37'),
(94, NULL, '150.00', 'أ / بولس طرف أ بيشوى', NULL, NULL, 1, NULL, 1, 0, NULL, 1, '2017-02-07 22:00:00', '2017-03-11 10:04:13', '2017-03-11 10:14:35'),
(95, '150.00', NULL, 'رد من ؟أ / بولس طرف/ بيشوى', NULL, NULL, 1, NULL, NULL, 0, NULL, 1, '2017-02-08 22:00:00', '2017-03-11 10:20:50', '2017-03-11 10:20:54'),
(96, NULL, '150.00', 'أ 8 بيشوى ( جمعية الحصاد )', NULL, NULL, 1, NULL, 3, 0, NULL, 1, '2017-02-08 22:00:00', '2017-03-11 10:22:25', '2017-03-11 10:22:25'),
(97, '150.00', NULL, 'مرتجع عهدة جرجس', NULL, NULL, 5, NULL, 2, 0, NULL, 1, '2017-02-08 22:00:00', '2017-03-11 10:30:44', '2017-03-11 10:30:44'),
(98, NULL, '100.00', 'سلفة من الرتب ( احمد طمان )', NULL, NULL, 3, NULL, 3, 0, NULL, 1, '2017-02-08 22:00:00', '2017-03-11 10:32:28', '2017-03-11 10:32:28'),
(99, NULL, '200.00', 'عهدة جرجس', NULL, NULL, 5, NULL, 1, 0, NULL, 1, '2017-02-08 22:00:00', '2017-03-11 10:33:12', '2017-03-11 10:33:12'),
(100, NULL, '15.00', 'قطن + سبيرتو', NULL, NULL, 5, NULL, NULL, 0, NULL, 1, '2017-02-08 22:00:00', '2017-03-11 10:34:04', '2017-03-11 10:34:04'),
(101, NULL, '2220.00', 'حساب محمد السواق أ / بيشوى', NULL, NULL, 1, NULL, NULL, 0, NULL, 1, '2017-02-08 22:00:00', '2017-03-11 10:35:36', '2017-03-11 10:36:14'),
(102, '200.00', NULL, 'رد عهدة امير', NULL, NULL, 8, NULL, 2, 0, NULL, 1, '2017-02-08 22:00:00', '2017-03-11 10:36:27', '2017-03-11 10:36:27'),
(103, NULL, '50.00', 'فينيل 2متر', 8, 4, NULL, NULL, NULL, 0, NULL, 1, '2017-02-08 22:00:00', '2017-03-11 10:38:21', '2017-03-11 10:38:21'),
(104, '1500.00', NULL, 'رد عهدة عماد سفر الأسكندرية', NULL, NULL, 7, NULL, 2, 0, NULL, 1, '2017-02-08 22:00:00', '2017-03-11 10:43:29', '2017-03-11 10:43:29'),
(105, NULL, '355.00', 'سلك+ شريط لحام +مسامير سوداء', 6, 4, NULL, NULL, NULL, 0, NULL, 1, '2017-02-08 22:00:00', '2017-03-11 10:50:56', '2017-03-11 10:50:56'),
(106, NULL, '700.00', 'مواصلات ذهاب وعودة الأسكندرية', 6, 4, NULL, NULL, NULL, 0, NULL, 1, '2017-02-08 22:00:00', '2017-03-11 10:55:03', '2017-03-11 10:55:03'),
(107, NULL, '250.00', 'مصاريف اكل وجبتين', 6, 4, NULL, NULL, NULL, 0, NULL, 1, '2017-02-08 22:00:00', '2017-03-11 10:59:15', '2017-03-11 10:59:15'),
(108, NULL, '20.00', 'سلفة ياسر من المرتب', NULL, NULL, 4, NULL, 3, 0, NULL, 1, '2017-02-08 22:00:00', '2017-03-11 11:00:56', '2017-03-11 11:01:47');

-- --------------------------------------------------------

--
-- Table structure for table `employees`
--

DROP TABLE IF EXISTS `employees`;
CREATE TABLE IF NOT EXISTS `employees` (
  `id` int(10) unsigned NOT NULL AUTO_INCREMENT,
  `emp_id` int(11) unsigned DEFAULT NULL,
  `name` varchar(255) COLLATE utf8_unicode_ci NOT NULL,
  `ssn` varchar(14) COLLATE utf8_unicode_ci NOT NULL,
  `gender` enum('m','f') COLLATE utf8_unicode_ci NOT NULL,
  `martial_status` enum('single','married','widowed','divorced') COLLATE utf8_unicode_ci NOT NULL,
  `birth_date` date NOT NULL,
  `department` varchar(255) COLLATE utf8_unicode_ci NOT NULL,
  `hiring_date` date NOT NULL,
  `daily_salary` double NOT NULL,
  `working_hours` int(11) NOT NULL,
  `job_title` varchar(50) COLLATE utf8_unicode_ci NOT NULL,
  `telephone` varchar(14) COLLATE utf8_unicode_ci DEFAULT NULL,
  `mobile` varchar(14) COLLATE utf8_unicode_ci NOT NULL,
  `facility_id` int(10) unsigned NOT NULL,
  `can_not_use_program` tinyint(1) NOT NULL,
  `borrow_system` tinyint(1) NOT NULL,
  `deleted_at_id` int(10) unsigned DEFAULT NULL,
  `deleted_at` timestamp NULL DEFAULT NULL,
  `created_at` timestamp NULL DEFAULT NULL,
  `updated_at` timestamp NULL DEFAULT NULL,
  PRIMARY KEY (`id`),
  KEY `employees_user_id_index` (`id`),
  KEY `employees_facility_id_index` (`facility_id`)
) ENGINE=InnoDB  DEFAULT CHARSET=utf8 COLLATE=utf8_unicode_ci ROW_FORMAT=DYNAMIC AUTO_INCREMENT=9 ;

--
-- Dumping data for table `employees`
--

INSERT INTO `employees` (`id`, `emp_id`, `name`, `ssn`, `gender`, `martial_status`, `birth_date`, `department`, `hiring_date`, `daily_salary`, `working_hours`, `job_title`, `telephone`, `mobile`, `facility_id`, `can_not_use_program`, `borrow_system`, `deleted_at_id`, `deleted_at`, `created_at`, `updated_at`) VALUES
(1, 1, 'استاذ بيشوي', '28100010500755', 'm', 'married', '1980-02-09', 'مصر الجديدة', '2001-01-01', 200, 8, 'مدير', '24934917', '01200000000', 1, 0, 1, NULL, NULL, NULL, '2017-03-04 05:43:39'),
(2, 2, 'يوحنا ابراهيم بدروس', '28003210103192', 'm', 'single', '1980-03-21', 'عين شمس', '2017-02-01', 57.69, 10, 'محاسب', '22461800', '01282508848', 1, 0, 0, NULL, NULL, '2017-02-27 11:19:19', '2017-02-28 05:35:53'),
(3, 3, 'احمد محمود عبد العظيم  طمان', '27803130101639', 'm', 'married', '1978-03-13', 'المرج', '2014-12-14', 80, 10, 'مشرف', '53012912', '01220909014', 1, 0, 0, NULL, NULL, '2017-02-28 07:41:29', '2017-02-28 07:41:29'),
(4, 4, 'ياسر صلاح عبد الحميد عثمان', '28702070101297', 'm', 'single', '1987-02-07', 'عين شمس', '2016-02-01', 80, 10, 'عامل', '25252525', '01211096247', 1, 0, 0, NULL, NULL, '2017-02-28 11:17:08', '2017-02-28 11:17:08'),
(5, 5, 'جرجس عزيز باسيلى بطرس', '28906010102558', 'm', 'single', '1989-06-01', 'منشية ناصر', '2015-12-12', 80, 10, 'عامل', '15252525', '01270928768', 1, 0, 0, NULL, NULL, '2017-02-28 11:21:23', '2017-02-28 11:21:23'),
(6, 6, 'عمر سيد عويس عطيه', '28803140102475', 'm', 'single', '1988-03-14', 'مصر القديمة', '2013-01-02', 80, 10, 'عامل', '25252525', '01148209148', 1, 0, 0, NULL, NULL, '2017-02-28 11:24:38', '2017-02-28 11:24:38'),
(7, 7, 'عماد ظريف سعيد جرجس', '28210112401113', 'm', 'married', '1982-10-11', 'المرج', '2005-02-02', 100, 10, 'رئيس عمال', '25252525', '01225524231', 1, 1, 1, NULL, NULL, '2017-02-28 11:29:58', '2017-03-03 05:58:11'),
(8, 8, 'امير ابراهيم سمعان', '12345678910112', 'm', 'single', '1986-01-01', 'مصر الجديدة', '2016-12-01', 57, 10, 'مشرف', '25252525', '01202021200', 1, 0, 0, NULL, NULL, '2017-03-04 08:39:02', '2017-03-04 08:39:02');

-- --------------------------------------------------------

--
-- Table structure for table `employee_borrows`
--

DROP TABLE IF EXISTS `employee_borrows`;
CREATE TABLE IF NOT EXISTS `employee_borrows` (
  `id` int(10) unsigned NOT NULL AUTO_INCREMENT,
  `employee_id` int(10) unsigned NOT NULL,
  `amount` double NOT NULL,
  `borrow_reason` varchar(255) COLLATE utf8_unicode_ci DEFAULT NULL,
  `pay_amount` varchar(255) COLLATE utf8_unicode_ci DEFAULT NULL,
  `is_active` tinyint(1) NOT NULL,
  `created_at` timestamp NULL DEFAULT NULL,
  `updated_at` timestamp NULL DEFAULT NULL,
  PRIMARY KEY (`id`),
  KEY `employee_borrows_employee_id_index` (`employee_id`)
) ENGINE=InnoDB  DEFAULT CHARSET=utf8 COLLATE=utf8_unicode_ci ROW_FORMAT=DYNAMIC AUTO_INCREMENT=4 ;

--
-- Dumping data for table `employee_borrows`
--

INSERT INTO `employee_borrows` (`id`, `employee_id`, `amount`, `borrow_reason`, `pay_amount`, `is_active`, `created_at`, `updated_at`) VALUES
(2, 7, 60000, 'قرض سيارة', '1000', 1, '2017-03-03 11:44:36', '2017-03-03 11:44:36'),
(3, 1, 10000, 'قرض سيارة', '1200', 1, '2017-03-04 05:45:30', '2017-03-04 06:30:12');

-- --------------------------------------------------------

--
-- Table structure for table `expenses`
--

DROP TABLE IF EXISTS `expenses`;
CREATE TABLE IF NOT EXISTS `expenses` (
  `id` int(10) unsigned NOT NULL AUTO_INCREMENT,
  `name` varchar(255) COLLATE utf8_unicode_ci NOT NULL,
  `created_at` timestamp NULL DEFAULT NULL,
  `updated_at` timestamp NULL DEFAULT NULL,
  PRIMARY KEY (`id`)
) ENGINE=InnoDB  DEFAULT CHARSET=utf8 COLLATE=utf8_unicode_ci ROW_FORMAT=DYNAMIC AUTO_INCREMENT=5 ;

--
-- Dumping data for table `expenses`
--

INSERT INTO `expenses` (`id`, `name`, `created_at`, `updated_at`) VALUES
(1, 'ايجار', '2017-03-01 10:13:42', '2017-03-01 10:13:42'),
(2, 'كهرباء', '2017-03-01 10:14:05', '2017-03-01 10:14:05'),
(3, 'المياه', '2017-03-01 10:14:41', '2017-03-01 10:14:41'),
(4, 'مصروفات اخرى', '2017-03-01 10:15:12', '2017-03-01 10:15:12');

-- --------------------------------------------------------

--
-- Table structure for table `facilities`
--

DROP TABLE IF EXISTS `facilities`;
CREATE TABLE IF NOT EXISTS `facilities` (
  `id` int(10) unsigned NOT NULL AUTO_INCREMENT,
  `name` varchar(255) COLLATE utf8_unicode_ci NOT NULL,
  `manager_id` int(10) unsigned NOT NULL,
  `type` enum('individual','joint','partnership','limited_partnership','stock') COLLATE utf8_unicode_ci NOT NULL,
  `tax_file` varchar(255) COLLATE utf8_unicode_ci DEFAULT NULL,
  `tax_card` varchar(255) COLLATE utf8_unicode_ci DEFAULT NULL,
  `trade_record` varchar(255) COLLATE utf8_unicode_ci DEFAULT NULL,
  `sales_tax` int(255) DEFAULT NULL,
  `opening_amount` decimal(11,3) DEFAULT NULL,
  `country_sales_tax` tinyint(4) DEFAULT NULL,
  `logo` varchar(255) COLLATE utf8_unicode_ci DEFAULT NULL,
  `country` varchar(255) COLLATE utf8_unicode_ci DEFAULT NULL,
  `city` varchar(255) COLLATE utf8_unicode_ci DEFAULT NULL,
  `region` varchar(255) COLLATE utf8_unicode_ci DEFAULT NULL,
  `address` varchar(255) COLLATE utf8_unicode_ci DEFAULT NULL,
  `email` varchar(255) COLLATE utf8_unicode_ci DEFAULT NULL,
  `website` varchar(255) COLLATE utf8_unicode_ci DEFAULT NULL,
  `created_at` timestamp NULL DEFAULT NULL,
  `updated_at` timestamp NULL DEFAULT NULL,
  PRIMARY KEY (`id`),
  UNIQUE KEY `facilities_name_unique` (`name`),
  KEY `facilities_manager_id_index` (`manager_id`)
) ENGINE=InnoDB  DEFAULT CHARSET=utf8 COLLATE=utf8_unicode_ci ROW_FORMAT=DYNAMIC AUTO_INCREMENT=2 ;

--
-- Dumping data for table `facilities`
--

INSERT INTO `facilities` (`id`, `name`, `manager_id`, `type`, `tax_file`, `tax_card`, `trade_record`, `sales_tax`, `opening_amount`, `country_sales_tax`, `logo`, `country`, `city`, `region`, `address`, `email`, `website`, `created_at`, `updated_at`) VALUES
(1, 'B2bAdv', 1, 'stock', '11200', '23000', '98100', 13, '1052000', NULL, 'Q254GxNKrjKryjnN46zRKgloE00ID0DkGvmDajL6.png', 'مصر', 'القاهرة', 'عين شمس', '12 ش محمد متولي', 'info@b2b-adv.com', 'http://www.b2b-adv.com/', NULL, '2016-12-22 21:17:12');

-- --------------------------------------------------------

--
-- Table structure for table `feasibility_study`
--

DROP TABLE IF EXISTS `feasibility_study`;
CREATE TABLE IF NOT EXISTS `feasibility_study` (
  `id` int(10) unsigned NOT NULL AUTO_INCREMENT,
  `process_name` varchar(255) COLLATE utf8_unicode_ci NOT NULL,
  `client_id` int(11) NOT NULL,
  `rent_per_month` int(11) NOT NULL,
  `rent_time` int(11) NOT NULL,
  `waste_percentage` int(11) NOT NULL,
  `profit_percentage` int(11) NOT NULL,
  `created_at` timestamp NULL DEFAULT NULL,
  `updated_at` timestamp NULL DEFAULT NULL,
  PRIMARY KEY (`id`),
  UNIQUE KEY `feasibility_study_process_name_unique` (`process_name`)
) ENGINE=InnoDB DEFAULT CHARSET=utf8 COLLATE=utf8_unicode_ci ROW_FORMAT=DYNAMIC AUTO_INCREMENT=1 ;

-- --------------------------------------------------------

--
-- Table structure for table `jobs`
--

DROP TABLE IF EXISTS `jobs`;
CREATE TABLE IF NOT EXISTS `jobs` (
  `id` bigint(20) unsigned NOT NULL AUTO_INCREMENT,
  `queue` varchar(255) COLLATE utf8_unicode_ci NOT NULL,
  `payload` longtext COLLATE utf8_unicode_ci NOT NULL,
  `attempts` tinyint(3) unsigned NOT NULL,
  `reserved` tinyint(3) unsigned NOT NULL,
  `reserved_at` int(10) unsigned DEFAULT NULL,
  `available_at` int(10) unsigned NOT NULL,
  `created_at` int(10) unsigned NOT NULL,
  PRIMARY KEY (`id`),
  KEY `jobs_queue_reserved_reserved_at_index` (`queue`,`reserved`,`reserved_at`)
) ENGINE=InnoDB DEFAULT CHARSET=utf8 COLLATE=utf8_unicode_ci ROW_FORMAT=DYNAMIC AUTO_INCREMENT=1 ;

-- --------------------------------------------------------

--
-- Table structure for table `migrations`
--

DROP TABLE IF EXISTS `migrations`;
CREATE TABLE IF NOT EXISTS `migrations` (
  `migration` varchar(255) COLLATE utf8_unicode_ci NOT NULL,
  `batch` int(11) NOT NULL
) ENGINE=InnoDB DEFAULT CHARSET=utf8 COLLATE=utf8_unicode_ci ROW_FORMAT=DYNAMIC;

--
-- Dumping data for table `migrations`
--

INSERT INTO `migrations` (`migration`, `batch`) VALUES
('2016_06_03_190028_create_users_table', 1),
('2016_06_03_190241_create_employees_table', 1),
('2016_06_03_191029_create_password_resets_table', 1),
('2016_06_09_163017_create_facilities_table', 1),
('2016_06_09_163447_entrust_setup_tables', 1),
('2016_06_10_152145_create_phones_table', 1),
('2016_06_24_143843_create_suppliers_table', 1),
('2016_06_25_050147_create_clients_table', 1),
('2016_07_06_141421_create_client_processes_table', 1),
('2016_07_06_141432_create_supplier_processes_table', 1),
('2016_07_06_143327_create_client_process_items_table', 1),
('2016_07_08_073008_create_authorized_people_table', 1),
('2016_10_24_211331_alter_supplier_processess_table', 2),
('2016_10_24_213936_create_supplier_process_item_table', 2),
('2016_10_30_221510_create_expenses_table', 2),
('2016_11_02_092325_alter_suppliers_table', 4),
('2016_11_02_085201_create_deposit_withdraw_table', 5),
('2016_11_04_173731_create_employee_borrow_table', 6),
('2016_12_10_143420_Alter_employee_borrow_table', 7),
('2016_12_10_171055_create_feasibility_study_table', 7),
('2016_12_10_174410_create_fs_related_tables', 7),
('2017_01_22_110601_create_jobs_table', 8);

-- --------------------------------------------------------

--
-- Table structure for table `migrations_copy`
--

DROP TABLE IF EXISTS `migrations_copy`;
CREATE TABLE IF NOT EXISTS `migrations_copy` (
  `migration` varchar(255) COLLATE utf8_unicode_ci NOT NULL,
  `batch` int(11) NOT NULL
) ENGINE=InnoDB DEFAULT CHARSET=utf8 COLLATE=utf8_unicode_ci;

-- --------------------------------------------------------

--
-- Table structure for table `opening_amounts`
--

DROP TABLE IF EXISTS `opening_amounts`;
CREATE TABLE IF NOT EXISTS `opening_amounts` (
  `id` int(11) NOT NULL AUTO_INCREMENT,
  `amount` decimal(11,3) DEFAULT NULL,
  `deposit_date` datetime DEFAULT NULL,
  `reason` varchar(1000) DEFAULT NULL,
  `facility_id` int(11) DEFAULT NULL,
  `updated_at` datetime DEFAULT NULL,
  `created_at` datetime DEFAULT NULL,
  PRIMARY KEY (`id`)
) ENGINE=InnoDB DEFAULT CHARSET=utf8 ROW_FORMAT=DYNAMIC AUTO_INCREMENT=1 ;

-- --------------------------------------------------------

--
-- Table structure for table `password_resets`
--

DROP TABLE IF EXISTS `password_resets`;
CREATE TABLE IF NOT EXISTS `password_resets` (
  `email` varchar(255) COLLATE utf8_unicode_ci NOT NULL,
  `token` varchar(255) COLLATE utf8_unicode_ci NOT NULL,
  `created_at` timestamp NOT NULL DEFAULT CURRENT_TIMESTAMP ON UPDATE CURRENT_TIMESTAMP,
  KEY `password_resets_email_index` (`email`),
  KEY `password_resets_token_index` (`token`)
) ENGINE=InnoDB DEFAULT CHARSET=utf8 COLLATE=utf8_unicode_ci ROW_FORMAT=DYNAMIC;

-- --------------------------------------------------------

--
-- Table structure for table `password_resets_copy`
--

DROP TABLE IF EXISTS `password_resets_copy`;
CREATE TABLE IF NOT EXISTS `password_resets_copy` (
  `email` varchar(255) COLLATE utf8_unicode_ci NOT NULL,
  `token` varchar(255) COLLATE utf8_unicode_ci NOT NULL,
  `created_at` timestamp NOT NULL DEFAULT CURRENT_TIMESTAMP ON UPDATE CURRENT_TIMESTAMP,
  KEY `password_resets_email_index` (`email`),
  KEY `password_resets_token_index` (`token`)
) ENGINE=InnoDB DEFAULT CHARSET=utf8 COLLATE=utf8_unicode_ci;

-- --------------------------------------------------------

--
-- Table structure for table `permissions`
--

DROP TABLE IF EXISTS `permissions`;
CREATE TABLE IF NOT EXISTS `permissions` (
  `id` int(10) unsigned NOT NULL AUTO_INCREMENT,
  `name` varchar(255) COLLATE utf8_unicode_ci NOT NULL,
  `display_name` varchar(255) COLLATE utf8_unicode_ci DEFAULT NULL,
  `description` varchar(255) COLLATE utf8_unicode_ci DEFAULT NULL,
  `created_at` timestamp NULL DEFAULT NULL,
  `updated_at` timestamp NULL DEFAULT NULL,
  PRIMARY KEY (`id`),
  UNIQUE KEY `permissions_name_unique` (`name`)
) ENGINE=InnoDB  DEFAULT CHARSET=utf8 COLLATE=utf8_unicode_ci ROW_FORMAT=DYNAMIC AUTO_INCREMENT=17 ;

--
-- Dumping data for table `permissions`
--

INSERT INTO `permissions` (`id`, `name`, `display_name`, `description`, `created_at`, `updated_at`) VALUES
(1, 'facility-info', 'بيانات المنشأة', NULL, '2016-07-30 21:36:53', '2016-07-30 21:36:53'),
(2, 'employees-permissions', 'صلاحيات الموظفين', NULL, '2016-07-30 21:36:53', '2016-07-30 21:36:53'),
(3, 'deposit-withdraw', 'وارد و منصرف', NULL, '2016-07-30 21:36:53', '2016-07-30 21:36:53'),
(4, 'new-process-client', 'عملية جديدة عميل', NULL, '2016-07-30 21:36:53', '2016-07-30 21:36:53'),
(5, 'new-process-supplier', 'عملية جديدة مورد', NULL, '2016-07-30 21:36:53', '2016-07-30 21:36:53'),
(6, 'new-client', 'عميل جديد', NULL, '2016-07-30 21:36:53', '2016-07-30 21:36:53'),
(7, 'new-supplier', 'مورد جديد', NULL, '2016-07-30 21:36:53', '2016-07-30 21:36:53'),
(8, 'new-outgoing', 'مصروف جديد', NULL, '2016-07-30 21:36:53', '2016-07-30 21:36:53'),
(9, 'attendance', 'حضور وانصراف', NULL, '2016-07-30 21:36:53', '2016-07-30 21:36:53'),
(10, 'query-client', 'استعلام عميل', NULL, '2016-07-30 21:36:53', '2016-07-30 21:36:53'),
(11, 'query-supplier', 'استعلام مورد', NULL, '2016-07-30 21:36:53', '2016-07-30 21:36:53'),
(12, 'query-cost-center', 'استعلام مركز تكلفة', NULL, '2016-07-30 21:36:53', '2016-07-30 21:36:53'),
(13, 'query-invoice', 'استعلام عن فاتورة', NULL, '2016-07-30 21:36:53', '2016-07-30 21:36:53'),
(14, 'database', 'قاعدة بيانات', NULL, '2016-07-30 21:36:53', '2016-07-30 21:36:53'),
(15, 'deposit-withdraw-edit', 'تعديل وارد و منصرف', NULL, NULL, NULL),
(16, 'attendance-edit', 'تعديل حضور و انصراف الموظفين', NULL, NULL, NULL);

-- --------------------------------------------------------

--
-- Table structure for table `permission_role`
--

DROP TABLE IF EXISTS `permission_role`;
CREATE TABLE IF NOT EXISTS `permission_role` (
  `permission_id` int(10) unsigned NOT NULL,
  `role_id` int(10) unsigned NOT NULL,
  PRIMARY KEY (`permission_id`,`role_id`),
  KEY `permission_role_role_id_foreign` (`role_id`)
) ENGINE=InnoDB DEFAULT CHARSET=utf8 COLLATE=utf8_unicode_ci ROW_FORMAT=DYNAMIC;

--
-- Dumping data for table `permission_role`
--

INSERT INTO `permission_role` (`permission_id`, `role_id`) VALUES
(1, 1),
(2, 1),
(3, 1),
(4, 1),
(5, 1),
(6, 1),
(7, 1),
(8, 1),
(9, 1),
(10, 1),
(11, 1),
(12, 1),
(13, 1),
(14, 1),
(15, 1),
(16, 1),
(2, 2),
(3, 2),
(4, 2),
(5, 2),
(6, 2),
(7, 2),
(8, 2),
(9, 2),
(10, 2),
(11, 2),
(12, 2),
(13, 2),
(14, 2),
(15, 2),
(16, 2);

-- --------------------------------------------------------

--
-- Table structure for table `phones`
--

DROP TABLE IF EXISTS `phones`;
CREATE TABLE IF NOT EXISTS `phones` (
  `id` int(10) unsigned NOT NULL AUTO_INCREMENT,
  `facility_id` int(10) unsigned NOT NULL,
  `type` enum('hotline','fax','landline','mobile') COLLATE utf8_unicode_ci NOT NULL,
  `created_at` timestamp NULL DEFAULT NULL,
  `updated_at` timestamp NULL DEFAULT NULL,
  PRIMARY KEY (`id`),
  KEY `phones_facility_id_index` (`facility_id`)
) ENGINE=InnoDB DEFAULT CHARSET=utf8 COLLATE=utf8_unicode_ci ROW_FORMAT=DYNAMIC AUTO_INCREMENT=1 ;

-- --------------------------------------------------------

--
-- Table structure for table `raw_material`
--

DROP TABLE IF EXISTS `raw_material`;
CREATE TABLE IF NOT EXISTS `raw_material` (
  `id` int(10) unsigned NOT NULL AUTO_INCREMENT,
  `fs_id` int(10) unsigned NOT NULL,
  `name` varchar(255) COLLATE utf8_unicode_ci NOT NULL,
  `quantity` int(11) NOT NULL,
  `price` int(11) NOT NULL,
  PRIMARY KEY (`id`),
  KEY `raw_material_fs_id_foreign` (`fs_id`)
) ENGINE=InnoDB DEFAULT CHARSET=utf8 COLLATE=utf8_unicode_ci ROW_FORMAT=DYNAMIC AUTO_INCREMENT=1 ;

-- --------------------------------------------------------

--
-- Table structure for table `roles`
--

DROP TABLE IF EXISTS `roles`;
CREATE TABLE IF NOT EXISTS `roles` (
  `id` int(10) unsigned NOT NULL AUTO_INCREMENT,
  `name` varchar(255) COLLATE utf8_unicode_ci NOT NULL,
  `display_name` varchar(255) COLLATE utf8_unicode_ci DEFAULT NULL,
  `description` varchar(255) COLLATE utf8_unicode_ci DEFAULT NULL,
  `created_at` timestamp NULL DEFAULT NULL,
  `updated_at` timestamp NULL DEFAULT NULL,
  PRIMARY KEY (`id`),
  UNIQUE KEY `roles_name_unique` (`name`)
) ENGINE=InnoDB  DEFAULT CHARSET=utf8 COLLATE=utf8_unicode_ci ROW_FORMAT=DYNAMIC AUTO_INCREMENT=14 ;

--
-- Dumping data for table `roles`
--

INSERT INTO `roles` (`id`, `name`, `display_name`, `description`, `created_at`, `updated_at`) VALUES
(1, 'admin', 'Administrator', NULL, '2016-07-30 21:36:53', '2016-07-30 21:36:53'),
(2, 'role_2', NULL, NULL, '2016-11-29 13:54:30', '2016-11-29 13:54:30'),
(8, 'role_3', NULL, NULL, '2017-02-28 07:41:29', '2017-02-28 07:41:29'),
(9, 'role_4', NULL, NULL, '2017-02-28 11:17:08', '2017-02-28 11:17:08'),
(10, 'role_5', NULL, NULL, '2017-02-28 11:21:23', '2017-02-28 11:21:23'),
(11, 'role_6', NULL, NULL, '2017-02-28 11:24:38', '2017-02-28 11:24:38'),
(12, 'role_7', NULL, NULL, '2017-02-28 11:29:58', '2017-02-28 11:29:58'),
(13, 'role_8', NULL, NULL, '2017-03-04 08:39:03', '2017-03-04 08:39:03');

-- --------------------------------------------------------

--
-- Table structure for table `role_user`
--

DROP TABLE IF EXISTS `role_user`;
CREATE TABLE IF NOT EXISTS `role_user` (
  `user_id` int(10) unsigned NOT NULL,
  `role_id` int(10) unsigned NOT NULL,
  PRIMARY KEY (`user_id`,`role_id`),
  KEY `role_user_role_id_foreign` (`role_id`)
) ENGINE=InnoDB DEFAULT CHARSET=utf8 COLLATE=utf8_unicode_ci ROW_FORMAT=DYNAMIC;

--
-- Dumping data for table `role_user`
--

INSERT INTO `role_user` (`user_id`, `role_id`) VALUES
(1, 1),
(3, 2),
(9, 8),
(10, 9),
(11, 10),
(12, 11),
(13, 12),
(14, 13);

-- --------------------------------------------------------

--
-- Table structure for table `suppliers`
--

DROP TABLE IF EXISTS `suppliers`;
CREATE TABLE IF NOT EXISTS `suppliers` (
  `id` int(10) unsigned NOT NULL AUTO_INCREMENT,
  `name` varchar(255) COLLATE utf8_unicode_ci NOT NULL,
  `address` varchar(255) COLLATE utf8_unicode_ci NOT NULL,
  `telephone` varchar(255) COLLATE utf8_unicode_ci DEFAULT NULL,
  `mobile` varchar(255) COLLATE utf8_unicode_ci NOT NULL,
  `debit_limit` varchar(255) COLLATE utf8_unicode_ci NOT NULL,
  `created_at` timestamp NULL DEFAULT NULL,
  `updated_at` timestamp NULL DEFAULT NULL,
  `deleted_at` timestamp NULL DEFAULT NULL,
  PRIMARY KEY (`id`)
) ENGINE=InnoDB  DEFAULT CHARSET=utf8 COLLATE=utf8_unicode_ci ROW_FORMAT=DYNAMIC AUTO_INCREMENT=2 ;

--
-- Dumping data for table `suppliers`
--

INSERT INTO `suppliers` (`id`, `name`, `address`, `telephone`, `mobile`, `debit_limit`, `created_at`, `updated_at`, `deleted_at`) VALUES
(1, 'احمد الدندشلى', 'المطرية', '24934917', '01210013342', '100000', '2017-03-07 15:46:10', '2017-03-07 15:46:10', NULL);

-- --------------------------------------------------------

--
-- Table structure for table `supplier_processes`
--

DROP TABLE IF EXISTS `supplier_processes`;
CREATE TABLE IF NOT EXISTS `supplier_processes` (
  `id` int(10) unsigned NOT NULL AUTO_INCREMENT,
  `name` varchar(255) COLLATE utf8_unicode_ci DEFAULT NULL,
  `client_process_id` int(10) NOT NULL,
  `supplier_id` int(10) unsigned NOT NULL,
  `employee_id` int(10) unsigned NOT NULL,
  `status` enum('active','temporary_closed','closed') COLLATE utf8_unicode_ci NOT NULL,
  `notes` varchar(255) COLLATE utf8_unicode_ci DEFAULT NULL,
  `has_discount` tinyint(1) DEFAULT NULL,
  `discount_percentage` decimal(11,3) DEFAULT NULL,
  `discount_value` decimal(11,3) DEFAULT NULL,
  `discount_reason` varchar(255) COLLATE utf8_unicode_ci DEFAULT NULL,
  `require_invoice` tinyint(1) NOT NULL,
  `taxes_value` decimal(11,3) DEFAULT NULL,
  `total_price_taxes` decimal(11,3) DEFAULT NULL,
  `total_price` decimal(11,3) NOT NULL,
  `deleted_at` timestamp NULL DEFAULT NULL,
  `updated_at` timestamp NULL DEFAULT NULL,
  `created_at` timestamp NULL DEFAULT NULL,
  PRIMARY KEY (`id`),
  KEY `supplier_processes_supplier_id_index` (`supplier_id`),
  KEY `supplier_processes_employee_id_index` (`employee_id`)
) ENGINE=InnoDB  DEFAULT CHARSET=utf8 COLLATE=utf8_unicode_ci ROW_FORMAT=DYNAMIC AUTO_INCREMENT=2 ;

--
-- Dumping data for table `supplier_processes`
--

INSERT INTO `supplier_processes` (`id`, `name`, `client_process_id`, `supplier_id`, `employee_id`, `status`, `notes`, `has_discount`, `discount_percentage`, `discount_value`, `discount_reason`, `require_invoice`, `taxes_value`, `total_price_taxes`, `total_price`, `deleted_at`, `updated_at`, `created_at`) VALUES
(1, 'ورانج المرغنى', 3, 1, 3, 'active', 'لايوجد', 0, NULL, NULL, NULL, 0, '0.000', '19200.000', '19200.000', NULL, '2017-03-07 15:48:23', '2017-03-07 15:48:23');

-- --------------------------------------------------------

--
-- Table structure for table `supplier_process_items`
--

DROP TABLE IF EXISTS `supplier_process_items`;
CREATE TABLE IF NOT EXISTS `supplier_process_items` (
  `id` int(10) unsigned NOT NULL AUTO_INCREMENT,
  `process_id` int(10) unsigned NOT NULL,
  `description` varchar(255) COLLATE utf8_unicode_ci NOT NULL,
  `quantity` int(10) unsigned NOT NULL,
  `unit_price` decimal(11,3) unsigned NOT NULL,
  `deleted_at` timestamp NULL DEFAULT NULL,
  `created_at` timestamp NULL DEFAULT NULL,
  `updated_at` timestamp NULL DEFAULT NULL,
  PRIMARY KEY (`id`),
  KEY `supplier_process_items_process_id_index` (`process_id`)
) ENGINE=InnoDB  DEFAULT CHARSET=utf8 COLLATE=utf8_unicode_ci ROW_FORMAT=DYNAMIC AUTO_INCREMENT=2 ;

--
-- Dumping data for table `supplier_process_items`
--

INSERT INTO `supplier_process_items` (`id`, `process_id`, `description`, `quantity`, `unit_price`, `deleted_at`, `created_at`, `updated_at`) VALUES
(1, 1, 'عدد 15 لوح ديبوند مقاس 1.25*3.2', 15, '1280.00', NULL, '2017-03-07 15:48:23', '2017-03-07 15:48:23');

-- --------------------------------------------------------

--
-- Table structure for table `test_timers`
--

DROP TABLE IF EXISTS `test_timers`;
CREATE TABLE IF NOT EXISTS `test_timers` (
  `id` int(11) NOT NULL AUTO_INCREMENT,
  `name` varchar(255) DEFAULT NULL,
  PRIMARY KEY (`id`)
) ENGINE=InnoDB DEFAULT CHARSET=utf8 ROW_FORMAT=DYNAMIC AUTO_INCREMENT=1 ;

-- --------------------------------------------------------

--
-- Table structure for table `users`
--

DROP TABLE IF EXISTS `users`;
CREATE TABLE IF NOT EXISTS `users` (
  `id` int(10) unsigned NOT NULL AUTO_INCREMENT,
  `name` varchar(255) COLLATE utf8_unicode_ci DEFAULT NULL,
  `username` varchar(255) COLLATE utf8_unicode_ci NOT NULL,
  `email` varchar(255) COLLATE utf8_unicode_ci DEFAULT NULL,
  `employee_id` int(11) unsigned DEFAULT NULL,
  `password` varchar(255) COLLATE utf8_unicode_ci NOT NULL,
  `remember_token` varchar(100) COLLATE utf8_unicode_ci DEFAULT NULL,
  `created_at` timestamp NULL DEFAULT NULL,
  `updated_at` timestamp NULL DEFAULT NULL,
  PRIMARY KEY (`id`),
  UNIQUE KEY `users_username_unique` (`username`),
  KEY `employee_id` (`employee_id`),
  KEY `employee_id_2` (`employee_id`)
) ENGINE=InnoDB  DEFAULT CHARSET=utf8 COLLATE=utf8_unicode_ci ROW_FORMAT=DYNAMIC AUTO_INCREMENT=15 ;

--
-- Dumping data for table `users`
--

INSERT INTO `users` (`id`, `name`, `username`, `email`, `employee_id`, `password`, `remember_token`, `created_at`, `updated_at`) VALUES
(1, 'beshoy', 'beshoy', 'info@b2b-adv.com', 1, '$2y$10$H1kgkb1p2GbsLAd6RMW4Vujs7hbHVW76EIspIT/EAXNDabzznaknm', 'b3c2kgjNR1GArisJdmehvuEhfHd6AKROJgtWsL6QephS91zd8owIoDx5OJJw', NULL, '2017-01-21 12:59:43'),
(2, 'Admin', 'admin', 'info@b2b-adv.com', NULL, '$2y$10$H1kgkb1p2GbsLAd6RMW4Vujs7hbHVW76EIspIT/EAXNDabzznaknm', 'lqEe6uUA8SUMEg4WgvGLGffHdyoQgYBDrUV6Gt77yhkXX1t6e02FgRmjDKW9', NULL, '2016-11-12 19:58:51'),
(3, NULL, 'hanab2b', NULL, 2, '$2y$10$Imdclc6yIPxPpRhjOnXTWeGDZgVfnadsgdC.BydbiCujw72.lF35u', 'Mzbg4ME32CRJJcTZThKnP4wdojVMAK5j5AyTv10T2lWKxXcD1Q9f0QZ6ZGvk', '2017-02-27 20:07:42', '2017-02-28 05:35:52'),
(9, NULL, 'احمد', NULL, 3, '$2y$10$4p60Cw0u3lupfdi8PbGKHe.WrGxcTWzsPXn3SMATUQRYLF0yjlLUe', NULL, '2017-02-28 07:41:29', '2017-02-28 07:41:29'),
(10, NULL, 'ياسر', NULL, 4, '$2y$10$Y/Ul2cDN8TQYzP7Ku/rCPOujRhuDyK.qTupSoAHj.vDZv4xBscPvO', NULL, '2017-02-28 11:17:08', '2017-02-28 11:17:08'),
(11, NULL, 'جرجس', NULL, 5, '$2y$10$a/UexZtUn8.aFCsOr7uD8eKTQRi9OspF/yvDONVkh/0MBiGX/vQb6', NULL, '2017-02-28 11:21:23', '2017-02-28 11:21:23'),
(12, NULL, 'عمر', NULL, 6, '$2y$10$IMDDfYSAqDjU4u.g04bPa.FMUFnp.Ypaw/dI/AIZR9qu8aN1QcW.S', NULL, '2017-02-28 11:24:38', '2017-02-28 11:24:38'),
(13, NULL, 'عماد', NULL, 7, '$2y$10$pvzJN.bT9m8B9KlCeVEAke.YOA9OINQAmc91czfH48vswN.g6TkVi', NULL, '2017-02-28 11:29:58', '2017-02-28 11:29:58'),
(14, NULL, 'امير', NULL, 8, '$2y$10$fFPkXmbCKTMXsxKelmUosOfkwLMUx/9I9b.VeYKbX.aqeuTNZ0D9u', NULL, '2017-03-04 08:39:02', '2017-03-04 08:39:02');

-- --------------------------------------------------------

--
-- Table structure for table `users_copy`
--

DROP TABLE IF EXISTS `users_copy`;
CREATE TABLE IF NOT EXISTS `users_copy` (
  `id` int(10) unsigned NOT NULL AUTO_INCREMENT,
  `username` varchar(255) COLLATE utf8_unicode_ci NOT NULL,
  `email` varchar(255) COLLATE utf8_unicode_ci DEFAULT NULL,
  `password` varchar(255) COLLATE utf8_unicode_ci NOT NULL,
  `remember_token` varchar(100) COLLATE utf8_unicode_ci DEFAULT NULL,
  `created_at` timestamp NULL DEFAULT NULL,
  `updated_at` timestamp NULL DEFAULT NULL,
  PRIMARY KEY (`id`),
  UNIQUE KEY `users_username_unique` (`username`)
) ENGINE=InnoDB DEFAULT CHARSET=utf8 COLLATE=utf8_unicode_ci AUTO_INCREMENT=1 ;

-- --------------------------------------------------------

--
-- Table structure for table `work_force`
--

DROP TABLE IF EXISTS `work_force`;
CREATE TABLE IF NOT EXISTS `work_force` (
  `id` int(10) unsigned NOT NULL AUTO_INCREMENT,
  `fs_id` int(10) unsigned NOT NULL,
  `name` varchar(255) COLLATE utf8_unicode_ci NOT NULL,
  `time` int(11) NOT NULL,
  `cost` int(11) NOT NULL,
  PRIMARY KEY (`id`),
  KEY `work_force_fs_id_foreign` (`fs_id`)
) ENGINE=InnoDB DEFAULT CHARSET=utf8 COLLATE=utf8_unicode_ci ROW_FORMAT=DYNAMIC AUTO_INCREMENT=1 ;

--
-- Constraints for dumped tables
--

--
-- Constraints for table `permission_role`
--
ALTER TABLE `permission_role`
  ADD CONSTRAINT `permission_role_permission_id_foreign` FOREIGN KEY (`permission_id`) REFERENCES `permissions` (`id`) ON DELETE CASCADE ON UPDATE CASCADE,
  ADD CONSTRAINT `permission_role_role_id_foreign` FOREIGN KEY (`role_id`) REFERENCES `roles` (`id`) ON DELETE CASCADE ON UPDATE CASCADE;

--
-- Constraints for table `role_user`
--
ALTER TABLE `role_user`
  ADD CONSTRAINT `role_user_role_id_foreign` FOREIGN KEY (`role_id`) REFERENCES `roles` (`id`) ON DELETE CASCADE ON UPDATE CASCADE,
  ADD CONSTRAINT `role_user_user_id_foreign` FOREIGN KEY (`user_id`) REFERENCES `users` (`id`) ON DELETE CASCADE ON UPDATE CASCADE;

--
-- Constraints for table `work_force`
--
ALTER TABLE `work_force`
  ADD CONSTRAINT `work_force_fs_id_foreign` FOREIGN KEY (`fs_id`) REFERENCES `feasibility_study` (`id`) ON DELETE CASCADE;

SET FOREIGN_KEY_CHECKS = 1;
/*!40101 SET CHARACTER_SET_CLIENT=@OLD_CHARACTER_SET_CLIENT */;
/*!40101 SET CHARACTER_SET_RESULTS=@OLD_CHARACTER_SET_RESULTS */;
/*!40101 SET COLLATION_CONNECTION=@OLD_COLLATION_CONNECTION */;
